id;code_interne;description_originale;lien_href;description_h2;ean;brand_score;desc_score;date_recherche
10;18776;Taboulé  Priméal 300g;https://www.etiketbio.eu/melanges-prparations/20024-primeal-taboule-au-chanvre-300g-3380380092213.html;Taboule au chanvre 300g;3380380092213;;349;2026-08-12 12:54:13
11;18776;Taboulé  Priméal 300g;https://www.etiketbio.eu/couscous-bio/20681-primeal-taboule-oriental-300g-3380380092664.html;Taboule oriental 300g;3380380092664;;585;2026-08-12 12:54:13
12;18776;Taboulé  Priméal 300g;https://www.etiketbio.eu/couscous-bio/20682-primeal-taboule-thai-300g-3380380092671.html;Taboule thai 300g;3380380092671;;432;2026-08-12 12:54:14
13;18776;Taboulé  Priméal 300g;https://www.etiketbio.eu/couscous-bio/8034-primeal-taboule-300g-3380380062070.html;Taboule 300g;3380380062070;;500;2026-08-12 12:54:14
19;22161;Couscous épeautre Priméal 500g;https://www.etiketbio.eu/couscous-bio/8181-primeal-couscous-quinoa-epeautre-500g-3380390000338.html;Couscous  epeautre 500g;3380390000338;;635;2026-08-12 12:54:36
20;22161;Couscous épeautre Priméal 500g;https://www.etiketbio.eu/boulgour-bio/20019-primeal-boulgour-de-petit-epeautre-de-haute-provence-500g-3380380055393.html;Boulgour de petit epeautre de haute provence 500g;3380380055393;;139;2026-08-12 12:54:36
25;1571;Quinoa Real Priméal 500g;https://www.etiketbio.eu/quinoa-bio/8313-primeal-quinoa-real-blanc-500g-3380390410403.html;Quinoa Real blanc Priméal 500g;3380390410403;;711;2026-08-12 12:55:14
26;1571;Quinoa Real Priméal 500g;https://www.etiketbio.eu/quinoa-bio/7882-primeal-quinoa-real-rouge-500g-3380380000003.html;Quinoa Real rouge Priméal 500g;3380380000003;;711;2026-08-12 12:55:14
27;1571;Quinoa Real Priméal 500g;https://www.etiketbio.eu/quinoa-bio/8147-primeal-quinoa-real-noir-500g-3380380076459.html;Quinoa Real noir Priméal 500g;3380380076459;;725;2026-08-12 12:55:14
28;1571;Quinoa Real Priméal 500g;https://www.etiketbio.eu/quinoa-bio/7960-primeal-trio-de-quinoa-500g-3380380053269.html;Trio de quinoa bio Priméal 500g;3380380053269;;382;2026-08-12 12:55:14
29;1571;Quinoa Real Priméal 500g;https://www.etiketbio.eu/quinoa-bio/8041-primeal-duo-de-quinoa-500g-3380380063251.html;Duo de quinoa bio Priméal 500g;3380380063251;;352;2026-08-12 12:55:15
30;1571;Quinoa Real Priméal 500g;https://www.etiketbio.eu/farines-autres/8239-primeal-farine-de-quinoa-500g-3380390131407.html;Farine de Quinoa Bio Priméal 500g;3380390131407;;333;2026-08-12 12:55:15
31;1571;Quinoa Real Priméal 500g;https://www.etiketbio.eu/specialites/12844-primeal-coudes-ble-et-quinoa-tomate-500g-3380380000522.html;Tortils quinoa tomate bio 500g – Priméal;3380380000522;;355;2026-08-12 12:55:15
32;1571;Quinoa Real Priméal 500g;https://www.etiketbio.eu/specialites/8256-primeal-spirales-ble-3-couleurs-au-quinoa-500g-3380390175524.html;Spirales 3 couleurs quinoa bio 500g Priméal;3380390175524;;294;2026-08-12 12:55:15
33;1571;Quinoa Real Priméal 500g;https://www.etiketbio.eu/specialites/12072-primeal-spaghettis-ble-et-quinoa-curry-500g-3380390155007.html;Spaghettis blé quinoa curry bio 500g Priméal;3380390155007;;265;2026-08-12 12:55:15
34;1571;Quinoa Real Priméal 500g;https://www.etiketbio.eu/quinoa-bio/7895-primeal-quinori-500g-3380380021671.html;Quinori bio Priméal 500g;3380380021671;;396;2026-08-12 12:55:15
35;1571;Quinoa Real Priméal 500g;https://www.etiketbio.eu/specialites/12397-primeal-codini-ble-et-quinoa-gout-provencal-500g-3380390175517.html;Codini ble et quinoa gout provencal 500g;3380390175517;;152;2026-08-12 12:55:15
36;1571;Quinoa Real Priméal 500g;https://www.etiketbio.eu/specialites/8257-primeal-spaghettis-ble-et-quinoa-ail-et-persil-500g-3380390175531.html;Spaghettis ble et quinoa, ail et persil 500g;3380390175531;;134;2026-08-12 12:55:15
37;1571;Quinoa Real Priméal 500g;https://www.etiketbio.eu/specialites/16104-primeal-spaghettis-ble-et-quinoa-tomate-500g-3380380051067.html;Spaghettis ble et quinoa tomate 500g;3380380051067;;178;2026-08-12 12:55:16
39;112202;Couscous blanc Priméal 500g;https://www.etiketbio.eu/semoule-de-ble-dur-bio/27516-semoule-ble-blanc-fine-500g-3380380110146.html;Semoule ble blanc fine 500g;3380380110146;;222;2026-08-12 12:55:52
40;112202;Couscous blanc Priméal 500g;https://www.etiketbio.eu/semoule-de-ble-dur-bio/27517-semoule-ble-blanc-grosse-500g-3380380110153.html;Semoule ble blanc grosse 500g;3380380110153;;243;2026-08-12 12:55:53
41;112202;Couscous blanc Priméal 500g;https://www.etiketbio.eu/couscous-bio/8227-primeal-couscous-blanc-500g-3380390100519.html;Couscous blanc 500g;3380390100519;;620;2026-08-12 12:55:53
48;123011;Couscous fin Priméal 500g;https://www.etiketbio.eu/semoule-de-ble-dur-bio/27516-semoule-ble-blanc-fine-500g-3380380110146.html;Semoule ble blanc fine 500g;3380380110146;;100;2026-08-12 12:56:48
49;123011;Couscous fin Priméal 500g;https://www.etiketbio.eu/boulgour-bio/19492-primeal-boulgour-fin-500g-3380390104401.html;Boulgour fin 500g;3380390104401;;310;2026-08-12 12:56:48
50;123011;Couscous fin Priméal 500g;https://www.etiketbio.eu/boulgour-bio/20019-primeal-boulgour-de-petit-epeautre-de-haute-provence-500g-3380380055393.html;Boulgour de petit epeautre de haute provence 500g;3380380055393;;51;2026-08-12 12:56:48
51;123011;Couscous fin Priméal 500g;https://www.etiketbio.eu/semoule-de-ble-dur-bio/8229-primeal-semoule-de-ble-dur-fine-complete-500g-3380390108409.html;Semoule de ble dur fine complete 500g;3380390108409;;69;2026-08-12 12:56:48
56;22833;Graines de lin brun Priméal 250g;https://www.etiketbio.eu/graines-de-lin-bio/25880-primeal-graine-de-lin-brun-france-250g-3380380062964.html;Graine de lin brun france 250g;3380380062964;;495;2026-08-12 12:58:00
57;22833;Graines de lin brun Priméal 250g;https://www.etiketbio.eu/graines-de-lin-bio/22023-primeal-graines-de-lin-brun-250g-3380390223508.html;Graines de lin brun 250g;3380390223508;;714;2026-08-12 12:58:01
60;121184;Lentilles corail Priméal 500g;https://www.etiketbio.eu/lentilles-bio/22790-primeal-lentilles-corail-500g-3380390202404.html;Lentilles corail bio Priméal 500g;3380390202404;;748;2026-08-12 12:58:40
61;121184;Lentilles corail Priméal 500g;https://www.etiketbio.eu/lentilles-bio/8077-primeal-lentilles-pois-500g-3380380070877.html;Lentilles & pois bio Priméal 500g;3380380070877;;480;2026-08-12 12:58:40
62;121185;Lentilles vertes Priméal 1kg;https://www.etiketbio.eu/lentilles-bio/8280-primeal-lentilles-vertes-france-1kg-3380390200301.html;Lentilles vertes bio Priméal 1kg;3380390200301;;747;2026-08-12 12:58:45
63;121185;Lentilles vertes Priméal 1kg;https://www.etiketbio.eu/lentilles-bio/28720-lentilles-vertes-france-1kg-3380380200304.html;Lentilles vertes france 1kg;3380380200304;;545;2026-08-12 12:58:45
64;121186;Lentilles vertes Priméal 500g;https://www.etiketbio.eu/lentilles-bio/20685-primeal-lentilles-vertes-france-500g-3380390200400.html;Lentilles vertes bio Priméal 500g;3380390200400;;748;2026-08-12 12:58:51
65;121186;Lentilles vertes Priméal 500g;https://www.etiketbio.eu/lentilles-bio/8077-primeal-lentilles-pois-500g-3380380070877.html;Lentilles & pois bio Priméal 500g;3380380070877;;440;2026-08-12 12:58:51
66;121186;Lentilles vertes Priméal 500g;https://www.etiketbio.eu/lentilles-bio/7924-primeal-trio-de-lentilles-500g-3380380037283.html;Trio de lentilles bio 500g - Priméal;3380380037283;;381;2026-08-12 12:58:51
67;121186;Lentilles vertes Priméal 500g;https://www.etiketbio.eu/melanges-prparations/17256-primeal-mescia-de-petit-epeautre-de-haute-provence-500g-3380380037108.html;Mescia de petit epeautre de haute provence 500g;3380380037108;;56;2026-08-12 12:58:51
75;27031;Perles blanches Priméal 500g;https://www.etiketbio.eu/specialites/8111-primeal-perles-blanches-500g-3380380073212.html;Perles blanches bio 500g Priméal - Pâtes de blé;3380380073212;;384;2026-08-12 13:00:08
76;27031;Perles blanches Priméal 500g;https://www.etiketbio.eu/specialites/8110-primeal-duo-de-perles-500g-3380380073205.html;Duo de perles bio 500g Priméal - Pâtes bicolores;3380380073205;;253;2026-08-12 13:00:08
84;116282;Spirales complètes Priméal 500g;https://www.etiketbio.eu/pate-demi-complete/8266-primeal-spirales-1-2-completes-100-france-500g-3380390184403.html;Spirales demi-complètes bio 500g Priméal France;3380390184403;;454;2026-08-12 13:02:00
85;116282;Spirales complètes Priméal 500g;https://www.etiketbio.eu/specialites/19491-spirales-epeautre-complet-500g-3380390000352.html;Spirales épeautre complet bio 500g Priméal;3380390000352;;411;2026-08-12 13:02:00
87;39216;Coquillettes complètes Priméal 500g;https://www.etiketbio.eu/pate-complete/8263-primeal-coquillettes-completes-500g-3380390181488.html;Coquillettes complètes bio 500g Priméal France;3380390181488;;576;2026-08-12 13:02:44
88;39216;Coquillettes complètes Priméal 500g;https://www.etiketbio.eu/pate-demi-complete/8262-primeal-coquillettes-1-2-completes-100-france-500g-3380390181402.html;Coquillettes 1/2 complètes bio 500g Priméal France;3380390181402;;412;2026-08-12 13:02:45
97;35400;Haricots verts Priméal 185g;https://www.etiketbio.eu/haricots-verts-haricots-beurre-bio/7984-primeal-haricots-verts-demeter-340ml-3380380055751.html;Haricots verts Demeter 340g – Priméal;3380380055751;;465;2026-08-12 13:04:23
98;35400;Haricots verts Priméal 185g;https://www.etiketbio.eu/haricots-verts-haricots-beurre-bio/20705-primeal-haricots-verts-extra-fins-france-370ml-3380380090950.html;Haricots verts bio Priméal 370ml;3380380090950;;468;2026-08-12 13:04:23
108;27766;Velouté de légumes verts Priméal 1l;https://www.etiketbio.eu/soupes-bio-pretes-a-deguster/16064-primeal-veloute-legumes-verts-33cl-3380380077760.html;Velouté légumes verts Priméal 33cl;3380380077760;;599;2026-08-12 13:07:05
109;27766;Velouté de légumes verts Priméal 1l;https://www.etiketbio.eu/soupes-bio-pretes-a-deguster/8091-primeal-veloute-de-legumes-verts-1l-3380380072291.html;Velouté légumes verts Priméal 1L;3380380072291;;796;2026-08-12 13:07:05
110;27766;Velouté de légumes verts Priméal 1l;https://www.etiketbio.eu/soupes-bio-pretes-a-deguster/25278-primeal-veloute-legumes-verts-sans-sel-ajoute-1l-3380380102820.html;Velouté légumes verts sans sel Priméal 1L;3380380102820;;602;2026-08-12 13:07:05
114;120597;Pâte pour Tom Yum Priméal 120g;https://www.etiketbio.eu/specialites/12844-primeal-coudes-ble-et-quinoa-tomate-500g-3380380000522.html;Tortils quinoa tomate bio 500g – Priméal;3380380000522;;83;2026-08-12 13:08:00
115;120597;Pâte pour Tom Yum Priméal 120g;https://www.etiketbio.eu/pate-demi-complete/24308-markal-papillons-1-2-complets-500g-3329489306159.html;Pâtes papillons 1/2 complètes bio Markal;3329489306159;;0;2026-08-12 13:08:00
123;121178;Couscous complet Priméal 500g;https://www.etiketbio.eu/couscous-bio/8181-primeal-couscous-quinoa-epeautre-500g-3380390000338.html;Couscous  epeautre 500g;3380390000338;;333;2026-08-12 13:12:54
124;121178;Couscous complet Priméal 500g;https://www.etiketbio.eu/couscous-bio/8067-primeal-couscous-1-2-complet-de-france-500g-3380380070457.html;Couscous 1/2 complet de france 500g;3380380070457;;321;2026-08-12 13:12:54
125;121178;Couscous complet Priméal 500g;https://www.etiketbio.eu/couscous-bio/8225-primeal-couscous-complet-500g-3380390100403.html;Couscous complet 500g;3380390100403;;630;2026-08-12 13:12:54
126;121178;Couscous complet Priméal 500g;https://www.etiketbio.eu/semoule-de-ble-dur-bio/8229-primeal-semoule-de-ble-dur-fine-complete-500g-3380390108409.html;Semoule de ble dur fine complete 500g;3380390108409;;78;2026-08-12 13:12:54
127;121178;Couscous complet Priméal 500g;https://www.etiketbio.eu/polenta-et-semoule-de-mais-bio/8230-primeal-semoule-de-mais-complete-500g-3380390110402.html;Semoule de mais complete 500g;3380390110402;;117;2026-08-12 13:12:55
128;121178;Couscous complet Priméal 500g;https://www.etiketbio.eu/boulgour-bio/19492-primeal-boulgour-fin-500g-3380390104401.html;Boulgour fin 500g;3380390104401;;120;2026-08-12 13:12:55
131;116032;Spaghetti complet Priméal 500g;https://www.etiketbio.eu/specialites/8252-primeal-spaghettis-epeautre-complet-500g-3380390166805.html;Spaghettis épeautre complet bio 500g Priméal;3380390166805;;405;2026-08-12 13:13:16
132;116032;Spaghetti complet Priméal 500g;https://www.etiketbio.eu/pate-demi-complete/8259-primeal-spaghettis-1-2-completes-500g-3380390180405.html;Spaghettis demi-complets bio 500g Priméal France;3380390180405;;220;2026-08-12 13:13:16
133;116032;Spaghetti complet Priméal 500g;https://www.etiketbio.eu/pate-complete/19497-primeal-spaghettis-complets-500g-3380390180481.html;Spaghettis complets bio 500g Priméal;3380390180481;;364;2026-08-12 13:13:17
134;8506;Riz rond complet Priméal 1kg;https://www.etiketbio.eu/riz-de-camargue-bio/7970-primeal-riz-de-camargue-rond-1-2-complet-1kg-3380380055188.html;Riz Camargue rond demi-complet IGP bio Priméal 1kg;3380380055188;;399;2026-08-12 13:13:22
135;8506;Riz rond complet Priméal 1kg;https://www.etiketbio.eu/riz-de-camargue-bio/8197-primeal-riz-de-camargue-rond-complet-igp-1kg-3380390014304.html;Riz de Camargue rond complet bio Priméal 1kg;3380390014304;;486;2026-08-12 13:13:22
136;8510;Riz long complet Priméal 1kg;https://www.etiketbio.eu/riz-de-camargue-bio/14028-primeal-riz-de-camargue-long-1-2-complet-1kg-3380380055096.html;Riz Camargue long demi-complet IGP bio Priméal 1kg;3380380055096;;399;2026-08-12 13:13:28
137;8510;Riz long complet Priméal 1kg;https://www.etiketbio.eu/riz-de-camargue-bio/8190-primeal-riz-de-camargue-long-complet-1kg-3380390004305.html;Riz Camargue long complet IGP bio Priméal 1kg;3380390004305;;479;2026-08-12 13:13:28
138;8510;Riz long complet Priméal 1kg;https://www.etiketbio.eu/riz-basmati-bio/19289-primeal-riz-basmati-complet-1kg-3380390016308.html;Riz basmati complet bio Priméal 1kg – Inde;3380390016308;;420;2026-08-12 13:13:28
139;8516;Riz long blanc Priméal 1kg;https://www.etiketbio.eu/riz-long/20703-primeal-riz-long-blanc-1kg-3380390007306.html;Riz long blanc bio Priméal 1kg – Italie;3380390007306;;590;2026-08-12 13:13:33
140;8516;Riz long blanc Priméal 1kg;https://www.etiketbio.eu/riz-de-camargue-bio/19284-primeal-riz-de-camargue-long-blanc-igp-1kg-3380380055133.html;Riz Camargue long blanc IGP bio Priméal 1kg;3380380055133;;471;2026-08-12 13:13:33
145;8513;Riz de Camargue IGP long complet Priméal 500g;https://www.etiketbio.eu/riz-de-camargue-bio/7966-primeal-riz-de-camargue-long-1-2-complet-igp-500g-3380380055089.html;Riz Camargue long demi-complet IGP Priméal 500g;3380380055089;;856;2026-08-12 13:14:17
146;8513;Riz de Camargue IGP long complet Priméal 500g;https://www.etiketbio.eu/riz-de-camargue-bio/8191-primeal-riz-de-camargue-long-complet-igp-500g-3380390004404.html;Riz Camargue long complet IGP bio Priméal 500g;3380390004404;;808;2026-08-12 13:14:17
147;8513;Riz de Camargue IGP long complet Priméal 500g;https://www.etiketbio.eu/riz-de-camargue-bio/8196-primeal-riz-de-camargue-rouge-500g-3380390010306.html;Riz de Camargue rouge IGP bio Priméal 500g;3380390010306;;552;2026-08-12 13:14:17
148;8513;Riz de Camargue IGP long complet Priméal 500g;https://www.etiketbio.eu/riz-de-camargue-bio/7996-primeal-trio-de-riz-de-camargue-igp-500g-3380380057113.html;Trio de riz de Camargue IGP bio Priméal 500g;3380380057113;;509;2026-08-12 13:14:17
150;90317;Riz basmati demi complet Priméal 500g;https://www.etiketbio.eu/riz-basmati-bio/23596-primeal-riz-basmati-1-2-complet-500g-3380380000348.html;Riz basmati demi-complet bio Priméal 500g;3380380000348;;813;2026-08-12 13:14:34
151;90317;Riz basmati demi complet Priméal 500g;https://www.etiketbio.eu/preparations-a-base-de-riz/12060-primeal-riz-melo-lentille-noisette-500g-3380380080227.html;Riz mélo lentille noisette bio Priméal 500g;3380380080227;;279;2026-08-12 13:14:34
152;115329;Riz de Camargue IGP long complet Priméal 1kg;https://www.etiketbio.eu/riz-de-camargue-bio/14028-primeal-riz-de-camargue-long-1-2-complet-1kg-3380380055096.html;Riz Camargue long demi-complet IGP bio Priméal 1kg;3380380055096;;728;2026-08-12 13:14:57
153;115329;Riz de Camargue IGP long complet Priméal 1kg;https://www.etiketbio.eu/riz-de-camargue-bio/8190-primeal-riz-de-camargue-long-complet-1kg-3380390004305.html;Riz Camargue long complet IGP bio Priméal 1kg;3380390004305;;806;2026-08-12 13:14:57
154;117509;Riz basmati complet Priméal 1kg;https://www.etiketbio.eu/riz-basmati-bio/19289-primeal-riz-basmati-complet-1kg-3380390016308.html;Riz basmati complet bio Priméal 1kg – Inde;3380390016308;;624;2026-08-12 13:15:02
155;117509;Riz basmati complet Priméal 1kg;https://www.etiketbio.eu/riz-basmati-bio/12018-primeal-riz-basmati-1-2-complet-1kg-3380380000560.html;Riz basmati 1/2 complet 1kg;3380380000560;;529;2026-08-12 13:15:02
156;121206;Riz de Camargue IGP rond blanc Priméal 1kg;https://www.etiketbio.eu/riz-de-camargue-bio/7971-riz-cacargue-rond-blanc-1kg-primeal-3380380055218.html;Riz rond blanc Camargue IGP bio Priméal 1kg;3380380055218;;803;2026-08-12 13:15:08
157;121206;Riz de Camargue IGP rond blanc Priméal 1kg;https://www.etiketbio.eu/riz-de-camargue-bio/7970-primeal-riz-de-camargue-rond-1-2-complet-1kg-3380380055188.html;Riz Camargue rond demi-complet IGP bio Priméal 1kg;3380380055188;;551;2026-08-12 13:15:08
161;25183;Bouillon de légumes sans sel Priméal x8 72g;https://www.etiketbio.eu/bouillon-de-legumes-bio/8083-primeal-bouillon-de-legumes-sans-sel-72g-3380380071706.html;Bouillon de legumes sans sel 72g;3380380071706;;640;2026-08-12 13:16:09
162;25183;Bouillon de légumes sans sel Priméal x8 72g;https://www.etiketbio.eu/bouillon-de-legumes-bio/8082-primeal-bouillon-de-legumes-72g-3380380071690.html;Bouillon de legumes 72g;3380380071690;;348;2026-08-12 13:16:09
163;1482;Gomasio Priméal 500g;https://www.etiketbio.eu/graines-de-sesame-bio/12076-primeal-sesame-complet-500g-3380390227506.html;Sésame complet bio Priméal 500g;3380390227506;;235;2026-08-12 13:16:21
164;1482;Gomasio Priméal 500g;https://www.etiketbio.eu/graines-de-sesame-bio/12077-primeal-sesame-complet-grille-500g-3380390228503.html;Sésame complet grillé bio Priméal 500g;3380390228503;;184;2026-08-12 13:16:21
165;1482;Gomasio Priméal 500g;https://www.etiketbio.eu/gomasio/16119-primeal-gomasio-sachet-500g-3380390255011.html;Gomasio sachet 500g;3380390255011;;479;2026-08-12 13:16:21
167;64624;Komu royal Priméal 50g;https://www.etiketbio.eu/algues/16109-primeal-kombu-royal-bio-50-g-3380380057564.html;Kombu royal Priméal 50g;3380380057564;;733;2026-08-12 13:16:59
168;64624;Komu royal Priméal 50g;https://www.etiketbio.eu/lentilles-bio/8287-primeal-lentillons-de-france-500g-3380390203807.html;Lentillons de France Priméal 500g;3380390203807;;95;2026-08-12 13:16:59
169;64624;Komu royal Priméal 50g;https://www.etiketbio.eu/algues/22836-marinoe-kombu-royal-feuilles-20g-3565840401204.html;Kombu royal feuilles Marinoë 20g;3565840401204;;126;2026-08-12 13:17:00
170;64624;Komu royal Priméal 50g;https://www.etiketbio.eu/cafe-moulu/9605-cafe-michel-cafe-congo-kivu-moulu-250g-3483981001803.html;Café Congo Kivu moulu Café Michel 250g;3483981001803;;0;2026-08-12 13:17:00
171;64624;Komu royal Priméal 50g;https://www.etiketbio.eu/plats-prepares/7757-prosain-korma-de-legumes-350g-3335880004945.html;Korma de legumes 350g;3335880004945;;0;2026-08-12 13:17:00
172;64624;Komu royal Priméal 50g;https://www.etiketbio.eu/succedanes-de-cafe/30498-kofe-532-200g-3770019280270.html;Café de céréales Kofé 532 200g;3770019280270;;0;2026-08-12 13:17:00
173;64624;Komu royal Priméal 50g;https://www.etiketbio.eu/succedanes-de-cafe/30499-kofe-lupin-blanc-200g-3770019280300.html;Café de lupin blanc Kofé 200g;3770019280300;;0;2026-08-12 13:17:00
174;64624;Komu royal Priméal 50g;https://www.etiketbio.eu/gemmotherapie-bio/28921-gc-09-gem-immu-50ml-5425038960174.html;GEM - IMMU - Défenses Immunitaires - 50 ml Bio;5425038960174;;0;2026-08-12 13:17:00
175;64624;Komu royal Priméal 50g;https://www.etiketbio.eu/probiotique/28249-immu-biotiques-3700195679124.html;Immu biotiques;3700195679124;;0;2026-08-12 13:17:00
176;64624;Komu royal Priméal 50g;https://www.etiketbio.eu/combattre/28333-immu-flash-coup-de-froid-3700195680199.html;Immu flash coup de froid;3700195680199;;0;2026-08-12 13:17:00
177;64624;Komu royal Priméal 50g;https://www.etiketbio.eu/superaliments/29564-camu-camu-et-acerola-en-poudre-70g-5600872804055.html;Camu Camu & Acérola poudre 70 g Iswari;5600872804055;;0;2026-08-12 13:17:00
178;64624;Komu royal Priméal 50g;https://www.etiketbio.eu/succedanes-de-cafe/30497-kofe-petit-epeautre-200g-3770019280171.html;Café de petit épeautre Kofé 200g;3770019280171;;0;2026-08-12 13:17:01
179;64624;Komu royal Priméal 50g;https://www.etiketbio.eu/superfruits/11384-purasana-camu-camu-poudre-100g-5400706613170.html;Camu camu poudre 100g;5400706613170;;0;2026-08-12 13:17:01
180;64624;Komu royal Priméal 50g;https://www.etiketbio.eu/plats-prepares/12368-prosain-korma-de-legumes-680g-3335880006192.html;Korma de legumes 680g;3335880006192;;0;2026-08-12 13:17:01
181;64624;Komu royal Priméal 50g;https://www.etiketbio.eu/parfum-solide/29258-parfum-solide-au-beurre-de-kokum-monoi-vanille-20g-3760349310648.html;Parfum solide monoï vanillé 20g Comme Avant;3760349310648;;0;2026-08-12 13:17:01
182;64624;Komu royal Priméal 50g;https://www.etiketbio.eu/parfum-solide/29259-parfum-solide-au-beurre-de-kokum-vanille-jasmin-20g-3760349310655.html;Parfum solide vanille jasmin 20g Comme Avant;3760349310655;;0;2026-08-12 13:17:01
183;64624;Komu royal Priméal 50g;https://www.etiketbio.eu/soupes-lyophilisees/11452-lima-soupe-miso-gingembre-instantanee-4x15g-5411788043212.html;Soupe miso gingembre instantanée 4×15g bio – Lima;5411788043212;;0;2026-08-12 13:17:01
184;64624;Komu royal Priméal 50g;https://www.etiketbio.eu/vinaigres/25644-lima-mirin-vin-de-riz-doux-250ml-5411788049146.html;Mirin bio vin de riz doux 250ml Lima;5411788049146;;0;2026-08-12 13:17:01
185;64624;Komu royal Priméal 50g;https://www.etiketbio.eu/edulcorants/30216-amazake-de-riz-complet-380g-terra-sana-8713576275834.html;Amazake de riz complet bio 380g TerraSana;8713576275834;;0;2026-08-12 13:17:01
186;64624;Komu royal Priméal 50g;https://www.etiketbio.eu/parfum-solide/29276-parfum-solide-au-beurre-de-kokum-musc-bois-de-ho-3760349311270.html;Parfum solide musc bois de hô 20g Comme Avant;3760349311270;;0;2026-08-12 13:17:01
187;64624;Komu royal Priméal 50g;https://www.etiketbio.eu/parfum-solide/29275-parfum-solide-au-beurre-de-kokum-cedre-amande-cannelle-20g-3760349311263.html;Parfum solide cèdre amandé cannelle 20g;3760349311263;;0;2026-08-12 13:17:02
188;64624;Komu royal Priméal 50g;https://www.etiketbio.eu/parfum-solide/29274-parfum-solide-au-beurre-de-kokum-vetiver-poivre-encens-20g-3760349311256.html;Parfum solide vétiver poivré encens 20g;3760349311256;;0;2026-08-12 13:17:02
189;64624;Komu royal Priméal 50g;https://www.etiketbio.eu/parfum-solide/29273-parfum-solide-au-beurre-de-kokum-tonka-bois-de-santal-20g-3760349311249.html;Parfum solide tonka bois de santal 20g;3760349311249;;0;2026-08-12 13:17:02
190;64624;Komu royal Priméal 50g;https://www.etiketbio.eu/parfum-solide/29261-parfum-solide-au-beurre-de-kokum-lait-de-coco-fleur-d-oranger-20g-3760349310679.html;Parfum solide coco fleur d’oranger 20g;3760349310679;;0;2026-08-12 13:17:02
191;64624;Komu royal Priméal 50g;https://www.etiketbio.eu/parfum-solide/29260-parfum-solide-au-beurre-de-kokum-patchouli-cerise-20g-3760349310662.html;Parfum solide patchouli cerise 20g Comme Avant;3760349310662;;0;2026-08-12 13:17:02
192;64624;Komu royal Priméal 50g;https://www.etiketbio.eu/sauces-soja-et-miso-bio/9198-danival-miso-orge-390g-3431590000397.html;Miso orge 390g;3431590000397;;0;2026-08-12 13:17:02
193;64624;Komu royal Priméal 50g;https://www.etiketbio.eu/sauces-soja-et-miso-bio/9199-danival-bio-miso-orge-200g-3431590000403.html;Bio miso orge 200g;3431590000403;;0;2026-08-12 13:17:02
194;64624;Komu royal Priméal 50g;https://www.etiketbio.eu/sauces-soja-et-miso-bio/9200-danival-miso-riz-390g-3431590000434.html;Miso riz 390g;3431590000434;;0;2026-08-12 13:17:02
195;64624;Komu royal Priméal 50g;https://www.etiketbio.eu/sauces-soja-et-miso-bio/9201-danival-miso-riz-200g-3431590000441.html;Miso riz 200g;3431590000441;;0;2026-08-12 13:17:02
199;122709;Gourde abricot dès 4 mois Popote 120g;https://www.etiketbio.eu/compote-bebe-bio/30229-banana-lama-gourde-banane-pomme-mangue-et-abricot-demeter-100g-7640161877214.html;Gourde bébé banane pomme mangue abricot 100g – Holle;7640161877214;;149;2026-08-13 11:46:01
200;122709;Gourde abricot dès 4 mois Popote 120g;https://www.etiketbio.eu/compote-bebe-bio/30228-panda-peach-gourde-peche-abricot-banane-et-epeautre-demeter-100g-7640161877085.html;Gourde bébé pêche abricot banane épeautre 100g – Holle;7640161877085;;140;2026-08-13 11:46:01
201;122711;Gourde banane dès 4 mois Popote 120g;https://www.etiketbio.eu/compote-bebe-bio/30232-kiwi-koala-gourde-poire-banane-et-kiwi-demeter-100gr-7640161877276.html;Gourde bébé poire banane kiwi bio 100g – Holle;7640161877276;;162;2026-08-13 11:46:36
202;122711;Gourde banane dès 4 mois Popote 120g;https://www.etiketbio.eu/compote-bebe-bio/30229-banana-lama-gourde-banane-pomme-mangue-et-abricot-demeter-100g-7640161877214.html;Gourde bébé banane pomme mangue abricot 100g – Holle;7640161877214;;151;2026-08-13 11:46:36
203;122711;Gourde banane dès 4 mois Popote 120g;https://www.etiketbio.eu/compote-bebe-bio/30230-apple-ant-gourde-pomme-banane-et-poire-demeter-100gr-7640161877238.html;Gourde bébé pomme banane poire bio 100g – Holle Demeter;7640161877238;;140;2026-08-13 11:46:37
204;122711;Gourde banane dès 4 mois Popote 120g;https://www.etiketbio.eu/compote-bebe-bio/30228-panda-peach-gourde-peche-abricot-banane-et-epeautre-demeter-100g-7640161877085.html;Gourde bébé pêche abricot banane épeautre 100g – Holle;7640161877085;;142;2026-08-13 11:46:37
205;122711;Gourde banane dès 4 mois Popote 120g;https://www.etiketbio.eu/compote-bebe-bio/30225-zebra-beet-gourde-pomme-banane-et-betterave-rouge-demeter-100gt-7640161876989.html;Gourde bébé pomme banane betterave bio 100g – Holle;7640161876989;;147;2026-08-13 11:46:37
206;122711;Gourde banane dès 4 mois Popote 120g;https://www.etiketbio.eu/compote-bebe-bio/30243-paca-pumpkin-100g-7640230493833.html;Gourde bébé potiron bio 100g – Paca Pumpkin Holle;7640230493833;;63;2026-08-13 11:46:37
207;122711;Gourde banane dès 4 mois Popote 120g;https://www.etiketbio.eu/compote-bebe-bio/30235-carrot-cat-gourde-carotte-mangue-banane-et-poire-demeter-100g-7640161877337.html;Gourde bébé carotte bio 100g Demeter – Holle Carrot Cat;7640161877337;;52;2026-08-13 11:46:37
209;22278;Bouillon cube de légumes Rapunzel 84g;https://www.etiketbio.eu/bouillons/25256-rapunzel-bouillon-legumes-original-cubes-bio-84g-4006040271543.html;Bouillon legumes original cubes bio 84g;4006040271543;;382;2026-08-12 15:14:40
210;22278;Bouillon cube de légumes Rapunzel 84g;https://www.etiketbio.eu/bouillons/25244-rapunzel-bouillon-legumes-aux-herbes-bio-84g-4006040004608.html;Bouillon legumes aux herbes bio 84g;4006040004608;;319;2026-08-12 15:14:40
211;20397;Beurre de cacahuète Rapunzel 250g;https://www.etiketbio.eu/puree-de-cacahuete/22371-rapunzel-beurre-de-cacahuete-creamy-250g-4006040424802.html;Beurre de cacahuète creamy Rapunzel 250g;4006040424802;;753;2026-08-12 15:14:46
212;20397;Beurre de cacahuète Rapunzel 250g;https://www.etiketbio.eu/puree-de-cacahuete/22367-rapunzel-beurre-de-cacahuete-250g-4006040004974.html;Beurre de cacahuète Rapunzel 250g;4006040004974;;1000;2026-08-12 15:14:46
214;30216;Chocolat noir 85 % Rapunzel 80g;https://www.etiketbio.eu/chocolat-noir-bio/22502-rapunzel-chocolat-noir-85-80g-4006040013471.html;Chocolat noir 85% Rapunzel;4006040013471;;741;2026-08-12 15:15:08
215;30216;Chocolat noir 85 % Rapunzel 80g;https://www.etiketbio.eu/chocolat-noir-bio/22501-rapunzel-chocolat-noir-au-gingembre-80g-4006040013457.html;Chocolat noir au gingembre 80g;4006040013457;;366;2026-08-12 15:15:08
216;30216;Chocolat noir 85 % Rapunzel 80g;https://www.etiketbio.eu/chocolat-noir-bio/22510-rapunzel-chocolat-extra-noir-80g-4006040195245.html;Chocolat extra noir 80g;4006040195245;;392;2026-08-12 15:15:08
229;2027;Tisane camomille bio Romon Nature 18 sachets;https://www.etiketbio.eu/tisane-sommeil-detente-bio/9775-romon-nature-plantasia-serenite-30g-3554742854003.html;Sérénité bio Romon Nature – 20 sachets;3554742854003;;414;2026-08-13 12:43:04
230;2027;Tisane camomille bio Romon Nature 18 sachets;https://www.etiketbio.eu/tisane-sommeil-detente-bio/8364-romon-nature-plantasia-stress-26g-20-sachets-3388742801602.html;Stress bio Romon Nature – 20 sachets;3388742801602;;410;2026-08-13 12:43:04
231;2027;Tisane camomille bio Romon Nature 18 sachets;https://www.etiketbio.eu/tisane-sommeil-detente-bio/29033-camomille-france-bio-144gr-3554740100720.html;Tisane Camomille Bio France – 14,4g;3554740100720;;301;2026-08-13 12:43:04
235;2036;Sommeil Tisane Bio Romon Nature 20 Infusions;https://www.etiketbio.eu/tisane-sommeil-detente-bio/9760-romon-nature-plantasia-sommeil-lavande-32g-20-sachets-3554742808006.html;Tisane Sommeil lavande bio Romon Nature;3554742808006;;568;2026-08-13 12:44:04
236;2036;Sommeil Tisane Bio Romon Nature 20 Infusions;https://www.etiketbio.eu/tisane-sommeil-detente-bio/8370-romon-nature-plantasia-sommeil-nature-32g-20-sachets-3388742803019.html;Tisane bio Sommeil Nature 20 sachets – Romon Nature;3388742803019;;597;2026-08-13 12:44:04
237;2036;Sommeil Tisane Bio Romon Nature 20 Infusions;https://www.etiketbio.eu/tisane-sommeil-detente-bio/9770-romon-nature-plantasia-sommeil-jasmin-36g-20-sachets-3554742853204.html;Tisane Sommeil jasmin bio Romon Nature;3554742853204;;610;2026-08-13 12:44:04
238;2036;Sommeil Tisane Bio Romon Nature 20 Infusions;https://www.etiketbio.eu/tisane-sommeil-detente-bio/8352-romon-nature-plantasia-tilleul-32g-20-sachets-3388742800063.html;Tilleul bio 20 sachets Romon Nature;3388742800063;;376;2026-08-13 12:44:04
239;2036;Sommeil Tisane Bio Romon Nature 20 Infusions;https://www.etiketbio.eu/tisane-sommeil-detente-bio/8364-romon-nature-plantasia-stress-26g-20-sachets-3388742801602.html;Stress bio Romon Nature – 20 sachets;3388742801602;;366;2026-08-13 12:44:04
240;2036;Sommeil Tisane Bio Romon Nature 20 Infusions;https://www.etiketbio.eu/tisane-sommeil-detente-bio/9775-romon-nature-plantasia-serenite-30g-3554742854003.html;Sérénité bio Romon Nature – 20 sachets;3554742854003;;371;2026-08-13 12:44:04
241;2036;Sommeil Tisane Bio Romon Nature 20 Infusions;https://www.etiketbio.eu/tisane-sommeil-detente-bio/23708-romon-nature-plantasia-verveine-odorante-18-sd-france-bio288gr-3554740100805.html;Verveine odorante bio Romon Nature 18 sachets;3554740100805;;231;2026-08-13 12:44:04
242;2036;Sommeil Tisane Bio Romon Nature 20 Infusions;https://www.etiketbio.eu/tisane-sommeil-detente-bio/17289-romon-nature-plantasia-sommeil-nature-format-eco-50-sachets-80g-3554740100317.html;Sommeil nature – Romon Nature 50 sachets;3554740100317;;261;2026-08-13 12:44:04
243;2036;Sommeil Tisane Bio Romon Nature 20 Infusions;https://www.etiketbio.eu/tisane-sommeil-detente-bio/29033-camomille-france-bio-144gr-3554740100720.html;Tisane Camomille Bio France – 14,4g;3554740100720;;134;2026-08-13 12:44:04
244;2036;Sommeil Tisane Bio Romon Nature 20 Infusions;https://www.etiketbio.eu/tisanes-en-sachets/9761-sommeil-oranger-32g-20-sachets-3554742809003.html;SOMMEIL ORANGER 32G 20 SACHETS;3554742809003;;131;2026-08-13 12:44:04
245;2036;Sommeil Tisane Bio Romon Nature 20 Infusions;https://www.etiketbio.eu/tisane-sommeil-detente-bio/29035-verveine-menthe-18sd-bio-324g-3554740101178.html;Infusion Verveine Menthe Bio 18 sachets;3554740101178;;83;2026-08-13 12:44:05
246;11985;Tisane sommeil oranger bio Romon Nature 20 sachets;https://www.etiketbio.eu/tisane-sommeil-detente-bio/8364-romon-nature-plantasia-stress-26g-20-sachets-3388742801602.html;Stress bio Romon Nature – 20 sachets;3388742801602;;461;2026-08-13 12:44:13
247;11985;Tisane sommeil oranger bio Romon Nature 20 sachets;https://www.etiketbio.eu/tisanes-en-sachets/9761-sommeil-oranger-32g-20-sachets-3554742809003.html;SOMMEIL ORANGER 32G 20 SACHETS;3554742809003;;338;2026-08-13 12:44:13
248;13163;Tisane bien être du foie bio Romon Nature 20 sachets;https://www.etiketbio.eu/tisane-foie-bio/17293-romon-nature-plantasia-bien-etre-foie-format-eco-50-sachets-80g-3554740100355.html;Bien-être du foie 50 sachets Romon Nature;3554740100355;;602;2026-08-13 12:44:22
249;13163;Tisane bien être du foie bio Romon Nature 20 sachets;https://www.etiketbio.eu/tisane-foie-bio/9764-romon-nature-plantasia-bien-etre-du-foie-32g-20-sachets-3554742853136.html;Bien-être du foie Romon Nature – 20 sachets;3554742853136;;705;2026-08-13 12:44:22
250;2029;Tisane fenouil bio Romon Nature 18 sachets;https://www.etiketbio.eu/tisane-digestion-bio/23704-romon-nature-plantasia-fenouil-bio-36g-3554740100737.html;Fenouil bio Romon Nature – 18 sachets;3554740100737;;779;2026-08-13 12:44:30
251;2029;Tisane fenouil bio Romon Nature 18 sachets;https://www.etiketbio.eu/tisane-minceur-detox-bio/8373-romon-nature-plantasia-ventre-plat-32g-20-sachets-3388742805501.html;Ventre plat bio Romon Nature – 20 sachets;3388742805501;;395;2026-08-13 12:44:31
252;2029;Tisane fenouil bio Romon Nature 18 sachets;https://www.etiketbio.eu/tisane-allaitement-bio/9772-romon-nature-plantasia-allaitement-32g-20-sachets-3554742853235.html;Tisane allaitement bio Romon Nature – 20 sachets;3554742853235;;536;2026-08-13 12:44:31
253;2029;Tisane fenouil bio Romon Nature 18 sachets;https://www.etiketbio.eu/tisanes-en-sachets/8366-romon-nature-plantasia-articulations-36g-20-sachets-3388742801909.html;Tisane articulations bio Romon Nature – 20 sachets;3388742801909;;524;2026-08-13 12:44:31
254;2029;Tisane fenouil bio Romon Nature 18 sachets;https://www.etiketbio.eu/tisane-minceur-detox-bio/17291-romon-nature-plantasia-ventre-plat-80g-3554740100331.html;Ventre plat bio format éco Romon Nature;3554740100331;;243;2026-08-13 12:44:31
255;2029;Tisane fenouil bio Romon Nature 18 sachets;https://www.etiketbio.eu/tisane-minceur-detox-bio/8367-romon-nature-plantasia-elimination-minceur-32g-20-sachets-3388742802012.html;Elimination Minceur bio Romon Nature;3388742802012;;231;2026-08-13 12:44:31
256;2029;Tisane fenouil bio Romon Nature 18 sachets;https://www.etiketbio.eu/tisanes-en-sachets/23699-romon-nature-plantasia-infusion-cherry-detox-x16sachets-3554740100522.html;Infusion Cherry Detox bio Romon Nature;3554740100522;;225;2026-08-13 12:44:31
257;2029;Tisane fenouil bio Romon Nature 18 sachets;https://www.etiketbio.eu/tisane-minceur-detox-bio/9774-romon-nature-plantasia-detox-32g-20-sachets-3554742853259.html;Détox Romon Nature – 20 sachets;3554742853259;;290;2026-08-13 12:44:31
258;2029;Tisane fenouil bio Romon Nature 18 sachets;https://www.etiketbio.eu/tisane-minceur-detox-bio/17290-romon-nature-plantasia-detox-nature-format-eco-50-sachets-80g-3554740100324.html;Détox Nature Romon Nature – 50 sachets;3554740100324;;286;2026-08-13 12:44:31
259;2029;Tisane fenouil bio Romon Nature 18 sachets;https://www.etiketbio.eu/tisanes-en-sachets/29628-coffre-metal-tisane-pole-nord-biobte-de-20-sachets-36-g-3554740403517.html;Tisane Pôle Nord Bio Provence d’Antan;3554740403517;;161;2026-08-13 12:44:31
261;18756;Tisane détox bio Romon Nature 20 sachets;https://www.etiketbio.eu/tisane-minceur-detox-bio/9767-romon-nature-plantasia-retention-d-eau-32g-20-sachets-3554742853167.html;Rétention d’eau bio Romon Nature – 20 sachets;3554742853167;;523;2026-08-13 12:44:48
262;18756;Tisane détox bio Romon Nature 20 sachets;https://www.etiketbio.eu/tisane-minceur-detox-bio/8373-romon-nature-plantasia-ventre-plat-32g-20-sachets-3388742805501.html;Ventre plat bio Romon Nature – 20 sachets;3388742805501;;542;2026-08-13 12:44:49
263;18756;Tisane détox bio Romon Nature 20 sachets;https://www.etiketbio.eu/tisanes-en-sachets/29157-tuocha-bio-mhf-324g-bte-de-18-sd-3554740101918.html;Tuocha bio 18 sachets 32,4g - Romon Nature;3554740101918;;362;2026-08-13 12:44:49
264;18756;Tisane détox bio Romon Nature 20 sachets;https://www.etiketbio.eu/tisanes-en-sachets/23699-romon-nature-plantasia-infusion-cherry-detox-x16sachets-3554740100522.html;Infusion Cherry Detox bio Romon Nature;3554740100522;;322;2026-08-13 12:44:49
265;18756;Tisane détox bio Romon Nature 20 sachets;https://www.etiketbio.eu/tisane-minceur-detox-bio/9774-romon-nature-plantasia-detox-32g-20-sachets-3554742853259.html;Détox Romon Nature – 20 sachets;3554742853259;;600;2026-08-13 12:44:49
266;18756;Tisane détox bio Romon Nature 20 sachets;https://www.etiketbio.eu/tisane-minceur-detox-bio/17290-romon-nature-plantasia-detox-nature-format-eco-50-sachets-80g-3554740100324.html;Détox Nature Romon Nature – 50 sachets;3554740100324;;421;2026-08-13 12:44:49
267;18756;Tisane détox bio Romon Nature 20 sachets;https://www.etiketbio.eu/tisane-minceur-detox-bio/17291-romon-nature-plantasia-ventre-plat-80g-3554740100331.html;Ventre plat bio format éco Romon Nature;3554740100331;;250;2026-08-13 12:44:49
268;18756;Tisane détox bio Romon Nature 20 sachets;https://www.etiketbio.eu/tisane-minceur-detox-bio/8367-romon-nature-plantasia-elimination-minceur-32g-20-sachets-3388742802012.html;Elimination Minceur bio Romon Nature;3388742802012;;226;2026-08-13 12:44:49
269;18756;Tisane détox bio Romon Nature 20 sachets;https://www.etiketbio.eu/tisane-minceur-detox-bio/8372-romon-nature-plantasia-draineur-minceur-32g-20-sachets-3388742804511.html;Draineur minceur bio Romon Nature;3388742804511;;223;2026-08-13 12:44:49
270;18756;Tisane détox bio Romon Nature 20 sachets;https://www.etiketbio.eu/tisane-minceur-detox-bio/23710-romon-nature-plantasia-reine-des-pres-18-sachets-3554740100898.html;Reine des prés Romon Nature – 18 sachets;3554740100898;;264;2026-08-13 12:44:49
271;2035;Tisane romarin bio Romon Nature 18 sachets;https://www.etiketbio.eu/tisane-digestion-bio/23705-romon-nature-plantasia-romarin-306g-18-sachets-3554740100744.html;Romarin France bio Romon Nature – 18 sachets;3554740100744;;714;2026-08-13 12:44:58
272;2035;Tisane romarin bio Romon Nature 18 sachets;https://www.etiketbio.eu/tisanes-en-sachets/8374-romon-nature-plantasia-antioxydants-34g-20-sachets-3388742805679.html;Tisane antioxydants bio Romon Nature – 20 sachets;3388742805679;;514;2026-08-13 12:44:58
273;2035;Tisane romarin bio Romon Nature 18 sachets;https://www.etiketbio.eu/tisane-foie-bio/17293-romon-nature-plantasia-bien-etre-foie-format-eco-50-sachets-80g-3554740100355.html;Bien-être du foie 50 sachets Romon Nature;3554740100355;;226;2026-08-13 12:44:58
274;2035;Tisane romarin bio Romon Nature 18 sachets;https://www.etiketbio.eu/tisane-foie-bio/9764-romon-nature-plantasia-bien-etre-du-foie-32g-20-sachets-3554742853136.html;Bien-être du foie Romon Nature – 20 sachets;3554742853136;;226;2026-08-13 12:44:58
275;2040;Tisane circulation bio Romon Nature 20 sachets;https://www.etiketbio.eu/tisane-circulation-jambes-lourdes-bio/8371-romon-nature-plantasia-circulation-32g-20-sachets-3388742803514.html;Tisane Circulation bio Romon Nature;3388742803514;;617;2026-08-13 12:45:07
276;2040;Tisane circulation bio Romon Nature 20 sachets;https://www.etiketbio.eu/tisane-minceur-detox-bio/9767-romon-nature-plantasia-retention-d-eau-32g-20-sachets-3554742853167.html;Rétention d’eau bio Romon Nature – 20 sachets;3554742853167;;471;2026-08-13 12:45:07
277;2040;Tisane circulation bio Romon Nature 20 sachets;https://www.etiketbio.eu/tisane-circulation-jambes-lourdes-bio/29034-vigne-rouge-18sd-france-bio-306g-3554740100799.html;Tisane Vigne Rouge Bio 18 sachets;3554740100799;;260;2026-08-13 12:45:07
278;2041;Tisane verveine bio Romon Nature 18 sachets;https://www.etiketbio.eu/tisane-sommeil-detente-bio/23708-romon-nature-plantasia-verveine-odorante-18-sd-france-bio288gr-3554740100805.html;Verveine odorante bio Romon Nature 18 sachets;3554740100805;;701;2026-08-13 12:45:16
279;2041;Tisane verveine bio Romon Nature 18 sachets;https://www.etiketbio.eu/tisane-sommeil-detente-bio/9760-romon-nature-plantasia-sommeil-lavande-32g-20-sachets-3554742808006.html;Tisane Sommeil lavande bio Romon Nature;3554742808006;;362;2026-08-13 12:45:16
280;2041;Tisane verveine bio Romon Nature 18 sachets;https://www.etiketbio.eu/tisane-digestion-bio/9759-romon-nature-plantasia-digestion-reglisse-32g-20-sachets-3554742807009.html;Tisane digestion réglisse bio Romon Nature;3554742807009;;309;2026-08-13 12:45:16
281;2041;Tisane verveine bio Romon Nature 18 sachets;https://www.etiketbio.eu/tisane-sommeil-detente-bio/9770-romon-nature-plantasia-sommeil-jasmin-36g-20-sachets-3554742853204.html;Tisane Sommeil jasmin bio Romon Nature;3554742853204;;367;2026-08-13 12:45:16
282;2041;Tisane verveine bio Romon Nature 18 sachets;https://www.etiketbio.eu/tisane-sommeil-detente-bio/9775-romon-nature-plantasia-serenite-30g-3554742854003.html;Sérénité bio Romon Nature – 20 sachets;3554742854003;;463;2026-08-13 12:45:16
283;2041;Tisane verveine bio Romon Nature 18 sachets;https://www.etiketbio.eu/tisane-digestion-bio/8368-digestion-nature-32g-20-sachets-3388742802517.html;Tisane Digestion Nature bio Romon Nature;3388742802517;;317;2026-08-13 12:45:16
284;2041;Tisane verveine bio Romon Nature 18 sachets;https://www.etiketbio.eu/tisane-allaitement-bio/9772-romon-nature-plantasia-allaitement-32g-20-sachets-3554742853235.html;Tisane allaitement bio Romon Nature – 20 sachets;3554742853235;;514;2026-08-13 12:45:16
285;2041;Tisane verveine bio Romon Nature 18 sachets;https://www.etiketbio.eu/tisane-digestion-bio/9771-romon-nature-plantasia-digestion-citron-36g-20-sachets-3554742853211.html;Digestion citron Romon Nature – 20 sachets;3554742853211;;248;2026-08-13 12:45:16
286;2041;Tisane verveine bio Romon Nature 18 sachets;https://www.etiketbio.eu/tisanes-en-sachets/8363-romon-nature-plantasia-apaisante-enfant-32g-20-sachets-3388742801510.html;Tisane apaisante enfant Romon Nature – 20 sachets;3388742801510;;381;2026-08-13 12:45:17
287;2041;Tisane verveine bio Romon Nature 18 sachets;https://www.etiketbio.eu/tisane-digestion-bio/9757-romon-nature-plantasia-digestion-menthe-32g-20-sachets-3554742805609.html;Digestion menthe bio Romon Nature;3554742805609;;180;2026-08-13 12:45:17
288;2041;Tisane verveine bio Romon Nature 18 sachets;https://www.etiketbio.eu/tisane-sommeil-detente-bio/29035-verveine-menthe-18sd-bio-324g-3554740101178.html;Infusion Verveine Menthe Bio 18 sachets;3554740101178;;404;2026-08-13 12:45:17
289;2041;Tisane verveine bio Romon Nature 18 sachets;https://www.etiketbio.eu/tisane-sommeil-detente-bio/17289-romon-nature-plantasia-sommeil-nature-format-eco-50-sachets-80g-3554740100317.html;Sommeil nature – Romon Nature 50 sachets;3554740100317;;275;2026-08-13 12:45:17
290;2041;Tisane verveine bio Romon Nature 18 sachets;https://www.etiketbio.eu/tisanes-en-sachets/9761-sommeil-oranger-32g-20-sachets-3554742809003.html;SOMMEIL ORANGER 32G 20 SACHETS;3554742809003;;67;2026-08-13 12:45:17
291;11982;Tisane digestion anis Romon Nature 20 sachets;https://www.etiketbio.eu/tisane-digestion-bio/9758-romon-nature-plantasia-digestion-anis-32g-20-sachets-3554742805807.html;Tisane bio Digestion Anis 20 sachets – Romon Nature;3554742805807;;838;2026-08-13 12:45:26
292;11982;Tisane digestion anis Romon Nature 20 sachets;https://www.etiketbio.eu/tisane-foie-bio/17293-romon-nature-plantasia-bien-etre-foie-format-eco-50-sachets-80g-3554740100355.html;Bien-être du foie 50 sachets Romon Nature;3554740100355;;253;2026-08-13 12:45:26
293;11982;Tisane digestion anis Romon Nature 20 sachets;https://www.etiketbio.eu/tisane-foie-bio/9764-romon-nature-plantasia-bien-etre-du-foie-32g-20-sachets-3554742853136.html;Bien-être du foie Romon Nature – 20 sachets;3554742853136;;349;2026-08-13 12:45:26
294;11982;Tisane digestion anis Romon Nature 20 sachets;https://www.etiketbio.eu/tisane-digestion-bio/23704-romon-nature-plantasia-fenouil-bio-36g-3554740100737.html;Fenouil bio Romon Nature – 18 sachets;3554740100737;;279;2026-08-13 12:45:26
295;11986;Tisane bio Ventre plat minceur Romon Nature 20 sachets;https://www.etiketbio.eu/tisane-minceur-detox-bio/8373-romon-nature-plantasia-ventre-plat-32g-20-sachets-3388742805501.html;Ventre plat bio Romon Nature – 20 sachets;3388742805501;;652;2026-08-13 12:45:52
296;11986;Tisane bio Ventre plat minceur Romon Nature 20 sachets;https://www.etiketbio.eu/tisane-minceur-detox-bio/17291-romon-nature-plantasia-ventre-plat-80g-3554740100331.html;Ventre plat bio format éco Romon Nature;3554740100331;;370;2026-08-13 12:45:52
297;2028;Tisane digestion nature bio Romon Nature 20 sachets;https://www.etiketbio.eu/tisane-digestion-bio/9758-romon-nature-plantasia-digestion-anis-32g-20-sachets-3554742805807.html;Tisane bio Digestion Anis 20 sachets – Romon Nature;3554742805807;;770;2026-08-13 12:46:18
298;2028;Tisane digestion nature bio Romon Nature 20 sachets;https://www.etiketbio.eu/tisane-digestion-bio/9759-romon-nature-plantasia-digestion-reglisse-32g-20-sachets-3554742807009.html;Tisane digestion réglisse bio Romon Nature;3554742807009;;484;2026-08-13 12:46:18
299;2028;Tisane digestion nature bio Romon Nature 20 sachets;https://www.etiketbio.eu/tisane-digestion-bio/8368-digestion-nature-32g-20-sachets-3388742802517.html;Tisane Digestion Nature bio Romon Nature;3388742802517;;659;2026-08-13 12:46:18
300;2028;Tisane digestion nature bio Romon Nature 20 sachets;https://www.etiketbio.eu/tisane-gorge-hiver-bio/17288-romon-nature-plantasia-thym-format-eco-50-sachets-85g-3554740100300.html;Thym bio format éco Romon Nature – 50 sachets;3554740100300;;362;2026-08-13 12:46:18
301;2028;Tisane digestion nature bio Romon Nature 20 sachets;https://www.etiketbio.eu/tisane-digestion-bio/9771-romon-nature-plantasia-digestion-citron-36g-20-sachets-3554742853211.html;Digestion citron Romon Nature – 20 sachets;3554742853211;;495;2026-08-13 12:46:18
302;2028;Tisane digestion nature bio Romon Nature 20 sachets;https://www.etiketbio.eu/tisane-menopause-bio/23709-romon-nature-plantasia-sauge-bio-18sd-27gr-3554740100812.html;Sauge bio France Romon Nature – 18 sachets;3554740100812;;352;2026-08-13 12:46:18
303;2028;Tisane digestion nature bio Romon Nature 20 sachets;https://www.etiketbio.eu/tisane-digestion-bio/9757-romon-nature-plantasia-digestion-menthe-32g-20-sachets-3554742805609.html;Digestion menthe bio Romon Nature;3554742805609;;357;2026-08-13 12:46:18
304;2028;Tisane digestion nature bio Romon Nature 20 sachets;https://www.etiketbio.eu/tisane-digestion-bio/23704-romon-nature-plantasia-fenouil-bio-36g-3554740100737.html;Fenouil bio Romon Nature – 18 sachets;3554740100737;;337;2026-08-13 12:46:18
305;2028;Tisane digestion nature bio Romon Nature 20 sachets;https://www.etiketbio.eu/tisanes-en-sachets/23707-romon-nature-plantasia-menthe-288g-18-sachets-3554740100768.html;Menthe bio Romon Nature – 18 sachets;3554740100768;;353;2026-08-13 12:46:19
306;2028;Tisane digestion nature bio Romon Nature 20 sachets;https://www.etiketbio.eu/tisane-digestion-bio/23705-romon-nature-plantasia-romarin-306g-18-sachets-3554740100744.html;Romarin France bio Romon Nature – 18 sachets;3554740100744;;323;2026-08-13 12:46:19
307;2028;Tisane digestion nature bio Romon Nature 20 sachets;https://www.etiketbio.eu/tisane-sommeil-detente-bio/23708-romon-nature-plantasia-verveine-odorante-18-sd-france-bio288gr-3554740100805.html;Verveine odorante bio Romon Nature 18 sachets;3554740100805;;344;2026-08-13 12:46:19
308;2028;Tisane digestion nature bio Romon Nature 20 sachets;https://www.etiketbio.eu/tisane-digestion-bio/17292-romon-nature-plantasia-digestion-nature-80g-3554740100348.html;Digestion Nature bio format éco Romon Nature;3554740100348;;434;2026-08-13 12:46:19
309;2028;Tisane digestion nature bio Romon Nature 20 sachets;https://www.etiketbio.eu/tisane-digestion-bio/17299-romon-nature-plantasia-infusion-plaisir-3-gingembres-x16-inf-3554740100416.html;Infusion bio 3 gingembres x16 sachets – Romon Nature;3554740100416;;337;2026-08-13 12:46:19
310;2028;Tisane digestion nature bio Romon Nature 20 sachets;https://www.etiketbio.eu/tisanes-en-sachets/29158-the-vert-bio-mhf-324g-bte-de-18sd-3554740101925.html;Thé vert bio 18 sachets 32,4g - Romon Nature;3554740101925;;277;2026-08-13 12:46:19
311;2028;Tisane digestion nature bio Romon Nature 20 sachets;https://www.etiketbio.eu/tisane-foie-bio/17293-romon-nature-plantasia-bien-etre-foie-format-eco-50-sachets-80g-3554740100355.html;Bien-être du foie 50 sachets Romon Nature;3554740100355;;253;2026-08-13 12:46:19
312;2028;Tisane digestion nature bio Romon Nature 20 sachets;https://www.etiketbio.eu/tisane-foie-bio/9764-romon-nature-plantasia-bien-etre-du-foie-32g-20-sachets-3554742853136.html;Bien-être du foie Romon Nature – 20 sachets;3554742853136;;348;2026-08-13 12:46:19
313;2028;Tisane digestion nature bio Romon Nature 20 sachets;https://www.etiketbio.eu/tisane-digestion-bio/17300-romon-nature-plantasia-infusion-plaisir-gingembre-citron-x16inf-3554740100423.html;Infusion gingembre citron bio Romon Nature;3554740100423;;202;2026-08-13 12:46:19
314;2028;Tisane digestion nature bio Romon Nature 20 sachets;https://www.etiketbio.eu/tisane-minceur-detox-bio/17290-romon-nature-plantasia-detox-nature-format-eco-50-sachets-80g-3554740100324.html;Détox Nature Romon Nature – 50 sachets;3554740100324;;391;2026-08-13 12:46:19
319;109109;Knäcke BIO au sésame Demeter Pural 250 g;https://www.etiketbio.eu/snack/30250-bretzels-a-l-avoine-sans-gluten-80g-3184340030341.html;Bretzels avoine sans gluten 80g bio – Pural;3184340030341;;142;2026-08-12 15:28:57
320;109109;Knäcke BIO au sésame Demeter Pural 250 g;https://www.etiketbio.eu/crayon-contour-des-yeux/27347-04-crayon-pour-les-yeux-kajal-bleu-electrique-8051411360049.html;Crayon kajal bleu électrique 04 PuroBio – bio;8051411360049;;51;2026-08-12 15:28:57
321;109109;Knäcke BIO au sésame Demeter Pural 250 g;https://www.etiketbio.eu/produit-vegetal-a-tartiner/30913-olivade-tartinade-d-olives-noires-et-vertes-100g-3760294961964.html;Olivade bio olives noires et vertes Elibio 100g;3760294961964;;52;2026-08-12 15:28:57
322;109109;Knäcke BIO au sésame Demeter Pural 250 g;https://www.etiketbio.eu/alimentation-bebe-bio/30238-crunchy-snack-millet-mangue-des-8-mois-25g-7640161879355.html;Snack millet mangue 25g bio – Holle;7640161879355;;55;2026-08-12 15:28:57
323;109109;Knäcke BIO au sésame Demeter Pural 250 g;https://www.etiketbio.eu/alimentation-bebe-bio/30241-1-2-3-snack-bretzel-des-3-ans-80g-7640230493178.html;Snack bretzel épeautre bio Holle 80g;7640230493178;;59;2026-08-12 15:28:57
324;109109;Knäcke BIO au sésame Demeter Pural 250 g;https://www.etiketbio.eu/amandes-bio/30534-amande-decortiquee-12-14-125g-accent-du-soleil-3760149995052.html;Amandes décortiquées bio 125g – Accent du Soleil;3760149995052;;55;2026-08-12 15:28:58
325;109109;Knäcke BIO au sésame Demeter Pural 250 g;https://www.etiketbio.eu/noix-de-cajou-bio/30537-noix-de-cajou-au-curry-125g-accent-du-soleil-3760149995120.html;Noix de cajou curry bio 125g – Accent du Soleil;3760149995120;;44;2026-08-12 15:28:58
326;109109;Knäcke BIO au sésame Demeter Pural 250 g;https://www.etiketbio.eu/biscuits-aperitif/16482-puraliment-crusty-snacks-epeautre-fromage-110g-3184340161380.html;Crusty snacks epeautre fromage 110g;3184340161380;;0;2026-08-12 15:28:58
327;109109;Knäcke BIO au sésame Demeter Pural 250 g;https://www.etiketbio.eu/biscuits-aperitif/16487-puraliment-prinzess-bretzels-sesame-125-g-4000381002101.html;Prinzess bretzels sesame 125 g;4000381002101;;136;2026-08-12 15:28:58
328;109109;Knäcke BIO au sésame Demeter Pural 250 g;https://www.etiketbio.eu/gateaux-sans-gluten/29638-mini-muffin-fourres-pate-a-tartiner-200g-celiane-3700566453094.html;Mini muffins pâte à tartiner 200g bio sans gluten;3700566453094;;55;2026-08-12 15:28:58
329;109109;Knäcke BIO au sésame Demeter Pural 250 g;https://www.etiketbio.eu/amandes-bio/30355-amandes-d-espagne-emondees-toastees-salees-125-g-3760159015863.html;Amandes toastées salées bio 125 g – Pépite;3760159015863;;125;2026-08-12 15:28:58
330;109109;Knäcke BIO au sésame Demeter Pural 250 g;https://www.etiketbio.eu/biscuits-aperitif/13211-bonneterre-gressins-aux-graines-sesame-lin-tournesol-100gr-3396413711877.html;GRESSINS AUX GRAINES SESAME-LIN-TOURNESOL 100GR;3396413711877;;55;2026-08-12 15:28:58
331;109109;Knäcke BIO au sésame Demeter Pural 250 g;https://www.etiketbio.eu/fruits-seches-deshydrates-bio/30645-cacahuetes-torrefiees-125g-3770008500792.html;Cacahuètes torréfiées 125g bio – Go Nuts;3770008500792;;58;2026-08-12 15:28:58
332;109109;Knäcke BIO au sésame Demeter Pural 250 g;https://www.etiketbio.eu/melanges-de-fruits-secs-bio/20480-pepite-melange-6-superfruits-125gr-3760159011674.html;Mélange 6 superfruits bio 125g Pépite;3760159011674;;58;2026-08-12 15:28:59
333;109109;Knäcke BIO au sésame Demeter Pural 250 g;https://www.etiketbio.eu/noix-de-cajou-bio/24382-pepite-noix-de-cajou-au-wasabi-125g-3760159013630.html;Noix de cajou wasabi bio 125g - Pépite;3760159013630;;53;2026-08-12 15:28:59
334;109109;Knäcke BIO au sésame Demeter Pural 250 g;https://www.etiketbio.eu/biscuits-aperitif/6672-puraliment-crusty-epeautre-200g-3184340061079.html;CRUSTY EPEAUTRE 200G;3184340061079;;0;2026-08-12 15:28:59
335;109109;Knäcke BIO au sésame Demeter Pural 250 g;https://www.etiketbio.eu/biscuits-aperitif/11095-puraliment-crusty-fromage-graines-de-courge-200g-4033634061020.html;CRUSTY FROMAGE GRAINES DE COURGE 200G;4033634061020;;0;2026-08-12 15:28:59
336;109109;Knäcke BIO au sésame Demeter Pural 250 g;https://www.etiketbio.eu/biscuits-aperitif/16481-puraliment-crusty-epeautre-fromage-200g-3184340061086.html;Crusty epeautre fromage 200g;3184340061086;;0;2026-08-12 15:28:59
337;109109;Knäcke BIO au sésame Demeter Pural 250 g;https://www.etiketbio.eu/biscuits-aperitif/13055-puraliment-crusty-tomate-mozzarella-200g-3184340161014.html;CRUSTY TOMATE MOZZARELLA 200G;3184340161014;;0;2026-08-12 15:28:59
338;109109;Knäcke BIO au sésame Demeter Pural 250 g;https://www.etiketbio.eu/olive-noire/19538-emile-noel-olives-noires-herbes-provence-250g-3291960009937.html;Olives noires herbes provence 250g;3291960009937;;0;2026-08-12 15:28:59
339;109109;Knäcke BIO au sésame Demeter Pural 250 g;https://www.etiketbio.eu/biscuits-aperitif/13057-puraliment-crusty-chia-200g-3184340161052.html;CRUSTY CHIA 200G;3184340161052;;0;2026-08-12 15:28:59
340;109109;Knäcke BIO au sésame Demeter Pural 250 g;https://www.etiketbio.eu/biscuits-sales-et-aperitif/25277-le-pain-des-fleurs-petale-houmous-75gr-3380380102479.html;Petale houmous 75gr;3380380102479;;0;2026-08-12 15:29:00
341;109109;Knäcke BIO au sésame Demeter Pural 250 g;https://www.etiketbio.eu/biscuits-sales-et-aperitif/25525-le-pain-des-fleurs-aperitif-petale-paprika-75gr-3380380102486.html;Aperitif petale paprika 75gr;3380380102486;;0;2026-08-12 15:29:00
342;109109;Knäcke BIO au sésame Demeter Pural 250 g;https://www.etiketbio.eu/melanges-de-fruits-secs-bio/22538-rapunzel-cocktail-etudiant-250g-4006040024804.html;Cocktail etudiant 250g;4006040024804;;0;2026-08-12 15:29:00
343;109109;Knäcke BIO au sésame Demeter Pural 250 g;https://www.etiketbio.eu/olive-verte/24185-elibio-olive-verte-denoyautee-170g-3760294960097.html;Olive verte denoyautee 170g;3760294960097;;0;2026-08-12 15:29:00
344;109109;Knäcke BIO au sésame Demeter Pural 250 g;https://www.etiketbio.eu/biscuits-secs/12650-schar-snack-barre-fourree-noisette-8008698005286.html;Snack barre noisette Schär – sans gluten;8008698005286;;0;2026-08-12 15:29:00
345;109109;Knäcke BIO au sésame Demeter Pural 250 g;https://www.etiketbio.eu/biscuits-aperitif/8060-primeal-mini-galettes-mais-romarin-50g-3380380068560.html;Mini galettes mais romarin 50g;3380380068560;;0;2026-08-12 15:29:00
346;109109;Knäcke BIO au sésame Demeter Pural 250 g;https://www.etiketbio.eu/collagene/30682-barre-de-collagene-saveur-amande-chocolat-55g-4260462451567.html;Barre collagène amande Jarmino 55g;4260462451567;;0;2026-08-12 15:29:00
347;109109;Knäcke BIO au sésame Demeter Pural 250 g;https://www.etiketbio.eu/olive-noire/12997-emile-noel-olives-noires-au-naturel-250g-3291960005328.html;Olives noires au naturel 250g;3291960005328;;58;2026-08-12 15:29:01
348;109109;Knäcke BIO au sésame Demeter Pural 250 g;https://www.etiketbio.eu/barres/29996-barre-energetique-crue-raw-lifebar-chia-pistache-40g-8595657104109.html;Barre crue chia pistache Lifebar Lifefood 40g;8595657104109;;0;2026-08-12 15:29:01
349;109109;Knäcke BIO au sésame Demeter Pural 250 g;https://www.etiketbio.eu/peaux-matures-anti-age/29616-fluide-eclat-glow-protect-40ml-3516170029491.html;Fluide Éclat Glow Protect Florame 40 ml;3516170029491;;0;2026-08-12 15:29:01
350;109109;Knäcke BIO au sésame Demeter Pural 250 g;https://www.etiketbio.eu/barre-de-cereales/29653-barre-de-muesli-chocolat-noir-50g-4006040021421.html;Barre muesli chocolat noir Rapunzel 50g;4006040021421;;0;2026-08-12 15:29:01
351;3803;Tratines Knäcke classique Pural 250g;https://www.etiketbio.eu/biscuits-aperitif/11095-puraliment-crusty-fromage-graines-de-courge-200g-4033634061020.html;CRUSTY FROMAGE GRAINES DE COURGE 200G;4033634061020;;0;2026-08-12 15:29:12
352;3803;Tratines Knäcke classique Pural 250g;https://www.etiketbio.eu/biscuits-aperitif/16481-puraliment-crusty-epeautre-fromage-200g-3184340061086.html;Crusty epeautre fromage 200g;3184340061086;;0;2026-08-12 15:29:12
353;3803;Tratines Knäcke classique Pural 250g;https://www.etiketbio.eu/biscuits-aperitif/16487-puraliment-prinzess-bretzels-sesame-125-g-4000381002101.html;Prinzess bretzels sesame 125 g;4000381002101;;0;2026-08-12 15:29:12
354;3803;Tratines Knäcke classique Pural 250g;https://www.etiketbio.eu/biscuits-aperitif/13211-bonneterre-gressins-aux-graines-sesame-lin-tournesol-100gr-3396413711877.html;GRESSINS AUX GRAINES SESAME-LIN-TOURNESOL 100GR;3396413711877;;0;2026-08-12 15:29:12
355;3803;Tratines Knäcke classique Pural 250g;https://www.etiketbio.eu/biscuits-aperitif/13057-puraliment-crusty-chia-200g-3184340161052.html;CRUSTY CHIA 200G;3184340161052;;0;2026-08-12 15:29:12
356;3803;Tratines Knäcke classique Pural 250g;https://www.etiketbio.eu/chips/29020-chips-soufflees-sorgho-sel-et-poivre-60g-3770028267064.html;Chips Soufflées Sorgho Sel & Poivre 60g;3770028267064;;0;2026-08-12 15:29:13
357;3803;Tratines Knäcke classique Pural 250g;https://www.etiketbio.eu/barres/29996-barre-energetique-crue-raw-lifebar-chia-pistache-40g-8595657104109.html;Barre crue chia pistache Lifebar Lifefood 40g;8595657104109;;0;2026-08-12 15:29:13
358;3803;Tratines Knäcke classique Pural 250g;https://www.etiketbio.eu/barre-de-cereales/29652-barre-de-muesli-original-50g-4006040021384.html;Barre muesli Original Rapunzel 50g;4006040021384;;0;2026-08-12 15:29:13
359;3803;Tratines Knäcke classique Pural 250g;https://www.etiketbio.eu/produit-vegetal-a-tartiner/14988-bonneterre-tartinade-tomate-ail-des-ours-135g-3396411234590.html;Tartinade tomate ail des ours 135g;3396411234590;;0;2026-08-12 15:29:13
360;3803;Tratines Knäcke classique Pural 250g;https://www.etiketbio.eu/produit-vegetal-a-tartiner/14989-bonneterre-tartinade-legumes-betterave-raifort-135g-3396411234620.html;Tartinade legumes betterave raifort 135g;3396411234620;;0;2026-08-12 15:29:13
361;3803;Tratines Knäcke classique Pural 250g;https://www.etiketbio.eu/produit-vegetal-a-tartiner/8686-bonneterre-tartinade-petit-pois-basilic-135g-3396411224164.html;Tartinade petit pois basilic 135g;3396411224164;;0;2026-08-12 15:29:13
362;3803;Tratines Knäcke classique Pural 250g;https://www.etiketbio.eu/produit-vegetal-a-tartiner/8687-bonneterre-tartinades-de-trio-de-poivrons-135g-3396411224195.html;Tartinades de trio de poivrons 135g;3396411224195;;0;2026-08-12 15:29:13
363;3803;Tratines Knäcke classique Pural 250g;https://www.etiketbio.eu/amandes-bio/30534-amande-decortiquee-12-14-125g-accent-du-soleil-3760149995052.html;Amandes décortiquées bio 125g – Accent du Soleil;3760149995052;;0;2026-08-12 15:29:14
382;16114;Gel pour lave-vaisselle Ecodoo;https://www.etiketbio.eu/poudre-gel-lave-vaisselle/7951-ecodoo-gel-lave-vaisselle-1l-3380380050787.html;Gel lave-vaisselle 1l;3380380050787;;447;2026-08-12 15:39:49
383;16114;Gel pour lave-vaisselle Ecodoo;https://www.etiketbio.eu/poudre-gel-lave-vaisselle/30762-ecd-vaisselle-main-poudre-200g-3380380114564.html;Produit vaisselle poudre Ecodoo 200g;3380380114564;;267;2026-08-12 15:39:49
385;20122;Vinaigre d'alcool blanc Ecodoo 1L;https://www.etiketbio.eu/vinaigre-d-alcool-blanc/8048-ecodoo-vinaigre-alcool-blanc-12-1l-3380380064869.html;Vinaigre blanc 12% Ecodoo 1L;3380380064869;;651;2026-08-12 15:40:29
386;20122;Vinaigre d'alcool blanc Ecodoo 1L;https://www.etiketbio.eu/vinaigre-d-alcool-blanc/13341-ecodoo-gel-vinaigre-750ml-3380380078781.html;Gel vinaigre Ecodoo 750ml;3380380078781;;239;2026-08-12 15:40:29
387;20122;Vinaigre d'alcool blanc Ecodoo 1L;https://www.etiketbio.eu/vinaigre-d-alcool-blanc/19212-ecodoo-vinaigre-senteur-eucalyptus-1l-3380380088995.html;Vinaigre eucalyptus 20% Ecodoo 1L;3380380088995;;356;2026-08-12 15:40:29
392;16873;Lessive concentrée écologique 5L Ecodoo;https://www.etiketbio.eu/lessive-liquide/22964-ecodoo-lessive-marseille-2l-3380380099939.html;Lessive marseille 2l;3380380099939;;61;2026-08-12 15:41:30
393;16873;Lessive concentrée écologique 5L Ecodoo;https://www.etiketbio.eu/lessive-peaux-sensibles/22963-ecodoo-lessive-sensitive-0-2l-3380380099922.html;Lessive sensitive 0% 2l;3380380099922;;72;2026-08-12 15:41:30
394;16873;Lessive concentrée écologique 5L Ecodoo;https://www.etiketbio.eu/lessive-liquide/22962-ecodoo-lessive-lavandin-2l-3380380099908.html;Lessive lavandin 2l;3380380099908;;90;2026-08-12 15:41:31
395;7392;Liquide Vaisselle douceur à l'Aloe Vera Ecodoo 1L;https://www.etiketbio.eu/liquide-vaisselle/8338-ecodoo-liquide-vaisselle-douceur-verveine-500ml-3380390900744.html;Liquide vaisselle verveine 500ml Ecodoo;3380390900744;;259;2026-08-12 15:41:41
396;7392;Liquide Vaisselle douceur à l'Aloe Vera Ecodoo 1L;https://www.etiketbio.eu/liquide-vaisselle/19214-ecodoo-liquide-vaisselle-amande-douce-500ml-3380380089022.html;Liquide vaisselle amande douce 500ml Ecodoo;3380380089022;;280;2026-08-12 15:41:41
397;7392;Liquide Vaisselle douceur à l'Aloe Vera Ecodoo 1L;https://www.etiketbio.eu/liquide-vaisselle/19215-ecodoo-liquide-vaisselle-douceur-lavandin-1l-3380380089039.html;Liquide vaisselle lavandin 1L Ecodoo;3380380089039;;357;2026-08-12 15:41:42
404;34783;Vinaigre blanc Ecodoo 5L;https://www.etiketbio.eu/vinaigre-d-alcool-blanc/8048-ecodoo-vinaigre-alcool-blanc-12-1l-3380380064869.html;Vinaigre blanc 12% Ecodoo 1L;3380380064869;;541;2026-08-12 15:43:26
405;34783;Vinaigre blanc Ecodoo 5L;https://www.etiketbio.eu/vinaigre-d-alcool-blanc/13341-ecodoo-gel-vinaigre-750ml-3380380078781.html;Gel vinaigre Ecodoo 750ml;3380380078781;;367;2026-08-12 15:43:26
406;34783;Vinaigre blanc Ecodoo 5L;https://www.etiketbio.eu/vinaigre-d-alcool-blanc/19212-ecodoo-vinaigre-senteur-eucalyptus-1l-3380380088995.html;Vinaigre eucalyptus 20% Ecodoo 1L;3380380088995;;257;2026-08-12 15:43:26
409;22589;Pur jus de citron Luce 1L;https://www.etiketbio.eu/jus-de-citron-bio/23950-luce-pur-jus-de-citron-50cl-3329489900081.html;Jus citron bio Luce 50cl;3329489900081;;347;2026-08-13 07:43:19
410;22589;Pur jus de citron Luce 1L;https://www.etiketbio.eu/jus-de-citron-bio/23593-luce-jus-de-citron-vert-25cl-3329489900067.html;Jus citron vert bio Luce 25cl;3329489900067;;352;2026-08-13 07:43:19
413;22589;Pur jus de citron Luce 1L;https://www.etiketbio.eu/jus-de-citron-bio/23948-luce-jus-de-citron-1l-3329489900043.html;Jus citron bio Luce 1L;3329489900043;;511;2026-08-13 07:43:20
414;11816;Café pur arabica moulu Destination 250g;https://www.etiketbio.eu/cafe-moulu/17728-destination-cafe-selection-pur-arabica-moulu-250g-3700110005397.html;Cafe selection pur arabica moulu 250g;3700110005397;;592;2026-08-13 07:38:43
415;22589;Pur jus de citron Luce 1L;https://www.etiketbio.eu/jus-de-citron-bio/20096-luce-jus-de-citron-25cl-3329489900036.html;Jus de citron 25cl;3329489900036;;349;2026-08-13 07:43:20
416;11816;Café pur arabica moulu Destination 250g;https://www.etiketbio.eu/cafe-moulu/21850-destination-cafe-decafeine-100-arabica-moulu-250g-3700112016414.html;Cafe decafeine 100% arabica - moulu 250g;3700112016414;;509;2026-08-13 07:38:44
417;11816;Café pur arabica moulu Destination 250g;https://www.etiketbio.eu/cafe-moulu/23871-destination-mexique-equitable-pur-arabica-moulu-250g-3700110049711.html;Mexique equitable pur arabica moulu 250g;3700110049711;;473;2026-08-13 07:38:44
418;11816;Café pur arabica moulu Destination 250g;https://www.etiketbio.eu/cafe-moulu/24430-destination-cafe-ethiopie-sidamo-moka-moulu-fair-250gr-3700110052124.html;Cafe ethiopie sidamo moka moulu fair 250gr;3700110052124;;169;2026-08-13 07:38:44
419;11816;Café pur arabica moulu Destination 250g;https://www.etiketbio.eu/cafe-moulu/21231-destination-brazil-sul-de-minas-moulu-250g-3700110001757.html;Brazil sul de minas moulu 250g;3700110001757;;213;2026-08-13 07:38:44
420;35113;Café arabica moulu doux Café Michel 250g;https://www.etiketbio.eu/cafe-moulu/9587-cafe-michel-cafe-du-mexique-pur-arabica-moulu-250g-3483981000417.html;Cafe du mexique pur arabica moulu 250g;3483981000417;;440;2026-08-13 07:43:19
421;35113;Café arabica moulu doux Café Michel 250g;https://www.etiketbio.eu/cafe-moulu/9595-cafe-michel-cafe-de-bolivie-pur-arabica-moulu-250g-3483981000974.html;Cafe de bolivie pur arabica moulu 250g;3483981000974;;410;2026-08-13 07:43:19
422;35113;Café arabica moulu doux Café Michel 250g;https://www.etiketbio.eu/cafe-moulu/14793-cafe-michel-cafe-honduras-moulu-250g-3483981000776.html;Cafe honduras moulu 250g;3483981000776;;241;2026-08-13 07:43:19
424;9470;Café en grains pur arabica Destination 1kg;https://www.etiketbio.eu/cafe-en-grains/24428-destination-cafe-mexique-grains-pur-arabica-1kg-3700110052070.html;Cafe mexique grains pur arabica 1kg;3700110052070;;501;2026-08-13 07:38:44
425;9470;Café en grains pur arabica Destination 1kg;https://www.etiketbio.eu/cafe-en-grains/21248-cafe-selection-pur-arabica-grains-1kg-3700110016034.html;Cafe selection pur arabica grains 1kg;3700110016034;;488;2026-08-13 07:38:44
426;9470;Café en grains pur arabica Destination 1kg;https://www.etiketbio.eu/cafe-en-grains/24429-destination-cafe-ethiopie-moka-pur-arabica-grain-kg-cc-3700110052117.html;Café Moka Ethiopie grain bio 1kg – Destination;3700110052117;;319;2026-08-13 07:38:44
427;9470;Café en grains pur arabica Destination 1kg;https://www.etiketbio.eu/cafe-en-grains/22077-destination-cafe-exeption-1kg-grains-3700110009241.html;Cafe exeption 1kg grains;3700110009241;;273;2026-08-13 07:38:44
428;9470;Café en grains pur arabica Destination 1kg;https://www.etiketbio.eu/cafe-en-grains/22082-destination-cafe-grands-crus-bio-grains-1kg-3700110048660.html;Cafe grands crus bio grains 1kg;3700110048660;;258;2026-08-13 07:38:44
429;35112;Café mélange équilibré Café Michel 250g;https://www.etiketbio.eu/cafe-moulu/9590-cafe-michel-cafe-melange-equilibre-pur-arabica-250g-3483981000691.html;Cafe melange equilibre pur arabica 250g;3483981000691;;530;2026-08-13 07:43:19
431;35112;Café mélange équilibré Café Michel 250g;https://www.etiketbio.eu/cafe-moulu/9586-cafe-michel-cafe-melange-corse-arabica-et-robusta-25-3483981000226.html;Cafe melange corse arabica et robusta 250g;3483981000226;;254;2026-08-13 07:43:19
432;35112;Café mélange équilibré Café Michel 250g;https://www.etiketbio.eu/cafe-moulu/14793-cafe-michel-cafe-honduras-moulu-250g-3483981000776.html;Cafe honduras moulu 250g;3483981000776;;169;2026-08-13 07:43:19
435;10027;Chocolat au lait Kaoka 100g;https://www.etiketbio.eu/chocolat-au-lait-bio/9575-kaoka-tablette-chocolat-au-lait-40-100g-3477730002302.html;Tablette chocolat au lait 40% 100g;3477730002302;;467;2026-08-13 07:38:41
436;10027;Chocolat au lait Kaoka 100g;https://www.etiketbio.eu/chocolat-au-lait-bio/9576-kaoka-tablette-chocolat-au-lait-38-noix-de-coco-100g-3477730002500.html;Tablette chocolat au lait 38% noix de coco 100g;3477730002500;;280;2026-08-13 07:38:41
438;3463;Chocolat noir 70% Kaoka 100g;https://www.etiketbio.eu/chocolat-noir-bio/30432-tablette-chocolat-noir-70-quinoa-100g-3477730001794.html;Chocolat noir 70% quinoa bio 100g – Kaoka;3477730001794;;593;2026-08-13 07:38:41
439;3463;Chocolat noir 70% Kaoka 100g;https://www.etiketbio.eu/chocolat-noir-bio/9566-kaoka-tablette-chocolat-noir-75-sao-tome-100g-3477730001251.html;Chocolat noir 75% São Tomé Kaoka;3477730001251;;362;2026-08-13 07:38:41
440;3463;Chocolat noir 70% Kaoka 100g;https://www.etiketbio.eu/chocolat-noir-bio/9565-kaoka-tablette-chocolat-noir-orange-58-cacao-100g-3477730001213.html;Tablette chocolat noir orange 58% cacao 100g;3477730001213;;233;2026-08-13 07:38:41
441;3463;Chocolat noir 70% Kaoka 100g;https://www.etiketbio.eu/chocolat-noir-bio/9573-kaoka-tablette-chocolat-noir-noix-de-coco-100g-3477730001725.html;Tablette chocolat noir noix de coco 100g;3477730001725;;256;2026-08-13 07:38:41
442;3463;Chocolat noir 70% Kaoka 100g;https://www.etiketbio.eu/chocolat-noir-bio/9574-kaoka-tablette-chocolat-noir-citron-gingembre-100g-3477730001732.html;Tablette chocolat noir citron gingembre 100g;3477730001732;;282;2026-08-13 07:38:42
443;3463;Chocolat noir 70% Kaoka 100g;https://www.etiketbio.eu/chocolat-noir-bio/9568-kaoka-chocolat-noir-eclats-de-feves-100g-3477730001404.html;Chocolat noir eclats de feves 100g;3477730001404;;328;2026-08-13 07:38:42
444;3463;Chocolat noir 70% Kaoka 100g;https://www.etiketbio.eu/chocolat-noir-bio/9569-kaoka-chocolat-noir-66-eclats-de-noisettes-100g-3477730001503.html;Chocolat noir 66% eclats de noisettes 100g;3477730001503;;265;2026-08-13 07:38:42
445;3463;Chocolat noir 70% Kaoka 100g;https://www.etiketbio.eu/chocolat-noir-bio/9564-kaoka-tablette-chocolat-noir-70-cacao-100g-3477730001206.html;Tablette chocolat noir 70% cacao 100g;3477730001206;;444;2026-08-13 07:38:42
446;3463;Chocolat noir 70% Kaoka 100g;https://www.etiketbio.eu/chocolat-noir-bio/9577-kaoka-tablette-chocolat-noir-crepes-dentelles-58-100g-3477730007062.html;Tablette chocolat noir crepes dentelles 58% 100g;3477730007062;;232;2026-08-13 07:38:42
447;3463;Chocolat noir 70% Kaoka 100g;https://www.etiketbio.eu/chocolat-noir-bio/9570-kaoka-chocolat-noir-58-framboise-100g-3477730001602.html;Chocolat noir 58% framboise 100g;3477730001602;;455;2026-08-13 07:38:42
448;3463;Chocolat noir 70% Kaoka 100g;https://www.etiketbio.eu/chocolat-noir-bio/9578-kaoka-chocolat-noir-70-fleur-de-sel-100g-3477730007079.html;Chocolat noir 70% fleur de sel 100g;3477730007079;;412;2026-08-13 07:38:42
449;3463;Chocolat noir 70% Kaoka 100g;https://www.etiketbio.eu/chocolat-noir-bio/9567-kaoka-chocolat-noir-equateur-80-cacao-100g-3477730001305.html;Chocolat noir equateur 80% cacao 100g;3477730001305;;349;2026-08-13 07:38:42
450;3463;Chocolat noir 70% Kaoka 100g;https://www.etiketbio.eu/chocolat-noir-bio/9571-kaoka-chocolat-noir-90-equateur-100g-3477730001701.html;Chocolat noir 90% equateur 100g;3477730001701;;463;2026-08-13 07:38:42
451;3463;Chocolat noir 70% Kaoka 100g;https://www.etiketbio.eu/chocolat-noir-bio/28508-chocolat-noir-cranberrie-58-100gr-kao-3477730001787.html;Chocolat noir cranberrie 58% 100gr;3477730001787;;280;2026-08-13 07:38:43
452;3463;Chocolat noir 70% Kaoka 100g;https://www.etiketbio.eu/ingredients-poudres-patissiers/12452-kaoka-pepites-de-chocolat-noir-60-100g-3477730020009.html;Pepites de chocolat noir 60% 100g;3477730020009;;356;2026-08-13 07:38:43
453;25209;Chocolat noir dessert Kaoka 200g;https://www.etiketbio.eu/chocolat-patissier-bio/9561-kaoka-chocolat-noir-dessert-patissier-cacao-200g-3477730001121.html;Chocolat noir pâtissier 58% Kaoka;3477730001121;;375;2026-08-13 07:38:43
454;25209;Chocolat noir dessert Kaoka 200g;https://www.etiketbio.eu/chocolat-patissier-bio/9562-kaoka-chocolat-noir-corse-dessert-patissier-72-200gr-3477730001138.html;Chocolat noir pâtissier 72% Kaoka;3477730001138;;394;2026-08-13 07:38:43
460;96681;Café Éthiopie Destination 250g;https://www.etiketbio.eu/cafe/23874-destination-cafe-ethiopie-moka-pur-arabica-equitable-250gr-3700110050502.html;Cafe ethiopie moka pur arabica equitable 250gr;3700110050502;;165;2026-08-13 07:39:32
461;96681;Café Éthiopie Destination 250g;https://www.etiketbio.eu/cafe-moulu/24430-destination-cafe-ethiopie-sidamo-moka-moulu-fair-250gr-3700110052124.html;Cafe ethiopie sidamo moka moulu fair 250gr;3700110052124;;151;2026-08-13 07:39:33
462;96681;Café Éthiopie Destination 250g;https://www.etiketbio.eu/dosettes-compatible-senseo/24431-destination-ethiopie-moka-250g-3700110052131.html;Ethiopie moka 250g;3700110052131;;271;2026-08-13 07:39:33
464;106181;Café soluble Pur Arabica Destination 100g;https://www.etiketbio.eu/cafe-soluble/24407-destination-cafe-lyophilise-selection-pur-arabica-100gr-3700110055828.html;Cafe lyophilise selection pur arabica 100gr;3700110055828;;333;2026-08-13 07:39:33
465;106181;Café soluble Pur Arabica Destination 100g;https://www.etiketbio.eu/cafe-soluble/21241-destination-cafe-lyophilise-decafeine-100g-3700110005373.html;Cafe lyophilise decafeine 100g;3700110005373;;178;2026-08-13 07:39:33
466;82397;Café pur arabica Destination 250g;https://www.etiketbio.eu/cafe-moulu/17728-destination-cafe-selection-pur-arabica-moulu-250g-3700110005397.html;Cafe selection pur arabica moulu 250g;3700110005397;;438;2026-08-13 07:38:50
467;82397;Café pur arabica Destination 250g;https://www.etiketbio.eu/cafe-en-grains/21251-destination-cafe-selection-pur-arabica-grains-250g-3700112011051.html;Cafe selection pur arabica grains 250g;3700112011051;;469;2026-08-13 07:38:50
468;82397;Café pur arabica Destination 250g;https://www.etiketbio.eu/cafe-moulu/21850-destination-cafe-decafeine-100-arabica-moulu-250g-3700112016414.html;Cafe decafeine 100% arabica - moulu 250g;3700112016414;;357;2026-08-13 07:38:51
469;82397;Café pur arabica Destination 250g;https://www.etiketbio.eu/cafe-en-grains/24426-destination-cafe-mexique-grains-pur-arabica-fair-250gr-3700110052056.html;Cafe mexique grains pur arabica  fair 250gr;3700110052056;;297;2026-08-13 07:38:51
470;82397;Café pur arabica Destination 250g;https://www.etiketbio.eu/cafe/23874-destination-cafe-ethiopie-moka-pur-arabica-equitable-250gr-3700110050502.html;Cafe ethiopie moka pur arabica equitable 250gr;3700110050502;;304;2026-08-13 07:38:51
471;82397;Café pur arabica Destination 250g;https://www.etiketbio.eu/cafe-moulu/23871-destination-mexique-equitable-pur-arabica-moulu-250g-3700110049711.html;Mexique equitable pur arabica moulu 250g;3700110049711;;315;2026-08-13 07:38:51
472;82397;Café pur arabica Destination 250g;https://www.etiketbio.eu/cafe/21249-destination-cafe-expresso-pur-arabica-250gr-3700110045768.html;Cafe expresso pur arabica 250gr;3700110045768;;469;2026-08-13 07:38:51
473;82397;Café pur arabica Destination 250g;https://www.etiketbio.eu/cafe-decafeine-bio/21244-destination-cafe-decafeine-grains-250g-3700112016629.html;Cafe decafeine grains 250g;3700112016629;;231;2026-08-13 07:38:51
474;82397;Café pur arabica Destination 250g;https://www.etiketbio.eu/cafe/21246-destination-cafe-exception-250g-3700112018135.html;Cafe exception 250g;3700112018135;;231;2026-08-13 07:38:51
475;82397;Café pur arabica Destination 250g;https://www.etiketbio.eu/cafe/21250-destination-cafe-doux-250g-3700110048806.html;Cafe doux 250g;3700110048806;;221;2026-08-13 07:38:51
476;82397;Café pur arabica Destination 250g;https://www.etiketbio.eu/cafe-moulu/24430-destination-cafe-ethiopie-sidamo-moka-moulu-fair-250gr-3700110052124.html;Cafe ethiopie sidamo moka moulu fair 250gr;3700110052124;;72;2026-08-13 07:38:51
477;82397;Café pur arabica Destination 250g;https://www.etiketbio.eu/cafe-moulu/21231-destination-brazil-sul-de-minas-moulu-250g-3700110001757.html;Brazil sul de minas moulu 250g;3700110001757;;90;2026-08-13 07:38:52
480;14304;Café Sélection Arabica moulu Destination 500g;https://www.etiketbio.eu/cafe-moulu/17727-destination-cafe-selection-pur-arabica-moulu-500g-3700110005380.html;Cafe selection pur arabica moulu 500g;3700110005380;;671;2026-08-13 07:40:49
481;14304;Café Sélection Arabica moulu Destination 500g;https://www.etiketbio.eu/cafe-moulu/22079-destination-cafe-exeption-moulu-500g-3700110011077.html;Cafe exeption moulu 500g;3700110011077;;304;2026-08-13 07:40:49
487;16096;Thé vert gunpowder Destination 100g;https://www.etiketbio.eu/the-vert-nature-bio/21269-destination-the-vert-doypack-gunpowder-100g-3700110008251.html;Thé vert Gunpowder Destination 100g;3700110008251;;1000;2026-08-13 07:43:03
488;16096;Thé vert gunpowder Destination 100g;https://www.etiketbio.eu/the-vert-nature-bio/28732-gunpowder-n12-100g-3700110000538.html;Thé vert Gunpowder Destination 100g;3700110000538;;1000;2026-08-13 07:43:03
489;10255;Thé noir Ceylan Destination 100g;https://www.etiketbio.eu/the-noir-bio/17730-destination-the-noir-earl-grey-ceylan-vrac-100g-3700110008299.html;Thé noir Earl Grey Destination 100g;3700110008299;;498;2026-08-13 07:43:37
490;10255;Thé noir Ceylan Destination 100g;https://www.etiketbio.eu/the-noir-bio/19109-destination-the-breakfast-n4-100g-3700110008282.html;Thé Breakfast Destination 100g;3700110008282;;445;2026-08-13 07:43:38
493;106182;Thé noir Earl Grey Destination x20;https://www.etiketbio.eu/the-noir-bio/24401-destination-the-noir-earl-grey-20-sachets-3700110055613.html;Thé noir Earl Grey Destination x20;3700110055613;;1000;2026-08-13 07:45:34
494;106182;Thé noir Earl Grey Destination x20;https://www.etiketbio.eu/the-vert-parfume/24402-destination-the-vert-earl-grey-20x15gr-sachets-3700110055620.html;Thé vert Earl Grey Destination x20;3700110055620;;711;2026-08-13 07:45:34
495;16151;Thé vert menthe Destination 100g;https://www.etiketbio.eu/the-vert-nature-bio/21269-destination-the-vert-doypack-gunpowder-100g-3700110008251.html;Thé vert Gunpowder Destination 100g;3700110008251;;669;2026-08-13 07:45:51
496;16151;Thé vert menthe Destination 100g;https://www.etiketbio.eu/the-vert-nature-bio/28732-gunpowder-n12-100g-3700110000538.html;Thé vert Gunpowder Destination 100g;3700110000538;;669;2026-08-13 07:45:51
497;16151;Thé vert menthe Destination 100g;https://www.etiketbio.eu/the-vert-parfume/17729-destination-the-vert-doypack-menthe-100g-3700110008275.html;The vert doypack menthe 100g;3700110008275;;613;2026-08-13 07:45:51
500;106199;Infusion Rooibos nature Bio et équitable Destination 35 g;https://www.etiketbio.eu/rooibos-bio/21266-destination-rooibos-nature-fair-trade-100g-3700110005359.html;Rooibos Nature Destination 100g;3700110005359;;205;2026-08-13 07:46:41
501;106199;Infusion Rooibos nature Bio et équitable Destination 35 g;https://www.etiketbio.eu/rooibos-bio/24434-destination-rooibos-epices-bio-20-infx2g-3700110054593.html;Rooibos Épices Destination x20;3700110054593;;123;2026-08-13 07:46:41
502;106199;Infusion Rooibos nature Bio et équitable Destination 35 g;https://www.etiketbio.eu/mate-bio/24432-destination-mate-100gr-fair-3700110052445.html;Maté Bio Destination 100g;3700110052445;;108;2026-08-13 07:46:41
503;106199;Infusion Rooibos nature Bio et équitable Destination 35 g;https://www.etiketbio.eu/the-vert-nature-bio/28733-the-vert-sencha-bio-equitable-200gr-3700110050588.html;Thé vert Sencha Destination 200g;3700110050588;;50;2026-08-13 07:46:41
512;32004;Gaspacho Luce 1l;https://www.etiketbio.eu/soupes-bio-pretes-a-deguster/24034-luce-gaspacho-1l-3329489901569.html;Gaspacho bio Luce 1L;3329489901569;;667;2026-08-13 07:49:53
513;32004;Gaspacho Luce 1l;https://www.etiketbio.eu/jus-de-tomate/24035-luce-jus-de-tomates-sans-sel-1l-3329489901576.html;Jus de tomates sans sel Luce 1L;3329489901576;;109;2026-08-13 07:49:53
515;106197;Thé Vert Bio Destination 50 x 1,6 g;https://www.etiketbio.eu/the-vert-nature-bio/21264-destination-the-vert-gunpowder-nature-200g-3700110005243.html;Thé vert Gunpowder Destination 200g;3700110005243;;229;2026-08-13 07:50:35
516;106197;Thé Vert Bio Destination 50 x 1,6 g;https://www.etiketbio.eu/the-vert-nature-bio/21269-destination-the-vert-doypack-gunpowder-100g-3700110008251.html;Thé vert Gunpowder Destination 100g;3700110008251;;238;2026-08-13 07:50:35
517;106197;Thé Vert Bio Destination 50 x 1,6 g;https://www.etiketbio.eu/the-vert-parfume/24402-destination-the-vert-earl-grey-20x15gr-sachets-3700110055620.html;Thé vert Earl Grey Destination x20;3700110055620;;232;2026-08-13 07:50:35
518;106197;Thé Vert Bio Destination 50 x 1,6 g;https://www.etiketbio.eu/the-vert-nature-bio/21267-destination-the-vert-sencha-premium-n-18-80g-3700110005564.html;Thé vert Sencha Destination 80g;3700110005564;;232;2026-08-13 07:50:35
519;106197;Thé Vert Bio Destination 50 x 1,6 g;https://www.etiketbio.eu/the-vert-nature-bio/27696-the-vert-hojicha-japon-kyushu-80g-3700110005588.html;Thé vert Hojicha Destination 80g;3700110005588;;229;2026-08-13 07:50:35
520;106197;Thé Vert Bio Destination 50 x 1,6 g;https://www.etiketbio.eu/the-vert-nature-bio/24404-destination-the-vert-nature-equitable-3700110055644.html;Thé vert nature Destination x50;3700110055644;;232;2026-08-13 07:50:36
521;106197;Thé Vert Bio Destination 50 x 1,6 g;https://www.etiketbio.eu/the-vert-nature-bio/28732-gunpowder-n12-100g-3700110000538.html;Thé vert Gunpowder Destination 100g;3700110000538;;238;2026-08-13 07:50:36
522;106197;Thé Vert Bio Destination 50 x 1,6 g;https://www.etiketbio.eu/the-vert-nature-bio/25607-destination-the-vert-nature-bio-20-sachets-3700110055521.html;Thé vert nature Destination x20;3700110055521;;232;2026-08-13 07:50:36
523;106197;Thé Vert Bio Destination 50 x 1,6 g;https://www.etiketbio.eu/the-vert-nature-bio/24421-destination-the-vert-sencha-chine-bio-equitable-80gr-3700110050571.html;Thé vert Sencha Chine Destination 80g;3700110050571;;231;2026-08-13 07:50:36
524;106197;Thé Vert Bio Destination 50 x 1,6 g;https://www.etiketbio.eu/the-vert-nature-bio/28733-the-vert-sencha-bio-equitable-200gr-3700110050588.html;Thé vert Sencha Destination 200g;3700110050588;;229;2026-08-13 07:50:36
525;106197;Thé Vert Bio Destination 50 x 1,6 g;https://www.etiketbio.eu/the-vert-parfume/24424-destination-the-vert-agrumes-80gr-bio-3700110050618.html;The vert agrumes 80gr bio;3700110050618;;167;2026-08-13 07:50:36
526;106197;Thé Vert Bio Destination 50 x 1,6 g;https://www.etiketbio.eu/the-vert-parfume/24433-destination-the-vert-citron-bio-inf-20x175g-3700110054586.html;The vert citron  bio inf 20x1.75g;3700110054586;;219;2026-08-13 07:50:36
527;106197;Thé Vert Bio Destination 50 x 1,6 g;https://www.etiketbio.eu/the-vert-parfume/17729-destination-the-vert-doypack-menthe-100g-3700110008275.html;The vert doypack menthe 100g;3700110008275;;120;2026-08-13 07:50:36
528;106197;Thé Vert Bio Destination 50 x 1,6 g;https://www.etiketbio.eu/the-vert-parfume/21861-destination-the-vert-menthe-200g-3700111069756.html;The vert menthe 200g;3700111069756;;113;2026-08-13 07:50:37
529;106197;Thé Vert Bio Destination 50 x 1,6 g;https://www.etiketbio.eu/the-vert-parfume/24425-destination-the-vert-exotique-bio-80gr-3700110050625.html;The vert exotique bio 80gr;3700110050625;;197;2026-08-13 07:50:37
530;106197;Thé Vert Bio Destination 50 x 1,6 g;https://www.etiketbio.eu/the-vert-parfume/24403-destination-the-vert-menthe-20x175gr-sachets-3700110055637.html;The vert menthe 20x1.75gr sachets;3700110055637;;111;2026-08-13 07:50:37
531;106197;Thé Vert Bio Destination 50 x 1,6 g;https://www.etiketbio.eu/the-vert-parfume/24406-destination-the-vert-menthe-x50-sachet-3700110055668.html;The vert menthe x50  sachet;3700110055668;;109;2026-08-13 07:50:37
532;106197;Thé Vert Bio Destination 50 x 1,6 g;https://www.etiketbio.eu/the-noir-bio/17730-destination-the-noir-earl-grey-ceylan-vrac-100g-3700110008299.html;Thé noir Earl Grey Destination 100g;3700110008299;;127;2026-08-13 07:50:37
533;106197;Thé Vert Bio Destination 50 x 1,6 g;https://www.etiketbio.eu/the-noir-bio/21846-destination-the-noir-breakfast-20x2g-3700110008114.html;Thé noir Breakfast Destination x20;3700110008114;;129;2026-08-13 07:50:37
534;106197;Thé Vert Bio Destination 50 x 1,6 g;https://www.etiketbio.eu/the-vert-nature-bio/24418-destination-the-oolong-qilan-50g-3700110044402.html;Thé Oolong Qilan Destination 50g;3700110044402;;133;2026-08-13 07:50:37
535;106197;Thé Vert Bio Destination 50 x 1,6 g;https://www.etiketbio.eu/the-noir-bio/19109-destination-the-breakfast-n4-100g-3700110008282.html;Thé Breakfast Destination 100g;3700110008282;;137;2026-08-13 07:50:37
536;106197;Thé Vert Bio Destination 50 x 1,6 g;https://www.etiketbio.eu/the-noir-bio/24405-destination-the-noir-breakfast-50x2gr-ft-3700110055651.html;Thé noir Breakfast Destination x50;3700110055651;;129;2026-08-13 07:50:37
537;106197;Thé Vert Bio Destination 50 x 1,6 g;https://www.etiketbio.eu/the-noir-bio/24401-destination-the-noir-earl-grey-20-sachets-3700110055613.html;Thé noir Earl Grey Destination x20;3700110055613;;122;2026-08-13 07:50:38
538;106197;Thé Vert Bio Destination 50 x 1,6 g;https://www.etiketbio.eu/the-vert-parfume/21859-destination-the-vert-earl-grey-80g-3700110044389.html;The vert earl grey 80g;3700110044389;;117;2026-08-13 07:50:38
539;106197;Thé Vert Bio Destination 50 x 1,6 g;https://www.etiketbio.eu/the-noir-bio/21274-destination-the-noir-breakfast-petit-dej-n4-200g-3700111069855.html;Thé Breakfast Destination 200g;3700111069855;;130;2026-08-13 07:50:38
540;106197;Thé Vert Bio Destination 50 x 1,6 g;https://www.etiketbio.eu/the-noir-bio/21265-destination-the-noir-assam-inde-vrac-100g-3700110005342.html;Thé noir Assam Destination 100g;3700110005342;;135;2026-08-13 07:50:38
541;106197;Thé Vert Bio Destination 50 x 1,6 g;https://www.etiketbio.eu/the-noir-bio/21257-destination-the-noir-legende-darjeeling-100g-3700110008305.html;Thé noir Darjeeling Destination 100g;3700110008305;;131;2026-08-13 07:50:38
542;106197;Thé Vert Bio Destination 50 x 1,6 g;https://www.etiketbio.eu/the-noir-bio/21258-destination-gout-russe-n3-100g-3700111019850.html;Thé noir Goût Russe Destination 100g;3700111019850;;125;2026-08-13 07:50:38
543;106197;Thé Vert Bio Destination 50 x 1,6 g;https://www.etiketbio.eu/the-vert-parfume/24423-destination-the-vert-citron-equitable-vrac-80gr-3700110050601.html;The vert citron equitable vrac 80gr;3700110050601;;114;2026-08-13 07:50:38
544;106197;Thé Vert Bio Destination 50 x 1,6 g;https://www.etiketbio.eu/mate-bio/24432-destination-mate-100gr-fair-3700110052445.html;Maté Bio Destination 100g;3700110052445;;156;2026-08-13 07:50:38
545;106197;Thé Vert Bio Destination 50 x 1,6 g;https://www.etiketbio.eu/the-vert-parfume/24440-destination-the-vert-citron-gingembre-20inf-3700110055507.html;The vert citron gingembre 20inf;3700110055507;;121;2026-08-13 07:50:39
546;106197;Thé Vert Bio Destination 50 x 1,6 g;https://www.etiketbio.eu/rooibos-bio/24434-destination-rooibos-epices-bio-20-infx2g-3700110054593.html;Rooibos Épices Destination x20;3700110054593;;58;2026-08-13 07:50:39
547;106712;Thé Vert BIO à la Menthe Destination 20 infusettes;https://www.etiketbio.eu/the-vert-parfume/24402-destination-the-vert-earl-grey-20x15gr-sachets-3700110055620.html;Thé vert Earl Grey Destination x20;3700110055620;;198;2026-08-13 07:50:56
548;106712;Thé Vert BIO à la Menthe Destination 20 infusettes;https://www.etiketbio.eu/the-vert-parfume/24403-destination-the-vert-menthe-20x175gr-sachets-3700110055637.html;The vert menthe 20x1.75gr sachets;3700110055637;;169;2026-08-13 07:50:56
550;13683;Tomates concassées Luce 400g;https://www.etiketbio.eu/tomates-bio-en-conserve/22760-luce-tomates-concassees-400g-3329489901613.html;Tomates concassées bio Luce 400g;3329489901613;;747;2026-08-13 07:51:54
551;13683;Tomates concassées Luce 400g;https://www.etiketbio.eu/tomates-bio-en-conserve/22758-luce-tomate-pelees-400g-3329489901583.html;Tomates pelées bio Luce 400g;3329489901583;;407;2026-08-13 07:51:54
553;10035;Tomates pelées Luce 400g;https://www.etiketbio.eu/tomates-bio-en-conserve/22758-luce-tomate-pelees-400g-3329489901583.html;Tomates pelées bio Luce 400g;3329489901583;;738;2026-08-13 07:52:11
554;10035;Tomates pelées Luce 400g;https://www.etiketbio.eu/tomates-bio-en-conserve/22760-luce-tomates-concassees-400g-3329489901613.html;Tomates concassées bio Luce 400g;3329489901613;;386;2026-08-13 07:52:11
563;5980;Passata nature Luce 680g;https://www.etiketbio.eu/sauce-tomate-nature/22754-luce-passata-nature-680g-3329489901521.html;Passata nature bio Luce 680g;3329489901521;;738;2026-08-13 07:54:41
564;5980;Passata nature Luce 680g;https://www.etiketbio.eu/sauce-tomate-nature/22757-luce-passata-rustica-680g-3329489901552.html;Passata Rustica bio Luce 680g;3329489901552;;385;2026-08-13 07:54:41
565;5980;Passata nature Luce 680g;https://www.etiketbio.eu/sauce-tomate-nature/22756-luce-passata-basilic-680g-3329489901545.html;Passata basilic bio Luce 680g;3329489901545;;408;2026-08-13 07:54:41
569;101600;Café en grains Destination 500g;https://www.etiketbio.eu/cafe-en-grains/23885-destination-cafe-doux-pur-arabica-grains-fair-500gr-3700110053381.html;Cafe doux pur arabica grains  fair 500gr;3700110053381;;163;2026-08-13 07:55:23
570;101600;Café en grains Destination 500g;https://www.etiketbio.eu/cafe-en-grains/23881-destination-cafe-grains-moka-pur-arabica-fair-500gr-3700110052100.html;Cafe grains moka  pur arabica fair 500gr;3700110052100;;155;2026-08-13 07:55:24
571;101600;Café en grains Destination 500g;https://www.etiketbio.eu/cafe-en-grains/23884-destination-cafe-grains-exception-pur-arabica-500gr-3700110053343.html;Cafe grains exception pur arabica 500gr;3700110053343;;210;2026-08-13 07:55:24
572;101600;Café en grains Destination 500g;https://www.etiketbio.eu/cafe-en-grains/21851-destination-selection-100-arabica-grain-500g-3700116011231.html;Selection 100% arabica grain 500g;3700116011231;;95;2026-08-13 07:55:24
581;19746;Corn Flakes nature Grillon d'Or 500g;https://www.etiketbio.eu/flakes-petales-de-cereales/16504-grillon-dor-corn-flakes-sucres-500g-3421557501432.html;Corn flakes sucrés bio Grillon d’Or 500g;3421557501432;;618;2026-08-13 08:06:43
582;19746;Corn Flakes nature Grillon d'Or 500g;https://www.etiketbio.eu/flakes-petales-de-cereales/9035-grillon-dor-corn-flakes-nature-sans-sucre-500g-3421557111044.html;Corn flakes sans sucre 500g bio - Grillon d’Or;3421557111044;;529;2026-08-13 08:06:44
585;35328;Flocons d'avoine Grillon d'Or 500g;https://www.etiketbio.eu/flocons-d-avoine-sans-gluten-bio/9082-grillon-dor-flocons-davoine-sans-gluten-500g-3421557701504.html;Flocons d’avoine sans gluten 500g – Grillon d’Or;3421557701504;;602;2026-08-13 08:07:51
586;35328;Flocons d'avoine Grillon d'Or 500g;https://www.etiketbio.eu/flocons-d-avoine-bio/9078-grillon-dor-flocons-avoine-gros-500g-3421557701382.html;Flocons d’Avoine Gros Bio 500g – Grillon d’Or;3421557701382;;626;2026-08-13 08:07:51
587;35328;Flocons d'avoine Grillon d'Or 500g;https://www.etiketbio.eu/granola-crunchy-krounchy/16505-grillon-dor-krounchy-chocolat-avoine-500g-3421557502477.html;Krounchy chocolat avoine 500g Grillon d’Or;3421557502477;;315;2026-08-13 08:07:51
588;35328;Flocons d'avoine Grillon d'Or 500g;https://www.etiketbio.eu/granola-crunchy-krounchy/9020-grillon-dor-krounchy-avoine-amande-500g-3421557108624.html;Krounchy amande avoine Grillon d’Or 500g;3421557108624;;338;2026-08-13 08:07:52
589;35328;Flocons d'avoine Grillon d'Or 500g;https://www.etiketbio.eu/granola-crunchy-krounchy/9018-grillon-dor-krunchy-nature-500g-3421557108594.html;Krounchy nature Grillon d’Or 500g;3421557108594;;300;2026-08-13 08:07:52
590;35328;Flocons d'avoine Grillon d'Or 500g;https://www.etiketbio.eu/muesli-nature/9043-grillon-dor-muesli-sans-gluten-500g-3421557112003.html;Muesli sans gluten bio 500g Grillon d’Or;3421557112003;;254;2026-08-13 08:07:52
591;35328;Flocons d'avoine Grillon d'Or 500g;https://www.etiketbio.eu/granola-crunchy-krounchy/9026-grillon-dor-krounchy-chataigne-500g-3421557110092.html;Krounchy châtaigne Grillon d’Or 500g;3421557110092;;376;2026-08-13 08:07:52
592;35328;Flocons d'avoine Grillon d'Or 500g;https://www.etiketbio.eu/muesli-au-chocolat-bio/9008-grillon-dor-muesli-chocolat-noir-500g-3421557104008.html;Muesli chocolat noir bio 500g  Grillon d’Or;3421557104008;;223;2026-08-13 08:07:52
593;35328;Flocons d'avoine Grillon d'Or 500g;https://www.etiketbio.eu/granola-crunchy-krounchy/9040-grillon-dor-krounchy-fruits-rouges-500g-3421557111198.html;Krounchy fruits rouges Grillon d’Or 500g;3421557111198;;268;2026-08-13 08:07:52
594;35328;Flocons d'avoine Grillon d'Or 500g;https://www.etiketbio.eu/flocons-d-avoine-sans-gluten-bio/25902-grillon-dor-petits-flocons-davoine-sans-gluten-500gr-3421557920677.html;Petits flocons d'avoine sans gluten 500gr;3421557920677;;222;2026-08-13 08:07:52
595;35328;Flocons d'avoine Grillon d'Or 500g;https://www.etiketbio.eu/muesli-aux-fruits/24445-grillon-dor-muesli-cranberries-cassis-500gr-3421557921704.html;Muesli cranberries cassis  500g Grillon d’Or;3421557921704;;284;2026-08-13 08:07:53
596;35328;Flocons d'avoine Grillon d'Or 500g;https://www.etiketbio.eu/muesli-nature/9013-grillon-dor-muesli-4-cereales-fruits-500g-3421557107504.html;Muesli 4 céréales fruits bio 500g Grillon d’Or;3421557107504;;214;2026-08-13 08:07:53
597;35328;Flocons d'avoine Grillon d'Or 500g;https://www.etiketbio.eu/flocons-d-avoine-bio/9077-grillon-dor-flocons-avoines-petits-500g-3421557701344.html;Flocons avoines petits 500g;3421557701344;;285;2026-08-13 08:07:53
599;19743;Krounchy nature Grillon d'Or 1kg;https://www.etiketbio.eu/granola-crunchy-krounchy/9017-grillon-dor-crunchy-familial-nature-1kg-3421557108150.html;Krounchy nature bio 1kg Grillon d’Or;3421557108150;;783;2026-08-13 08:08:43
600;19743;Krounchy nature Grillon d'Or 1kg;https://www.etiketbio.eu/granola-crunchy-krounchy/9029-grillon-dor-krounchy-familial-chocolat-1kg-3421557110313.html;Krounchy chocolat Grillon d’Or 1kg;3421557110313;;600;2026-08-13 08:08:43
601;19743;Krounchy nature Grillon d'Or 1kg;https://www.etiketbio.eu/granola-crunchy-krounchy/9030-grillon-dor-krounchy-familial-fruits-1kg-3421557110320.html;Krounchy fruits Grillon d’Or 1kg;3421557110320;;619;2026-08-13 08:08:44
603;19741;Muesli noisette Grillon d'Or 1kg;https://www.etiketbio.eu/muesli-nature/9014-grillon-dor-muesli-noisettes-1kg-3421557108075.html;Muesli noisettes bio 1kg Grillon d’Or;3421557108075;;617;2026-08-13 08:09:35
604;19741;Muesli noisette Grillon d'Or 1kg;https://www.etiketbio.eu/muesli-aux-fruits/9015-grillon-dor-muesli-fruits-1kg-3421557108099.html;Muesli fruits bio 1kg Grillon d’Or;3421557108099;;458;2026-08-13 08:09:35
607;116727;Krounchy tout chocolat Grillon d'Or 500g;https://www.etiketbio.eu/granola-crunchy-krounchy/9028-grillon-dor-krounchy-too-chocolat-500g-3421557110214.html;Krounchy duo chocolat Grillon d’Or 500g;3421557110214;;736;2026-08-13 08:10:25
608;116727;Krounchy tout chocolat Grillon d'Or 500g;https://www.etiketbio.eu/granola-crunchy-krounchy/16505-grillon-dor-krounchy-chocolat-avoine-500g-3421557502477.html;Krounchy chocolat avoine 500g Grillon d’Or;3421557502477;;708;2026-08-13 08:10:25
609;116727;Krounchy tout chocolat Grillon d'Or 500g;https://www.etiketbio.eu/granola-crunchy-krounchy/9016-grillon-dor-krounchy-epeautre-chocolat-noir-500g-3421557108136.html;Krounchy épeautre chocolat 500g Grillon d’Or;3421557108136;;691;2026-08-13 08:10:25
610;116727;Krounchy tout chocolat Grillon d'Or 500g;https://www.etiketbio.eu/granola-crunchy-krounchy/22850-grillon-dor-krounchy-chocolat-proteine-500g-3421557921339.html;Krounchy chocolat protéines bio 500g Grillon d’Or;3421557921339;;608;2026-08-13 08:10:26
611;116727;Krounchy tout chocolat Grillon d'Or 500g;https://www.etiketbio.eu/granola-crunchy-krounchy/9023-grillon-dor-krounchy-au-3-chocolat-500g-3421557110023.html;Krounchy 3 chocolats Grillon d’Or 500g;3421557110023;;596;2026-08-13 08:10:26
612;123428;Flocons d'avoine sans gluten Grillon d'Or 1kg;https://www.etiketbio.eu/flocons-d-avoine-sans-gluten-bio/30429-flocons-d-avoine-sans-gluten-1-kg-3421557923241.html;Flocons d’avoine sans gluten 1kg bio – Grillon d’Or;3421557923241;;836;2026-08-13 08:11:33
613;123428;Flocons d'avoine sans gluten Grillon d'Or 1kg;https://www.etiketbio.eu/granola-crunchy-krounchy/9017-grillon-dor-crunchy-familial-nature-1kg-3421557108150.html;Krounchy nature bio 1kg Grillon d’Or;3421557108150;;209;2026-08-13 08:11:33
614;123428;Flocons d'avoine sans gluten Grillon d'Or 1kg;https://www.etiketbio.eu/granola-crunchy-krounchy/9029-grillon-dor-krounchy-familial-chocolat-1kg-3421557110313.html;Krounchy chocolat Grillon d’Or 1kg;3421557110313;;214;2026-08-13 08:11:33
630;13436;Boisson bio riz nature Bonneterre 1L;https://www.etiketbio.eu/boisson-au-riz-bio/8431-bonneterre-boisson-riz-1l-3396410003821.html;Boisson riz bio 1L Bonneterre;3396410003821;;744;2026-08-13 08:27:11
631;13436;Boisson bio riz nature Bonneterre 1L;https://www.etiketbio.eu/boisson-a-l-epeautre-bio/8727-bonneterre-boisson-riz-epeautre-noisette-20cl-3396413705593.html;Boisson riz epeautre noisette 20cl;3396413705593;;210;2026-08-13 08:27:11
632;13437;Boisson bio riz amande Bonneterre 1L;https://www.etiketbio.eu/boisson-a-l-amande-bio/8658-bonneterre-boisson-riz-epeautre-amande-1l-3396411221323.html;Boisson riz epeautre amande 1l;3396411221323;;525;2026-08-13 08:27:27
633;13437;Boisson bio riz amande Bonneterre 1L;https://www.etiketbio.eu/boisson-au-riz-bio/8436-bonneterre-boisson-riz-amande-1l-3396410003975.html;Boisson riz amande 1l;3396410003975;;491;2026-08-13 08:27:27
634;96097;Boisson bio amande intense Bonneterre 1L;https://www.etiketbio.eu/boisson-a-l-amande-bio/23819-bonneterre-boisson-amande-intense-1l-3396411244711.html;Boisson amande intense 1L Bonneterre;3396411244711;;789;2026-08-13 08:27:44
635;96097;Boisson bio amande intense Bonneterre 1L;https://www.etiketbio.eu/boisson-a-l-amande-bio/22090-bonneterre-boisson-amande-grillee-1l-3396411240904.html;Boisson amande grillée 1L bio – Bonneterre;3396411240904;;750;2026-08-13 08:27:44
638;13438;Boisson bio riz épeautre noisette Bonneterre 1L;https://www.etiketbio.eu/boisson-a-l-epeautre-bio/8513-bonneterre-boisson-epeautre-riz-noisette-1l-cc-3396410048105.html;Boisson épeautre noisette Bonneterre;3396410048105;;496;2026-08-13 08:29:08
639;13438;Boisson bio riz épeautre noisette Bonneterre 1L;https://www.etiketbio.eu/boisson-a-l-epeautre-bio/8727-bonneterre-boisson-riz-epeautre-noisette-20cl-3396413705593.html;Boisson riz epeautre noisette 20cl;3396413705593;;437;2026-08-13 08:29:08
643;17139;Boisson bio riz châtaigne avoine Bonneterre 1L;https://www.etiketbio.eu/autre-boisson-vegetale/8740-bonneterre-boisson-chataigne-riz-avoine-1l-3396413712249.html;Boisson châtaigne riz avoine bio 1L Bonneterre;3396413712249;;1000;2026-08-13 08:30:32
644;17139;Boisson bio riz châtaigne avoine Bonneterre 1L;https://www.etiketbio.eu/autre-boisson-vegetale/8728-bonneterre-boisson-riz-chataigne-avoine-20cl-3396413705609.html;Boisson riz chataigne avoine 20cl;3396413705609;;434;2026-08-13 08:30:32
645;115356;Accras de légumes à la thaï Carte Nature x12;https://www.etiketbio.eu/parfum-bio/28756-eau-de-parfum-iris-ensoleille-50ml-3516170028746.html;Eau de parfum Iris Ensoleillé 50ml Florame;3516170028746;;39;2026-08-13 08:31:14
646;115356;Accras de légumes à la thaï Carte Nature x12;https://www.etiketbio.eu/complexe-antioxydant/28138-ultra-vitalr-3700195662065.html;Ultra Vital 30 comprimés Vit'all+;3700195662065;;0;2026-08-13 08:31:14
647;115356;Accras de légumes à la thaï Carte Nature x12;https://www.etiketbio.eu/deodorants-et-eau-de-toilette-bio/27332-eau-de-toilette-bleu-glacier-100ml-3516170028630.html;Eau de toilette homme Bleu Glacier 100ml Florame;3516170028630;;43;2026-08-13 08:31:14
648;115356;Accras de légumes à la thaï Carte Nature x12;https://www.etiketbio.eu/parfum-deodorants/19674-acorelle-edp-envolee-de-neroli-3700343021157.html;Eau de parfum Envolée de Néroli bio 50ml Acorelle;3700343021157;;48;2026-08-13 08:31:14
653;19168;Magnésium ionise Catalyons 500ml;https://www.etiketbio.eu/magnesium-bio/10680-magnesium-500ml-3760166800124.html;Magnésium 500ml Catalyons;3760166800124;;658;2026-08-13 08:32:38
654;19168;Magnésium ionise Catalyons 500ml;https://www.etiketbio.eu/magnesium-bio/30388-magnesium-biocatalytique-500ml-3760166800025.html;Magnésium biocatalytique 500ml – Catalyons;3760166800025;;542;2026-08-13 08:32:38
655;19168;Magnésium ionise Catalyons 500ml;https://www.etiketbio.eu/oligo-elements-unitaire/28781-soufre-magnesium-500ml-3760166800032.html;Soufre magnesium 500ml;3760166800032;;278;2026-08-13 08:32:38
656;23356;Argent colloïdal 20 PPM Catalyons 1l;https://www.etiketbio.eu/argent-colloidal/28786-argent-colloidal-15ppm-500ml-3760166800667.html;Argent colloïdal 15 ppm 500ml – Catalyons;3760166800667;;604;2026-08-13 08:32:55
657;23356;Argent colloïdal 20 PPM Catalyons 1l;https://www.etiketbio.eu/argent-colloidal/30392-argent-colloidal-40ppm-cosmos-natural-500ml-3760166800636.html;Argent colloïdal 40 ppm 500 ml – Catalyons;3760166800636;;496;2026-08-13 08:32:55
658;23356;Argent colloïdal 20 PPM Catalyons 1l;https://www.etiketbio.eu/argent-colloidal/28457-litre-argent-colloidal-20ppm-3760166806829.html;Argent colloïdal 20 ppm 1L – Catalyons;3760166806829;;1000;2026-08-13 08:32:55
659;23356;Argent colloïdal 20 PPM Catalyons 1l;https://www.etiketbio.eu/argent-colloidal/10699-argent-colloidal-20ppm-500ml-3760166806874.html;Argent colloïdal 20 ppm 500ml – Catalyons;3760166806874;;733;2026-08-13 08:32:55
660;23356;Argent colloïdal 20 PPM Catalyons 1l;https://www.etiketbio.eu/argent-colloidal/27204-argent-colloidal-20ppm-150ml-3760166800070.html;Argent colloïdal 20 ppm 150ml – Catalyons;3760166800070;;800;2026-08-13 08:32:55
661;23356;Argent colloïdal 20 PPM Catalyons 1l;https://www.etiketbio.eu/argent-colloidal/10697-eau-d-argent-gouttes-20ml-3760166804474.html;Argent colloïdal 20 ppm gouttes 20ml Catalyons;3760166804474;;592;2026-08-13 08:32:55
662;23356;Argent colloïdal 20 PPM Catalyons 1l;https://www.etiketbio.eu/argent-colloidal/30393-spray-eau-d-argent-colloidal-40ppm-cosmos-natural-30ml-3760166800803.html;Spray argent colloïdal 40 ppm 30 ml – Catalyons;3760166800803;;407;2026-08-13 08:32:55
663;23356;Argent colloïdal 20 PPM Catalyons 1l;https://www.etiketbio.eu/argent-colloidal/10679-argent-colloidal-5ppm-500ml-3760166800049.html;Argent colloidal 5ppm 500ml Catalyons;3760166800049;;397;2026-08-13 08:32:55
664;23356;Argent colloïdal 20 PPM Catalyons 1l;https://www.etiketbio.eu/argent-colloidal/28790-eau-d-argent-nez-spray-20ml-3760166804467.html;Eau d’Argent Nez Spray 20 ppm - Catalyons;3760166804467;;220;2026-08-13 08:32:56
665;23356;Argent colloïdal 20 PPM Catalyons 1l;https://www.etiketbio.eu/argent-colloidal/30394-animalyon-argent-colloidal-20ppm-500ml-3760166801015.html;Argent colloïdal 20ppm Animalyon Catalyons;3760166801015;;372;2026-08-13 08:32:56
666;23356;Argent colloïdal 20 PPM Catalyons 1l;https://www.etiketbio.eu/argent-colloidal/27203-argent-colloidal-20ppm-vaporisateur-150-ml-3760166800001.html;Argent colloïdal 20ppm - vaporisateur 150 ml;3760166800001;;197;2026-08-13 08:32:56
667;23653;Argent colloïdal 5 PPM Catalyons 500ml;https://www.etiketbio.eu/argent-colloidal/28786-argent-colloidal-15ppm-500ml-3760166800667.html;Argent colloïdal 15 ppm 500ml – Catalyons;3760166800667;;823;2026-08-13 08:33:13
668;23653;Argent colloïdal 5 PPM Catalyons 500ml;https://www.etiketbio.eu/argent-colloidal/10699-argent-colloidal-20ppm-500ml-3760166806874.html;Argent colloïdal 20 ppm 500ml – Catalyons;3760166806874;;801;2026-08-13 08:33:13
669;23653;Argent colloïdal 5 PPM Catalyons 500ml;https://www.etiketbio.eu/argent-colloidal/10679-argent-colloidal-5ppm-500ml-3760166800049.html;Argent colloidal 5ppm 500ml Catalyons;3760166800049;;569;2026-08-13 08:33:13
670;23653;Argent colloïdal 5 PPM Catalyons 500ml;https://www.etiketbio.eu/argent-colloidal/30394-animalyon-argent-colloidal-20ppm-500ml-3760166801015.html;Argent colloïdal 20ppm Animalyon Catalyons;3760166801015;;375;2026-08-13 08:33:13
671;81179;Argent colloïdal Catalyons 150ml;https://www.etiketbio.eu/argent-colloidal/27204-argent-colloidal-20ppm-150ml-3760166800070.html;Argent colloïdal 20 ppm 150ml – Catalyons;3760166800070;;601;2026-08-13 08:33:46
672;81179;Argent colloïdal Catalyons 150ml;https://www.etiketbio.eu/argent-colloidal/27203-argent-colloidal-20ppm-vaporisateur-150-ml-3760166800001.html;Argent colloïdal 20ppm - vaporisateur 150 ml;3760166800001;;189;2026-08-13 08:33:46
674;23654;Magnésium liquide Catalyons 500ml;https://www.etiketbio.eu/magnesium-bio/10680-magnesium-500ml-3760166800124.html;Magnésium 500ml Catalyons;3760166800124;;647;2026-08-13 08:35:10
675;23654;Magnésium liquide Catalyons 500ml;https://www.etiketbio.eu/magnesium-bio/30388-magnesium-biocatalytique-500ml-3760166800025.html;Magnésium biocatalytique 500ml – Catalyons;3760166800025;;534;2026-08-13 08:35:10
677;35071;Parmigioano Reggiano AOP Rapé Bonneterre 50g;https://www.etiketbio.eu/plats-prepares/9293-danival-risotto-cremeux-aux-champignons-250g-3431590012673.html;Risotto cremeux aux champignons 250g;3431590012673;;0;2026-08-13 08:37:49
678;35071;Parmigioano Reggiano AOP Rapé Bonneterre 50g;https://www.etiketbio.eu/plats-prepares/7725-prosain-risotto-aux-cepes-365g-3335880004112.html;Risotto aux cepes 365g;3335880004112;;0;2026-08-13 08:37:49
679;93277;Comté AOP au lait cru de vache Bonneterre 250g;https://www.etiketbio.eu/chocolat-au-lait-bio/8480-chocolat-fondant-au-lait-100g-3396410024512.html;CHOCOLAT FONDANT AU LAIT 100G;3396410024512;;101;2026-08-13 08:38:25
680;93277;Comté AOP au lait cru de vache Bonneterre 250g;https://www.etiketbio.eu/boisson-au-soja/8432-bonneterre-boisson-soja-selection-doux-1l-3396410003838.html;Boisson soja doux 1L bio – Bonneterre;3396410003838;;52;2026-08-13 08:38:25
681;93277;Comté AOP au lait cru de vache Bonneterre 250g;https://www.etiketbio.eu/autre-boisson-vegetale/8740-bonneterre-boisson-chataigne-riz-avoine-1l-3396413712249.html;Boisson châtaigne riz avoine bio 1L Bonneterre;3396413712249;;53;2026-08-13 08:38:26
682;93277;Comté AOP au lait cru de vache Bonneterre 250g;https://www.etiketbio.eu/lait-bebe-bio/30570-lait-pour-nourrissons-1-des-1-mois-demeter-800g-7640230493901.html;Lait nourrissons 1 bio Demeter 800g – Holle;7640230493901;;46;2026-08-13 08:38:26
683;93277;Comté AOP au lait cru de vache Bonneterre 250g;https://www.etiketbio.eu/vinaigre-de-cidre-bio/16352-bonneterre-vinaigre-de-cidre-non-pasteurise-75cl-3396410028121.html;Vinaigre de cidre non pasteurisé 75cl – Bonneterre;3396410028121;;118;2026-08-13 08:38:26
684;93277;Comté AOP au lait cru de vache Bonneterre 250g;https://www.etiketbio.eu/chocolat-au-lait-bio/8606-bonneterre-chocolat-lait-eclats-de-caramel-100g-3396411216305.html;Chocolat lait eclats de caramel 100g;3396411216305;;103;2026-08-13 08:38:26
685;93277;Comté AOP au lait cru de vache Bonneterre 250g;https://www.etiketbio.eu/chocolat-au-lait-bio/8481-bonneterre-chocolat-lait-noisettes-entieres-100g-3396410024543.html;Chocolat lait noisettes entieres 100g;3396410024543;;48;2026-08-13 08:38:26
686;93277;Comté AOP au lait cru de vache Bonneterre 250g;https://www.etiketbio.eu/lait-pour-le-corps/28607-lait-nettoyant-hydratant-pour-toute-la-famille-200ml-3537090020313.html;Lait nettoyant hydratant pour toute la famille 200ml;3537090020313;;39;2026-08-13 08:38:26
687;93277;Comté AOP au lait cru de vache Bonneterre 250g;https://www.etiketbio.eu/cafe-moulu/9586-cafe-michel-cafe-melange-corse-arabica-et-robusta-25-3483981000226.html;Cafe melange corse arabica et robusta 250g;3483981000226;;53;2026-08-13 08:38:26
688;93277;Comté AOP au lait cru de vache Bonneterre 250g;https://www.etiketbio.eu/boissons-vegetales/8660-boisson-amande-caramel-pointe-de-sel-1l-3396411221385.html;Boisson amande caramel 1L Bonneterre;3396411221385;;51;2026-08-13 08:38:27
689;93277;Comté AOP au lait cru de vache Bonneterre 250g;https://www.etiketbio.eu/chocolat-noir-bio/14980-tablette-chocolat-noir-togo-85-80g-3396411233692.html;Chocolat noir Togo 85% Bonneterre;3396411233692;;57;2026-08-13 08:38:27
690;93277;Comté AOP au lait cru de vache Bonneterre 250g;https://www.etiketbio.eu/pate-blanche/8523-bonneterre-tagliatelle-blanche-500g-cc-3396410052300.html;Tagliatelle blanches bio 500g Bonneterre - Italie;3396410052300;;62;2026-08-13 08:38:27
691;93277;Comté AOP au lait cru de vache Bonneterre 250g;https://www.etiketbio.eu/biscuit-aux-fruits/8716-bonneterre-tartelettes-au-citron-125g-3396411227929.html;Tartelettes citron Bonneterre 125g;3396411227929;;64;2026-08-13 08:38:27
692;93277;Comté AOP au lait cru de vache Bonneterre 250g;https://www.etiketbio.eu/biscuit-nature/8617-grande-galette-175g-3396411217845.html;Grande Galette Bonneterre 175g;3396411217845;;58;2026-08-13 08:38:27
693;93277;Comté AOP au lait cru de vache Bonneterre 250g;https://www.etiketbio.eu/pate-blanche/8524-bonneterre-fusilli-tricolores-torsades-500g-3396410052324.html;Fusilli tricolores bio 500g Bonneterre - Torsades;3396410052324;;60;2026-08-13 08:38:27
694;93277;Comté AOP au lait cru de vache Bonneterre 250g;https://www.etiketbio.eu/creme-solaire-corps-bio/27706-lait-solaire-invisible-tres-haute-protection-50-alphanova-daily-sun-150ml-3760075072865.html;Lait solaire invisible très haute protection 50+...;3760075072865;;48;2026-08-13 08:38:27
695;93277;Comté AOP au lait cru de vache Bonneterre 250g;https://www.etiketbio.eu/boisson-au-riz-bio/8431-bonneterre-boisson-riz-1l-3396410003821.html;Boisson riz bio 1L Bonneterre;3396410003821;;50;2026-08-13 08:38:27
696;93277;Comté AOP au lait cru de vache Bonneterre 250g;https://www.etiketbio.eu/chocolat-au-lait-bio/9612-terra-etica-tablette-chocolat-lait-50-100g-3483981002411.html;Tablette chocolat lait 50% 100g;3483981002411;;47;2026-08-13 08:38:28
697;93277;Comté AOP au lait cru de vache Bonneterre 250g;https://www.etiketbio.eu/chocolat-noir-bio/8734-chocolat-noir-citron-gingembre-100g-3396413709355.html;Chocolat noir citron gingembre 100g Bonneterre;3396413709355;;58;2026-08-13 08:38:28
698;93277;Comté AOP au lait cru de vache Bonneterre 250g;https://www.etiketbio.eu/boisson-au-soja/8437-bonneterre-boisson-soja-nature-1l-3396410004712.html;Boisson soja nature 1L bio – Bonneterre;3396410004712;;54;2026-08-13 08:38:28
699;93277;Comté AOP au lait cru de vache Bonneterre 250g;https://www.etiketbio.eu/pate-demi-complete/8530-bonneterre-fusilli-demi-complets-torsades-500g-3396410052607.html;Fusilli demi-complets bio 500g Bonneterre;3396410052607;;69;2026-08-13 08:38:28
700;93277;Comté AOP au lait cru de vache Bonneterre 250g;https://www.etiketbio.eu/pate-blanche/12078-bonneterre-alfabeti-tricolores-500g-3396410052386.html;Alfabeti tricolores bio 500g Bonneterre;3396410052386;;60;2026-08-13 08:38:28
701;93277;Comté AOP au lait cru de vache Bonneterre 250g;https://www.etiketbio.eu/pate-blanche/8521-bonneterre-coquillettes-blanches-500g-3396410052270.html;Coquillettes blanches bio 500g Bonneterre;3396410052270;;64;2026-08-13 08:38:28
702;93277;Comté AOP au lait cru de vache Bonneterre 250g;https://www.etiketbio.eu/creme-solaire-corps-bio/27709-lait-solaire-invisible-haute-protection-30-alphanova-daily-sun-150ml-3760075073077.html;Lait solaire invisible haute protection 30 alphanova...;3760075073077;;48;2026-08-13 08:38:28
703;93277;Comté AOP au lait cru de vache Bonneterre 250g;https://www.etiketbio.eu/lait-de-vache-bio/25527-grandeur-nature-lait-poudre-1mg-300g-3252920034239.html;Lait poudre 1%mg 300g;3252920034239;;34;2026-08-13 08:38:29
704;93277;Comté AOP au lait cru de vache Bonneterre 250g;https://www.etiketbio.eu/epices-patisserie-bio/8971-cook-melange-compote-crumble-35g-3417960033516.html;Mélange compote crumble bio Cook 35g;3417960033516;;0;2026-08-13 08:38:29
705;93277;Comté AOP au lait cru de vache Bonneterre 250g;https://www.etiketbio.eu/bebe/30587-bouillie-de-cereale-250g-7640104952855.html;Bouillie 3 céréales bio 250g dès 6 mois – Holle;7640104952855;;51;2026-08-13 08:38:29
706;93277;Comté AOP au lait cru de vache Bonneterre 250g;https://www.etiketbio.eu/chocolat-au-lait-bio/30428-tablette-chocolat-lait-fourree-pistache-92g-3370077589294.html;Chocolat au lait pistache bio 92g – Saveurs & Nature;3370077589294;;104;2026-08-13 08:38:29
707;93277;Comté AOP au lait cru de vache Bonneterre 250g;https://www.etiketbio.eu/granola-crunchy-krounchy/30544-les-fourrees-beurre-de-cacahuete-et-cacao-250g-3770008009882.html;Céréales fourrées bio cacao cacahuète 250g – Funkie;3770008009882;;54;2026-08-13 08:38:29
708;93277;Comté AOP au lait cru de vache Bonneterre 250g;https://www.etiketbio.eu/sel-fin/16867-sel-fin-guerande-boite-verseuse-250g-3445850061370.html;Sel fin Guérande Le Guérandais 250g;3445850061370;;49;2026-08-13 08:38:29
709;93277;Comté AOP au lait cru de vache Bonneterre 250g;https://www.etiketbio.eu/sel-rose-himalaya-bio/27263-sel-de-l-himalaya-250g-3760087360158.html;Sel rose Himalaya 250g Ecoidées;3760087360158;;43;2026-08-13 08:38:29
710;93277;Comté AOP au lait cru de vache Bonneterre 250g;https://www.etiketbio.eu/son/30787-son-de-ble-250g-favrichon-3111900370074.html;Son de blé bio 250g fibres - Favrichon;3111900370074;;98;2026-08-13 08:38:29
711;93295;Comté AOP affiné 8 mois Bonneterre 200g;https://www.etiketbio.eu/sauce-tomate-nature/7724-prosain-sauce-tomate-sans-sel-ajoute-200g-3335880003986.html;Sauce tomate sans sel Prosain 200g;3335880003986;;70;2026-08-13 08:38:47
712;93295;Comté AOP affiné 8 mois Bonneterre 200g;https://www.etiketbio.eu/sauce-tomate-preparee/7772-prosain-sauce-tomate-au-basilic-200g-3335880005843.html;Sauce tomate basilic bio Prosain 200g;3335880005843;;68;2026-08-13 08:38:47
713;93295;Comté AOP affiné 8 mois Bonneterre 200g;https://www.etiketbio.eu/sauce-tomate-nature/28739-concentre-de-tomate-22-en-tube-sans-sel-4006040181156.html;Concentré tomate bio Rapunzel 200g;4006040181156;;78;2026-08-13 08:38:47
714;93295;Comté AOP affiné 8 mois Bonneterre 200g;https://www.etiketbio.eu/sauce-tomate-preparee/12026-primeal-sauce-tomate-aux-petits-legumes-200g-3380380057014.html;Sauce tomate légumes Priméal 200g;3380380057014;;63;2026-08-13 08:38:47
715;93295;Comté AOP affiné 8 mois Bonneterre 200g;https://www.etiketbio.eu/sauce-tomate-nature/22631-luce-concentre-de-tomate-22-200g-3329489901712.html;Concentré tomate bio Luce 200g;3329489901712;;83;2026-08-13 08:38:47
716;93295;Comté AOP affiné 8 mois Bonneterre 200g;https://www.etiketbio.eu/sauce-tomate-nature/12384-primeal-double-concentre-de-tomates-200g-3380380073083.html;Double concentré tomate Priméal 200g;3380380073083;;69;2026-08-13 08:38:47
717;93295;Comté AOP affiné 8 mois Bonneterre 200g;https://www.etiketbio.eu/sauce-tomate-preparee/7768-prosain-sauce-tomate-aux-plantes-aromatiques-200g-3335880005805.html;Sauce tomate aromates Prosain 200g;3335880005805;;67;2026-08-13 08:38:47
718;93295;Comté AOP affiné 8 mois Bonneterre 200g;https://www.etiketbio.eu/sauce-tomate-preparee/7774-prosain-sauce-tomate-aux-olives-200g-3335880005867.html;Sauce tomate olives Prosain 200g;3335880005867;;68;2026-08-13 08:38:48
719;93295;Comté AOP affiné 8 mois Bonneterre 200g;https://www.etiketbio.eu/sauce-tomate-preparee/28834-sauce-tomate-provencale-200g-3380380078415.html;Sauce tomate provençale Priméal 200g;3380380078415;;69;2026-08-13 08:38:48
720;93295;Comté AOP affiné 8 mois Bonneterre 200g;https://www.etiketbio.eu/chocolat-noir-bio/14980-tablette-chocolat-noir-togo-85-80g-3396411233692.html;Chocolat noir Togo 85% Bonneterre;3396411233692;;76;2026-08-13 08:38:48
721;93295;Comté AOP affiné 8 mois Bonneterre 200g;https://www.etiketbio.eu/vinaigre-de-cidre-bio/16352-bonneterre-vinaigre-de-cidre-non-pasteurise-75cl-3396410028121.html;Vinaigre de cidre non pasteurisé 75cl – Bonneterre;3396410028121;;59;2026-08-13 08:38:48
722;93295;Comté AOP affiné 8 mois Bonneterre 200g;https://www.etiketbio.eu/moutardes/7404-emile-noel-moutarde-forte-de-dijon-bio-200g-3291960011862.html;Moutarde forte de dijon bio 200g;3291960011862;;68;2026-08-13 08:38:48
723;93295;Comté AOP affiné 8 mois Bonneterre 200g;https://www.etiketbio.eu/pate-blanche/8523-bonneterre-tagliatelle-blanche-500g-cc-3396410052300.html;Tagliatelle blanches bio 500g Bonneterre - Italie;3396410052300;;80;2026-08-13 08:38:48
724;93295;Comté AOP affiné 8 mois Bonneterre 200g;https://www.etiketbio.eu/biscuit-aux-fruits/8716-bonneterre-tartelettes-au-citron-125g-3396411227929.html;Tartelettes citron Bonneterre 125g;3396411227929;;74;2026-08-13 08:38:48
725;93295;Comté AOP affiné 8 mois Bonneterre 200g;https://www.etiketbio.eu/biscuit-nature/8617-grande-galette-175g-3396411217845.html;Grande Galette Bonneterre 175g;3396411217845;;66;2026-08-13 08:38:48
726;93295;Comté AOP affiné 8 mois Bonneterre 200g;https://www.etiketbio.eu/pate-blanche/8524-bonneterre-fusilli-tricolores-torsades-500g-3396410052324.html;Fusilli tricolores bio 500g Bonneterre - Torsades;3396410052324;;76;2026-08-13 08:38:49
727;93295;Comté AOP affiné 8 mois Bonneterre 200g;https://www.etiketbio.eu/boisson-au-riz-bio/8431-bonneterre-boisson-riz-1l-3396410003821.html;Boisson riz bio 1L Bonneterre;3396410003821;;71;2026-08-13 08:38:49
728;93295;Comté AOP affiné 8 mois Bonneterre 200g;https://www.etiketbio.eu/chocolat-noir-bio/8734-chocolat-noir-citron-gingembre-100g-3396413709355.html;Chocolat noir citron gingembre 100g Bonneterre;3396413709355;;74;2026-08-13 08:38:49
729;93295;Comté AOP affiné 8 mois Bonneterre 200g;https://www.etiketbio.eu/boisson-au-soja/8437-bonneterre-boisson-soja-nature-1l-3396410004712.html;Boisson soja nature 1L bio – Bonneterre;3396410004712;;75;2026-08-13 08:38:49
730;93295;Comté AOP affiné 8 mois Bonneterre 200g;https://www.etiketbio.eu/pate-demi-complete/8530-bonneterre-fusilli-demi-complets-torsades-500g-3396410052607.html;Fusilli demi-complets bio 500g Bonneterre;3396410052607;;93;2026-08-13 08:38:49
731;93295;Comté AOP affiné 8 mois Bonneterre 200g;https://www.etiketbio.eu/boissons-vegetales/8660-boisson-amande-caramel-pointe-de-sel-1l-3396411221385.html;Boisson amande caramel 1L Bonneterre;3396411221385;;80;2026-08-13 08:38:49
732;93295;Comté AOP affiné 8 mois Bonneterre 200g;https://www.etiketbio.eu/boisson-au-soja/8432-bonneterre-boisson-soja-selection-doux-1l-3396410003838.html;Boisson soja doux 1L bio – Bonneterre;3396410003838;;73;2026-08-13 08:38:49
733;93295;Comté AOP affiné 8 mois Bonneterre 200g;https://www.etiketbio.eu/autre-boisson-vegetale/8740-bonneterre-boisson-chataigne-riz-avoine-1l-3396413712249.html;Boisson châtaigne riz avoine bio 1L Bonneterre;3396413712249;;81;2026-08-13 08:38:50
734;93295;Comté AOP affiné 8 mois Bonneterre 200g;https://www.etiketbio.eu/pate-blanche/12078-bonneterre-alfabeti-tricolores-500g-3396410052386.html;Alfabeti tricolores bio 500g Bonneterre;3396410052386;;92;2026-08-13 08:38:50
735;93295;Comté AOP affiné 8 mois Bonneterre 200g;https://www.etiketbio.eu/pate-blanche/8521-bonneterre-coquillettes-blanches-500g-3396410052270.html;Coquillettes blanches bio 500g Bonneterre;3396410052270;;89;2026-08-13 08:38:50
736;93295;Comté AOP affiné 8 mois Bonneterre 200g;https://www.etiketbio.eu/chocolat-noir-bio/8605-bonneterre-chocolat-noir-noisettes-entieres-200g-3396411216299.html;Chocolat noir noisettes entieres 200g;3396411216299;;68;2026-08-13 08:38:50
737;93295;Comté AOP affiné 8 mois Bonneterre 200g;https://www.etiketbio.eu/biscuits-aperitif/13055-puraliment-crusty-tomate-mozzarella-200g-3184340161014.html;CRUSTY TOMATE MOZZARELLA 200G;3184340161014;;63;2026-08-13 08:38:50
738;93295;Comté AOP affiné 8 mois Bonneterre 200g;https://www.etiketbio.eu/cereale-soufflee/30647-avoine-complete-soufflee-sans-gluten-200g-3111900351011.html;Avoine soufflée sans gluten 200g – Favrichon;3111900351011;;63;2026-08-13 08:38:50
739;93295;Comté AOP affiné 8 mois Bonneterre 200g;https://www.etiketbio.eu/assaisonnements-bio/19160-lima-umeboshi-200g-5411788047395.html;Umeboshi 200g;5411788047395;;49;2026-08-13 08:38:50
740;93295;Comté AOP affiné 8 mois Bonneterre 200g;https://www.etiketbio.eu/chocolat-noir-bio/29960-chocolat-noir-dessert-56-200g-3760294961582.html;Chocolat noir dessert 56% Elibio 200g;3760294961582;;61;2026-08-13 08:38:50
741;93295;Comté AOP affiné 8 mois Bonneterre 200g;https://www.etiketbio.eu/sauce-tomate-preparee/12040-primeal-sauce-tomate-basilic-200g-3380380078408.html;Sauce tomate basilic 200g;3380380078408;;67;2026-08-13 08:38:51
742;93295;Comté AOP affiné 8 mois Bonneterre 200g;https://www.etiketbio.eu/sauce-tomate-preparee/23277-karine-et-jeff-sauce-tomate-a-la-creme-brebis-coriandre-200g-3760052239656.html;Sauce tomate a la creme brebis coriandre 200g;3760052239656;;57;2026-08-13 08:38:51
759;9854;Chocolat au lait et noisettes entières Bonneterre 100g;https://www.etiketbio.eu/chocolat-au-lait-bio/8481-bonneterre-chocolat-lait-noisettes-entieres-100g-3396410024543.html;Chocolat lait noisettes entieres 100g;3396410024543;;508;2026-08-13 08:45:53
760;9854;Chocolat au lait et noisettes entières Bonneterre 100g;https://www.etiketbio.eu/chocolat-noir-bio/8479-bonneterre-chocolat-noir-noisettes-entieres-100g-3396410024208.html;Chocolat noir noisettes entieres 100g;3396410024208;;374;2026-08-13 08:45:53
761;9854;Chocolat au lait et noisettes entières Bonneterre 100g;https://www.etiketbio.eu/chocolat-noir-bio/8475-bonneterre-chocolat-noir-eclats-de-feves-100g-3396410024147.html;Chocolat noir eclats de feves 100g;3396410024147;;136;2026-08-13 08:45:53
762;9854;Chocolat au lait et noisettes entières Bonneterre 100g;https://www.etiketbio.eu/chocolat-noir-bio/8476-bonneterre-chocolat-noir-cranberries-100g-3396410024154.html;Chocolat noir cranberries 100g;3396410024154;;137;2026-08-13 08:45:53
775;88763;Brookie chocolat graines Bonneterre 285g;https://www.etiketbio.eu/chocolat-au-lait-bio/27082-tablette-chocolat-choco-cookie-80gr-4044889004601.html;Tablette chocolat choco cookie 80gr;4044889004601;;96;2026-08-13 08:49:48
776;88763;Brookie chocolat graines Bonneterre 285g;https://www.etiketbio.eu/collagene/30684-barre-de-collagene-saveur-brownie-en-c-55g-4260462451789.html;Barre collagène brownie Jarmino 55g;4260462451789;;0;2026-08-13 08:49:48
777;88763;Brookie chocolat graines Bonneterre 285g;https://www.etiketbio.eu/ingredients-poudres-patissiers/19204-bisson-vite-un-cookie-multicereales-300g-3380380072932.html;Vite un cookie multicereales 300g;3380380072932;;0;2026-08-13 08:49:48
778;88763;Brookie chocolat graines Bonneterre 285g;https://www.etiketbio.eu/cookies-bio/6970-moulin-du-pivert-cookies-fourres-fruits-rouges-175g-3268350120770.html;Fourrés fruits rouges Moulin du Pivert 175g;3268350120770;;0;2026-08-13 08:49:48
781;109121;Céréales chocolat fourrées à la pâte à  tartiner Elibio 375g;https://www.etiketbio.eu/cereale-soufflee/24277-cereales-chocolat-fourrees-pate-a-tartiner-noisette-cacao-375gr-3760294960455.html;Cereales chocolat fourrees pate a tartiner noisette cacao...;3760294960455;;466;2026-08-13 08:50:48
782;109121;Céréales chocolat fourrées à la pâte à  tartiner Elibio 375g;https://www.etiketbio.eu/cereale-soufflee/24276-elibio-cereales-fourrees-pate-a-tartiner-noisette-cacao-375gr-3760294960448.html;Cereales fourrees pate a tartiner noisette cacao 375gr;3760294960448;;363;2026-08-13 08:50:48
787;117168;Penne blanches Elibio 500g;https://www.etiketbio.eu/pate-blanche/24179-elibio-penne-blanche-500g-3760294960011.html;Penne blanche 500g;3760294960011;;409;2026-08-13 08:52:12
788;117168;Penne blanches Elibio 500g;https://www.etiketbio.eu/pate-blanche/25626-elibio-penne-blanche-500gr-3760294961377.html;Penne blanche 500gr;3760294961377;;200;2026-08-13 08:52:12
789;29500;Tartinade de Légumes Petit pois Basilic Bonneterre 135g;https://www.etiketbio.eu/produit-vegetal-a-tartiner/8686-bonneterre-tartinade-petit-pois-basilic-135g-3396411224164.html;Tartinade petit pois basilic 135g;3396411224164;;469;2026-08-13 08:52:21
790;29500;Tartinade de Légumes Petit pois Basilic Bonneterre 135g;https://www.etiketbio.eu/produit-vegetal-a-tartiner/8687-bonneterre-tartinades-de-trio-de-poivrons-135g-3396411224195.html;Tartinades de trio de poivrons 135g;3396411224195;;133;2026-08-13 08:52:21
793;109127;Huile de tournesol vierge Elibio 1l;https://www.etiketbio.eu/huile-d-olive/29601-huile-d-olive-vierge-tunisie-51-et-tournesol-desodorisee-france-1l-3760294961315.html;Huile d'olive vierge & tournesol Elibio 1L;3760294961315;;788;2026-08-13 08:53:19
794;109127;Huile de tournesol vierge Elibio 1l;https://www.etiketbio.eu/huile-de-tournesol/25617-elibio-huile-tournesol-vierge-france-1l-3760294960592.html;Huile tournesol vierge france 1l;3760294960592;;537;2026-08-13 08:53:19
800;29498;Tartinade de légumes courgette curry Bonneterre 135g;https://www.etiketbio.eu/produit-vegetal-a-tartiner/8684-bonneterre-tartinade-de-legume-courgette-curry-135g-3396411224102.html;Tartinade de legume courgette curry 135g;3396411224102;;621;2026-08-13 08:55:19
801;29498;Tartinade de légumes courgette curry Bonneterre 135g;https://www.etiketbio.eu/produit-vegetal-a-tartiner/8687-bonneterre-tartinades-de-trio-de-poivrons-135g-3396411224195.html;Tartinades de trio de poivrons 135g;3396411224195;;138;2026-08-13 08:55:19
802;29499;Tartinade de légumes Tomate Roquette Bonneterre 135;https://www.etiketbio.eu/produit-vegetal-a-tartiner/8685-bonneterre-tartinades-de-tomate-cerise-roquette-135g-3396411224133.html;Tartinades de tomate cerise roquette 135g;3396411224133;;335;2026-08-13 08:55:27
803;29499;Tartinade de légumes Tomate Roquette Bonneterre 135;https://www.etiketbio.eu/produit-vegetal-a-tartiner/8687-bonneterre-tartinades-de-trio-de-poivrons-135g-3396411224195.html;Tartinades de trio de poivrons 135g;3396411224195;;80;2026-08-13 08:55:27
805;7203;Pérail brebis Bonneterre 150g;https://www.etiketbio.eu/lentilles-bio/15430-markal-lentilles-corail-500g-3329484441206.html;Lentilles corail 500g - Markal;3329484441206;;0;2026-08-13 08:57:07
806;7203;Pérail brebis Bonneterre 150g;https://www.etiketbio.eu/lentilles-bio/12073-primeal-lentilles-corail-1kg-3380390202305.html;Lentilles corail bio Priméal 1kg;3380390202305;;0;2026-08-13 08:57:07
807;7203;Pérail brebis Bonneterre 150g;https://www.etiketbio.eu/lentilles-bio/22790-primeal-lentilles-corail-500g-3380390202404.html;Lentilles corail bio Priméal 500g;3380390202404;;0;2026-08-13 08:57:07
808;7203;Pérail brebis Bonneterre 150g;https://www.etiketbio.eu/lentilles-bio/20843-celnat-lentilles-corail-3273120017464.html;Lentilles corail bio Celnat 500g;3273120017464;;0;2026-08-13 08:57:08
809;7203;Pérail brebis Bonneterre 150g;https://www.etiketbio.eu/pates-sans-gluten/12164-ma-vie-sans-gluten-fusilli-lentilles-corail-250g-3380380077920.html;Fusilli lentilles corail Ma Vie Sans Gluten;3380380077920;;0;2026-08-13 08:57:08
810;7203;Pérail brebis Bonneterre 150g;https://www.etiketbio.eu/lentilles-bio/30654-lentilles-corail-format-familial-markal-1kg-3329480003774.html;Lentilles corail bio 1kg - Markal protéines;3329480003774;;0;2026-08-13 08:57:08
811;7203;Pérail brebis Bonneterre 150g;https://www.etiketbio.eu/pates-sans-gluten/29647-macaronis-lentilles-corail-300g-celiane-3700566453605.html;Macaronis lentilles corail Céliane – 300 g;3700566453605;;0;2026-08-13 08:57:08
812;7203;Pérail brebis Bonneterre 150g;https://www.etiketbio.eu/specialites/12841-lazaretti-torsades-aux-lentilles-corail-250g-3267460030214.html;Torsades lentilles corail bio 250g Lazzaretti;3267460030214;;0;2026-08-13 08:57:08
813;7203;Pérail brebis Bonneterre 150g;https://www.etiketbio.eu/blush-et-poudre-bio/27356-02-blush-rose-corail-mat-52g-8051411361831.html;Blush 02 rose corail mat PuroBio – rechargeable;8051411361831;;0;2026-08-13 08:57:08
814;7203;Pérail brebis Bonneterre 150g;https://www.etiketbio.eu/legumineuses-bio-grand-format/25315-markal-lentille-corail-5-kg-3329484441053.html;Lentilles corail Markal 5 kg;3329484441053;;0;2026-08-13 08:57:08
815;7203;Pérail brebis Bonneterre 150g;https://www.etiketbio.eu/herbes-aromates-bio/25510-cook-epice-persil-feuille-35g-3417960045045.html;Persil feuilles bio Cook 35g;3417960045045;;0;2026-08-13 08:57:09
816;7203;Pérail brebis Bonneterre 150g;https://www.etiketbio.eu/flocons-de-legumineuses-bio/30624-flocons-lentille-corail-350g-markal-3329480003286.html;Flocons lentille corail 350g bio - Markal;3329480003286;;0;2026-08-13 08:57:09
817;7203;Pérail brebis Bonneterre 150g;https://www.etiketbio.eu/alimentation-sans-gluten/7999-ma-vie-sans-gluten-galette-a-poeler-a-la-provencale-sarrasin-et-lentille-corail-2x100g-3380380057267.html;Galette a poeler a la provencale sarrasin et lentille...;3380380057267;;0;2026-08-13 08:57:09
818;7203;Pérail brebis Bonneterre 150g;https://www.etiketbio.eu/plats-prepares/30276-dhal-lentilles-corail-au-lait-de-coco-340g-3335880006932.html;Dahl lentilles corail coco Prosain 360g;3335880006932;;0;2026-08-13 08:57:09
819;7203;Pérail brebis Bonneterre 150g;https://www.etiketbio.eu/articulation-bio/28108-calcium-de-corail-3700195661174.html;Calcium de corail;3700195661174;;0;2026-08-13 08:57:09
820;7203;Pérail brebis Bonneterre 150g;https://www.etiketbio.eu/semoule-couscous-sans-gluten/15460-couscous-lentille-corail-pois-chiches-bio-400g-markal-3329486000159.html;Couscous lentille corail pois chiches 400g Markal;3329486000159;;0;2026-08-13 08:57:09
821;7203;Pérail brebis Bonneterre 150g;https://www.etiketbio.eu/soupes-bio-pretes-a-deguster/9276-danival-soupe-saveur-sachet-lentilles-corail-et-epices-500gr-3431590009444.html;Soupe lentilles corail épices Danival 50cl;3431590009444;;0;2026-08-13 08:57:09
822;7203;Pérail brebis Bonneterre 150g;https://www.etiketbio.eu/soupes-bio-pretes-a-deguster/20107-danival-soupe-lentilles-corail-et-epices-72cl-3431590014509.html;Soupe lentilles corail Danival 72cl;3431590014509;;0;2026-08-13 08:57:09
823;7203;Pérail brebis Bonneterre 150g;https://www.etiketbio.eu/puree-de-sesame/19999-perlamande-puree-de-sesame-tahin-630g-3267110001663.html;Purée de sésame tahin 630g bio – Perl’Amande;3267110001663;;0;2026-08-13 08:57:10
824;7203;Pérail brebis Bonneterre 150g;https://www.etiketbio.eu/herbes-aromates-bio/8929-cook-persil-feuille-10-g-3417960022916.html;Persil feuilles bio Cook 10g;3417960022916;;0;2026-08-13 08:57:10
825;7203;Pérail brebis Bonneterre 150g;https://www.etiketbio.eu/herbes-aromates-bio/23757-cook-persil-feuilles-25g-3417960038016.html;Persil feuilles 25g;3417960038016;;0;2026-08-13 08:57:10
826;7203;Pérail brebis Bonneterre 150g;https://www.etiketbio.eu/purees-fruits-secs/19912-puree-4-fruits-secs-200g-perlamande-3267110001250.html;Purée 4 Fruits Secs 200g Perl'amande;3267110001250;;0;2026-08-13 08:57:10
827;7203;Pérail brebis Bonneterre 150g;https://www.etiketbio.eu/specialites/8257-primeal-spaghettis-ble-et-quinoa-ail-et-persil-500g-3380390175531.html;Spaghettis ble et quinoa, ail et persil 500g;3380390175531;;0;2026-08-13 08:57:10
828;7203;Pérail brebis Bonneterre 150g;https://www.etiketbio.eu/entretien-canalisations/19903-etamine-du-lys-deboucheur-canalisation-soude-1l-3538395113304.html;Déboucheur canalisation soude 1L Etamine du Lys;3538395113304;;0;2026-08-13 08:57:10
829;7203;Pérail brebis Bonneterre 150g;https://www.etiketbio.eu/entretien-wc/16513-etamine-du-lys-recharges-bloc-gel-wc-x-2-100-ml-3538394511118.html;Recharges bloc gel WC Etamine du Lys;3538394511118;;0;2026-08-13 08:57:10
830;7203;Pérail brebis Bonneterre 150g;https://www.etiketbio.eu/dentifrice/27028-dentifrice-complet-care-sans-silice-75ml-4021457652402.html;Dentifrice complet care sans silice menthe 75ml;4021457652402;;0;2026-08-13 08:57:10
831;7203;Pérail brebis Bonneterre 150g;https://www.etiketbio.eu/dentifrice/16912-douce-nature-dentifrice-menthe-haleine-franche-75ml-3380380083358.html;Dentifrice menthe haleine franche 75ml;3380380083358;;0;2026-08-13 08:57:10
832;7203;Pérail brebis Bonneterre 150g;https://www.etiketbio.eu/dentifrice/24906-etamine-du-lys-dentifrice-blancheur-100gr-3538394000186.html;Dentifrice blancheur 100gr;3538394000186;;0;2026-08-13 08:57:11
833;7203;Pérail brebis Bonneterre 150g;https://www.etiketbio.eu/dentifrice/27769-dentifrice-aloe-vera-70-75-ml-3464660000751.html;Dentifrice aloe vera 70% 75 ml;3464660000751;;0;2026-08-13 08:57:11
834;7203;Pérail brebis Bonneterre 150g;https://www.etiketbio.eu/dentifrice/16914-douce-nature-dentifrice-propolis-gencives-protegees-75ml-3380380083372.html;Dentifrice propolis 75ml bio – Douce Nature;3380380083372;;0;2026-08-13 08:57:11
835;7203;Pérail brebis Bonneterre 150g;https://www.etiketbio.eu/creme-a-recurer-/18377-sonnett-creme-a-recurer-500ml-4007547400030.html;Crème à récurer Sonett 500ml;4007547400030;;0;2026-08-13 08:57:11
836;7203;Pérail brebis Bonneterre 150g;https://www.etiketbio.eu/dentifrice/24778-coslys-denti-freeze-famille-350gr-3538396706109.html;Dentifrice Denti'freeze menthe Coslys;3538396706109;;0;2026-08-13 08:57:11
837;9072;Pâte à tarte brisée à dérouler Bonneterre 250g;https://www.etiketbio.eu/farines-de-ble/12395-primeal-farine-de-ble-t80-5kg-3380390127202.html;Farine de Blé T80 Bio 5kg Priméal;3380390127202;;0;2026-08-13 08:58:09
838;9072;Pâte à tarte brisée à dérouler Bonneterre 250g;https://www.etiketbio.eu/farines-de-ble/12169-primeal-farine-de-ble-france-t80-1kg-3380390127301.html;Farine de Blé T80 Bio 1kg Priméal;3380390127301;;0;2026-08-13 08:58:09
839;9072;Pâte à tarte brisée à dérouler Bonneterre 250g;https://www.etiketbio.eu/farines-de-ble/22583-celnat-farine-de-ble-t80-1kg-3273120011479.html;Farine de blé T80 Celnat 1kg;3273120011479;;0;2026-08-13 08:58:09
840;121758;Pinsa romana Bonneterre 220g;https://www.etiketbio.eu/tisane-gorge-hiver-bio/9756-respiratoire-32g-3554740100188.html;Tisane Respiratoire bio Romon Nature;3554740100188;;0;2026-08-13 08:58:18
841;121758;Pinsa romana Bonneterre 220g;https://www.etiketbio.eu/colorations-permanentes-naturelles/29841-herbatint-5r-chatain-clair-cuivre-8016744807920.html;Herbatint 5R Châtain Clair Cuivré Herbatint;8016744807920;;0;2026-08-13 08:58:18
842;26005;Boisson bio avoine nature Bonneterre 1L;https://www.etiketbio.eu/boisson-a-l-avoine-bio/8666-bonneterre-boisson-avoine-nature-1l-cc-3396411221972.html;Boisson avoine nature 1L bio Bonneterre;3396411221972;;1000;2026-08-13 08:58:26
843;26005;Boisson bio avoine nature Bonneterre 1L;https://www.etiketbio.eu/biscuit-nature/8615-bonneterre-petit-normand-nature-140g-3396411217739.html;Petit Normand Bonneterre 140g;3396411217739;;78;2026-08-13 08:58:27
849;113245;Sauce nuoc mam veggie Autour du Riz 200ml;https://www.etiketbio.eu/sauces-bio/30318-sauce-pour-nems-200ml-autour-du-riz-3760103145080.html;Sauce pour nems bio Autour du Riz 200 ml;3760103145080;;307;2026-08-13 09:12:28
850;113245;Sauce nuoc mam veggie Autour du Riz 200ml;https://www.etiketbio.eu/sauce-soja-bio/30331-sauce-wok-coreenne-japachae-200ml-3760275577337.html;Sauce wok coréenne Japchae bio 200 ml – Autour du Riz;3760275577337;;235;2026-08-13 09:12:28
851;113245;Sauce nuoc mam veggie Autour du Riz 200ml;https://www.etiketbio.eu/sauce-soja-bio/30209-sauce-soja-shoyu-200ml-autour-du-riz-3760275570697.html;Sauce soja Shoyu 200 ml bio sans gluten – Autour du Riz;3760275570697;;201;2026-08-13 09:12:28
852;113245;Sauce nuoc mam veggie Autour du Riz 200ml;https://www.etiketbio.eu/sauce-soja-bio/30330-sauce-barbecue-coreenne-pimentee-200ml-3760275577306.html;Sauce Barbecue Coréenne Pimentée Autour du Riz;3760275577306;;253;2026-08-13 09:12:28
853;113245;Sauce nuoc mam veggie Autour du Riz 200ml;https://www.etiketbio.eu/sauce-soja-bio/30210-sauce-soja-tacari-200ml-autour-du-riz-3760275570758.html;SAUCE SOJA TACARI (200ML) AUTOUR DU RIZ;3760275570758;;433;2026-08-13 09:12:28
854;113245;Sauce nuoc mam veggie Autour du Riz 200ml;https://www.etiketbio.eu/miso-bio/30556-miso-riz-soja-fermente-4-mois-200g-3760275574442.html;Miso riz soja 4 mois bio 200g – Autour du Riz;3760275574442;;171;2026-08-13 09:12:28
855;113245;Sauce nuoc mam veggie Autour du Riz 200ml;https://www.etiketbio.eu/aides-culinaires/30557-pate-fermentee-hot-korean-gochujang-140g-3760275577276.html;Gochujang bio 140g – pâte coréenne Autour du Riz;3760275577276;;164;2026-08-13 09:12:29
856;113245;Sauce nuoc mam veggie Autour du Riz 200ml;https://www.etiketbio.eu/miso-bio/30212-miso-jeune-shiro-miso-pasteurise-200g-autour-du-riz-3760275574411.html;Shiro miso 200 g bio équitable sans gluten – Autour du Riz;3760275574411;;152;2026-08-13 09:12:29
857;113245;Sauce nuoc mam veggie Autour du Riz 200ml;https://www.etiketbio.eu/specialites/22624-autour-du-riz-tagliatelles-thaies-de-riz-400g-sans-gluten-3760103146568.html;Tagliatelles thaïes de riz bio 400g Autour du Riz;3760103146568;;170;2026-08-13 09:12:29
858;113245;Sauce nuoc mam veggie Autour du Riz 200ml;https://www.etiketbio.eu/sauces-bio/25208-voyage-de-mamabe-sauce-piquante-asiatique-335gr-3269712401742.html;Sauce piquante asiatique 335g bio – Le Voyage de Mamabé;3269712401742;;52;2026-08-13 09:12:29
859;113245;Sauce nuoc mam veggie Autour du Riz 200ml;https://www.etiketbio.eu/sauce-tomate-preparee/7776-prosain-sauce-tomate-bolognaise-vegetale-190g-3335880005904.html;Sauce bolognaise végétale Prosain 190g;3335880005904;;57;2026-08-13 09:12:29
860;113245;Sauce nuoc mam veggie Autour du Riz 200ml;https://www.etiketbio.eu/sauce-soja-bio/19622-autour-du-riz-tamari-sauce-soja-600ml-equitable-3760275570789.html;Tamari sauce soja 600ml equitable;3760275570789;;54;2026-08-13 09:12:29
861;113245;Sauce nuoc mam veggie Autour du Riz 200ml;https://www.etiketbio.eu/assaisonnements-bio/29887-sauce-umami-145ml-8713576271300.html;Sauce umami bio 145 ml TerraSana;8713576271300;;45;2026-08-13 09:12:29
862;113245;Sauce nuoc mam veggie Autour du Riz 200ml;https://www.etiketbio.eu/sauce-tomate-preparee/7771-sauce-tocate-parmesan-ricotta-200g-prosain-3335880005836.html;Sauce tomate parmesan ricotta bio Prosain 200;3335880005836;;61;2026-08-13 09:12:29
863;113245;Sauce nuoc mam veggie Autour du Riz 200ml;https://www.etiketbio.eu/pates-sans-gluten/7938-ma-vie-sans-gluten-torsades-mais-riz-500g-3380380049675.html;Torsades maïs riz Ma Vie Sans Gluten;3380380049675;;62;2026-08-13 09:12:30
864;113245;Sauce nuoc mam veggie Autour du Riz 200ml;https://www.etiketbio.eu/riz-basmati-bio/24199-elibio-riz-basmati-1-2-complet-1kg-3760294960691.html;Riz basmati demi-complet bio Elibio 1kg;3760294960691;;41;2026-08-13 09:12:30
865;113245;Sauce nuoc mam veggie Autour du Riz 200ml;https://www.etiketbio.eu/sauce-soja-bio/30362-sauce-shoyu-ginger-thai-bouteille-verre-250ml-lima-5411788047500.html;Sauce Shoyu Ginger Thaï Lima 250ml;5411788047500;;57;2026-08-13 09:12:30
866;113245;Sauce nuoc mam veggie Autour du Riz 200ml;https://www.etiketbio.eu/riz-basmati-bio/24198-elibio-riz-basmati-blanc-1kg-3760294960684.html;Riz basmati blanc bio Elibio 1kg – parfumé;3760294960684;;49;2026-08-13 09:12:30
867;113245;Sauce nuoc mam veggie Autour du Riz 200ml;https://www.etiketbio.eu/sauce-tomate-nature/7724-prosain-sauce-tomate-sans-sel-ajoute-200g-3335880003986.html;Sauce tomate sans sel Prosain 200g;3335880003986;;57;2026-08-13 09:12:30
868;113245;Sauce nuoc mam veggie Autour du Riz 200ml;https://www.etiketbio.eu/conserves-produits-secs/30215-seitan-sauce-tamari-350g-terra-sana-8713576110012.html;Seitan sauce tamari bio TerraSana 350g;8713576110012;;44;2026-08-13 09:12:30
869;113245;Sauce nuoc mam veggie Autour du Riz 200ml;https://www.etiketbio.eu/sauce-tomate-nature/30426-sauce-tomate-delicate-sans-ail-ni-oignon-290g-3335880007373.html;Sauce tomate sans ail ni oignon bio  290g – Prosain;3335880007373;;50;2026-08-13 09:12:30
870;113245;Sauce nuoc mam veggie Autour du Riz 200ml;https://www.etiketbio.eu/sauce-tomate-preparee/17672-emile-noel-sauce-tomate-pizza-350g-3291960002099.html;Sauce tomate pizza Émile Noël 350g;3291960002099;;57;2026-08-13 09:12:31
871;113245;Sauce nuoc mam veggie Autour du Riz 200ml;https://www.etiketbio.eu/sauce-tomate-preparee/7765-prosain-sauce-tomate-au-basilic-370g-3335880005706.html;Sauce tomate basilic Prosain 370g;3335880005706;;51;2026-08-13 09:12:31
872;113245;Sauce nuoc mam veggie Autour du Riz 200ml;https://www.etiketbio.eu/sauce-tomate-preparee/7802-prosain-sauce-arrabbiata-295g-3335880007212.html;Sauce Arrabbiata bio Prosain 295g;3335880007212;;54;2026-08-13 09:12:31
873;113245;Sauce nuoc mam veggie Autour du Riz 200ml;https://www.etiketbio.eu/sauce-tomate-preparee/7772-prosain-sauce-tomate-au-basilic-200g-3335880005843.html;Sauce tomate basilic bio Prosain 200g;3335880005843;;58;2026-08-13 09:12:31
874;113245;Sauce nuoc mam veggie Autour du Riz 200ml;https://www.etiketbio.eu/sauce-tomate-preparee/25223-prosain-sauce-tomate-a-lail-roti-360gr-3335880007267.html;Sauce tomate ail rôti Prosain 360g;3335880007267;;57;2026-08-13 09:12:31
875;113245;Sauce nuoc mam veggie Autour du Riz 200ml;https://www.etiketbio.eu/sauce-tomate-preparee/12026-primeal-sauce-tomate-aux-petits-legumes-200g-3380380057014.html;Sauce tomate légumes Priméal 200g;3380380057014;;57;2026-08-13 09:12:31
876;113245;Sauce nuoc mam veggie Autour du Riz 200ml;https://www.etiketbio.eu/sauce-tomate-preparee/22761-luce-sauce-bolognaise-au-boeuf-350g-3329489901644.html;Sauce bolognaise bio Luce 350g;3329489901644;;49;2026-08-13 09:12:31
877;113245;Sauce nuoc mam veggie Autour du Riz 200ml;https://www.etiketbio.eu/sauce-tomate-preparee/25867-prosain-sauce-tomate-basilic-hyposodee-200g-3335880003962.html;Sauce basilic hyposodée Prosain 200g;3335880003962;;52;2026-08-13 09:12:32
878;113245;Sauce nuoc mam veggie Autour du Riz 200ml;https://www.etiketbio.eu/pates-sans-gluten/23323-valpibio-lasagne-riz-mais-vpb-250gr-3259011176304.html;Lasagnes maïs riz Valpibio 250g;3259011176304;;49;2026-08-13 09:12:32
879;113245;Sauce nuoc mam veggie Autour du Riz 200ml;https://www.etiketbio.eu/pates-sans-gluten/24229-valpibio-coquillette-mais-riz-quinoa-500g-3259011168767.html;Coquillettes maïs riz quinoa Valpibio 500g;3259011168767;;54;2026-08-13 09:12:32
880;113245;Sauce nuoc mam veggie Autour du Riz 200ml;https://www.etiketbio.eu/pates-sans-gluten/12387-ma-vie-sans-gluten-spaghetti-mais-et-riz-400g-3380380078286.html;Spaghetti maïs riz Ma Vie Sans Gluten;3380380078286;;61;2026-08-13 09:12:32
883;27078;Huile de colza et d'olive Bio Planète 1L;https://www.etiketbio.eu/huiles/9392-bioplanete-huile-melange-colza-olive-1l-3445020000895.html;Huile melange colza olive 1l;3445020000895;;224;2026-08-13 09:20:19
884;27078;Huile de colza et d'olive Bio Planète 1L;https://www.etiketbio.eu/huiles/9413-bioplanete-huile-salades-et-crudites-1l-3445020105507.html;Huile salades et crudites 1l;3445020105507;;224;2026-08-13 09:20:19
885;35382;Sticky rice Autour Du Riz 500g;https://www.etiketbio.eu/stress-nervosite/11270-diet-horizon-mag-b-stress-15-sticks-5060072733768.html;Mag-B Stress Diet Horizon 15 sticks;5060072733768;;0;2026-08-13 09:20:28
886;35382;Sticky rice Autour Du Riz 500g;https://www.etiketbio.eu/creme-solaire-visage-bio/28515-stick-solaire-haute-protection-50-3760075073084.html;Stick solaire haute protection 50;3760075073084;;0;2026-08-13 09:20:28
887;35382;Sticky rice Autour Du Riz 500g;https://www.etiketbio.eu/creme-solaire-teintee-bio/28565-stick-solaire-teinte-spf50-9-grs-3760211483845.html;Stick solaire teinté SPF50+ bio 9g – Biarritz;3760211483845;;0;2026-08-13 09:20:28
888;35382;Sticky rice Autour Du Riz 500g;https://www.etiketbio.eu/deodorant-stick/29766-deodorant-stick-rechargeable-48h-sans-parfum-50g-3537090021020.html;Déodorant stick rechargeable sans parfum Centifolia;3537090021020;;0;2026-08-13 09:20:28
889;35382;Sticky rice Autour Du Riz 500g;https://www.etiketbio.eu/deodorant-stick/29765-deodorant-stick-rechargeable-48h-agrumes-50g-3537090021013.html;Déodorant stick rechargeable 48h agrumes Centifolia;3537090021013;;0;2026-08-13 09:20:29
890;35382;Sticky rice Autour Du Riz 500g;https://www.etiketbio.eu/deodorant-stick/29764-deodorant-stick-rechargeable-48h-coton-50g-3537090021006.html;Déodorant stick rechargeable 48h coton Centifolia;3537090021006;;0;2026-08-13 09:20:29
891;35382;Sticky rice Autour Du Riz 500g;https://www.etiketbio.eu/deodorant-stick/29769-recharge-deodorant-stick-48h-sans-parfum-50g-3537090021570.html;Recharge déo stick 48h sans parfum – Centifolia;3537090021570;;0;2026-08-13 09:20:29
892;35382;Sticky rice Autour Du Riz 500g;https://www.etiketbio.eu/deodorant-stick/29767-recharge-deodorant-stick-48h-fleur-de-coton-50g-3537090021556.html;Recharge déo stick 48h Fleur de coton – Centifolia;3537090021556;;0;2026-08-13 09:20:29
893;35382;Sticky rice Autour Du Riz 500g;https://www.etiketbio.eu/deodorant-stick/29768-recharge-deodorant-stick-48h-agrumes-50g-3537090021563.html;Recharge déo stick 48h Agrumes – Centifolia;3537090021563;;0;2026-08-13 09:20:29
894;35382;Sticky rice Autour Du Riz 500g;https://www.etiketbio.eu/creme-solaire-teintee-bio/28809-bb-stick-nude-15g-3760075073732.html;Bb stick nude spf50+;3760075073732;;0;2026-08-13 09:20:29
895;35382;Sticky rice Autour Du Riz 500g;https://www.etiketbio.eu/creme-solaire-visage-bio/28516-stick-levres-solaire-tres-haute-protection-50-3760075073404.html;Stick levres solaire tres haute protection 50+;3760075073404;;0;2026-08-13 09:20:29
896;35382;Sticky rice Autour Du Riz 500g;https://www.etiketbio.eu/creme-solaire-visage-bio/28549-stick-solaire-invisible-spf50-10gr-3760211483609.html;Stick solaire invisible SPF50+ 10 g - Biarritz;3760211483609;;0;2026-08-13 09:20:29
897;35382;Sticky rice Autour Du Riz 500g;https://www.etiketbio.eu/creme-solaire-visage-bio/30405-stick-solaire-blanc-sensitive-spf50-17-g-3760075073749.html;Stick solaire blanc SPF50+ bio 15g - Alphanova;3760075073749;;0;2026-08-13 09:20:29
898;35382;Sticky rice Autour Du Riz 500g;https://www.etiketbio.eu/creme-solaire-visage-bio/30401-stick-solaire-spf50-blue-whale-bleu-bio-12g-3760075071769.html;Stick solaire SPF50+ bio bleu 12g - Alphanova;3760075071769;;0;2026-08-13 09:20:30
899;35382;Sticky rice Autour Du Riz 500g;https://www.etiketbio.eu/creme-solaire-visage-bio/30402-stick-solaire-spf50-pink-coral-rose-bio12g-3760075071776.html;Stick solaire SPF50+ rose bio 12g – Alphanova;3760075071776;;0;2026-08-13 09:20:30
900;35382;Sticky rice Autour Du Riz 500g;https://www.etiketbio.eu/creme-solaire-visage-bio/29285-stick-solaire-minerale-solide-spf50-visage-levres-20g-3760349311461.html;Stick solaire minéral SPF50 Comme Avant;3760349311461;;0;2026-08-13 09:20:30
901;35382;Sticky rice Autour Du Riz 500g;https://www.etiketbio.eu/soins-des-levres/18194-dr-hauschka-stick-eclat-des-levres-49-g-4020829014374.html;Stick éclat des lèvres 4,9 g Dr. Hauschka;4020829014374;;0;2026-08-13 09:20:30
902;35382;Sticky rice Autour Du Riz 500g;https://www.etiketbio.eu/charbons-filtrants/24480-charbon-de-bambou-sticks-fin-x-3-3760161792820.html;Charbon de bambou - sticks fin x 3;3760161792820;;0;2026-08-13 09:20:30
903;35382;Sticky rice Autour Du Riz 500g;https://www.etiketbio.eu/soins-des-levres/18418-ladrome-fytostick-48g-3486330022078.html;Fyto’stick propolis Ladrôme 4,8g;3486330022078;;0;2026-08-13 09:20:30
904;35382;Sticky rice Autour Du Riz 500g;https://www.etiketbio.eu/pierre-d-alun/29125-stick-alun-deodorant-100gr-3760061220836.html;Pierre d’alun stick 100g Najel déodorant;3760061220836;;0;2026-08-13 09:20:30
905;35382;Sticky rice Autour Du Riz 500g;https://www.etiketbio.eu/anti-moustique/29469-stick-repulsif-moustiques-50-g-4018874081502.html;Stick Répulsif Moustiques 50g Aries;4018874081502;;0;2026-08-13 09:20:30
906;35382;Sticky rice Autour Du Riz 500g;https://www.etiketbio.eu/soin-purifiant-bio/24294-ladrome-stick-anti-boutons-10ml-3486330090022.html;Stick anti boutons 10ml;3486330090022;;0;2026-08-13 09:20:31
907;35382;Sticky rice Autour Du Riz 500g;https://www.etiketbio.eu/biscuits-aperitif/19537-puraliment-apero-sticks-romarin-sel-de-mer-100g-3184340047028.html;Apero sticks romarin sel de mer 100g;3184340047028;;0;2026-08-13 09:20:31
908;35382;Sticky rice Autour Du Riz 500g;https://www.etiketbio.eu/collagene/11269-diet-horizon-collagene-marin-x15-sticks-5060072733713.html;Collagene marin x15 sticks;5060072733713;;0;2026-08-13 09:20:31
909;35382;Sticky rice Autour Du Riz 500g;https://www.etiketbio.eu/produits/27827-stick-apres-piqures-15gr-3516170028920.html;STICK APRES PIQURES 15GR;3516170028920;;0;2026-08-13 09:20:31
910;35382;Sticky rice Autour Du Riz 500g;https://www.etiketbio.eu/soins-des-levres/30706-stick-bonne-mine-blush-et-levres-6g-3516170029514.html;Stick bonne mine bio blush lèvres – Florame;3516170029514;;0;2026-08-13 09:20:31
911;35382;Sticky rice Autour Du Riz 500g;https://www.etiketbio.eu/combattre/9649-ladrome-sticknez-inhalateur-3486330035962.html;Stick’Nez Inhalateur Bio – Ladrôme;3486330035962;;0;2026-08-13 09:20:31
912;35382;Sticky rice Autour Du Riz 500g;https://www.etiketbio.eu/matcha-bio/29854-the-marcha-bio-10-sticks-3363790000979.html;Matcha bio sticks Thés de la Pagode 10x1,5g;3363790000979;;0;2026-08-13 09:20:31
913;35382;Sticky rice Autour Du Riz 500g;https://www.etiketbio.eu/liquide-vaisselle/29014-liquide-vaisselle-amande-stick-25g-3770013543562.html;Stick recharge liquide vaisselle amande 25g;3770013543562;;0;2026-08-13 09:20:31
914;35382;Sticky rice Autour Du Riz 500g;https://www.etiketbio.eu/biscuits-secs/11658-ciocko-sticks-150g-schar-8008698003961.html;Ciocko Sticks Schär – 150g sans gluten;8008698003961;;0;2026-08-13 09:20:32
915;35382;Sticky rice Autour Du Riz 500g;https://www.etiketbio.eu/biscuits-au-chocolat/25271-bisson-stick-choco-chocolat-au-lait-130gr-3380380101250.html;Stick choco chocolat au lait 130gr;3380380101250;;0;2026-08-13 09:20:32
916;35382;Sticky rice Autour Du Riz 500g;https://www.etiketbio.eu/deodorant-stick/29247-deodorant-solide-au-beurre-de-cacao-menthe-poivree-geranium-bourbon-60g-3760349310341.html;Déodorant solide menthe géranium 60g;3760349310341;;0;2026-08-13 09:20:32
919;27096;Huile pour salades et crudités Bio Planète 1l;https://www.etiketbio.eu/huile-de-colza/14788-bioplanete-huile-de-colza-vierge-1l-3445020196505.html;Huile de colza vierge 1L Bio Planète;3445020196505;;333;2026-08-13 09:22:04
920;27096;Huile pour salades et crudités Bio Planète 1l;https://www.etiketbio.eu/huiles/9413-bioplanete-huile-salades-et-crudites-1l-3445020105507.html;Huile salades et crudites 1l;3445020105507;;479;2026-08-13 09:22:04
921;27096;Huile pour salades et crudités Bio Planète 1l;https://www.etiketbio.eu/huile-de-chanvre-bio/9395-bioplanete-huile-de-chanvre-vierge-250ml-3445020001564.html;Huile de chanvre vierge 250ml;3445020001564;;57;2026-08-13 09:22:04
922;27096;Huile pour salades et crudités Bio Planète 1l;https://www.etiketbio.eu/huile-d-olive/16300-bioplanete-huile-olive-vierge-extra-douce-1l-3445020123501.html;Huile olive vierge extra douce 1l;3445020123501;;135;2026-08-13 09:22:04
923;27096;Huile pour salades et crudités Bio Planète 1l;https://www.etiketbio.eu/huile-de-tournesol/14782-bioplanete-huile-de-tournesol-vierge-500ml-3445020110709.html;Huile de tournesol vierge 500ml;3445020110709;;59;2026-08-13 09:22:04
924;27096;Huile pour salades et crudités Bio Planète 1l;https://www.etiketbio.eu/huile-de-tournesol/14781-bioplanete-huile-de-tournesol-vierge-moog-1l-3445020110501.html;Huile de tournesol vierge moog 1l;3445020110501;;122;2026-08-13 09:22:04
928;27110;Huile d'olive fruitée Bio Planète 1L;https://www.etiketbio.eu/huile-d-olive/9421-bioplanete-huile-olive-vierge-extra-fruitee-medium-50cl-3445020120708.html;Huile d’olive fruitée médium Bio Planète 50cl;3445020120708;;615;2026-08-13 09:22:55
929;27110;Huile d'olive fruitée Bio Planète 1L;https://www.etiketbio.eu/huile-d-olive/16299-bioplanete-huile-olive-vierge-extra-fruitee-50cl-3445020122702.html;Huile olive vierge extra fruitee 50cl;3445020122702;;194;2026-08-13 09:22:55
930;27110;Huile d'olive fruitée Bio Planète 1L;https://www.etiketbio.eu/huile-d-olive/16305-bioplanete-huile-olive-vierge-dop-crete-grece-500ml-3445020177351.html;Huile olive vierge dop crete grece 500ml;3445020177351;;72;2026-08-13 09:22:55
931;27110;Huile d'olive fruitée Bio Planète 1L;https://www.etiketbio.eu/huile-d-olive/9420-bioplanete-huile-d-olive-fruite-1l-3445020120500.html;Huile d olive fruite 1l;3445020120500;;230;2026-08-13 09:22:56
932;27110;Huile d'olive fruitée Bio Planète 1L;https://www.etiketbio.eu/huiles/9413-bioplanete-huile-salades-et-crudites-1l-3445020105507.html;Huile salades et crudites 1l;3445020105507;;201;2026-08-13 09:22:56
933;27106;Huile d'olive extra vierge Bio Planète 3L;https://www.etiketbio.eu/huile-d-olive/9421-bioplanete-huile-olive-vierge-extra-fruitee-medium-50cl-3445020120708.html;Huile d’olive fruitée médium Bio Planète 50cl;3445020120708;;381;2026-08-13 09:23:29
934;27106;Huile d'olive extra vierge Bio Planète 3L;https://www.etiketbio.eu/huile-d-olive/9422-bioplanete-huile-olive-vierge-extra-corsee-1l-3445020122504.html;Huile olive vierge extra corsee 1l;3445020122504;;301;2026-08-13 09:23:29
935;27106;Huile d'olive extra vierge Bio Planète 3L;https://www.etiketbio.eu/huile-d-olive/16301-bioplanete-huile-olive-vierge-extra-douce-50cl-3445020123709.html;Huile olive vierge extra douce 50cl;3445020123709;;309;2026-08-13 09:23:30
936;27106;Huile d'olive extra vierge Bio Planète 3L;https://www.etiketbio.eu/huile-d-olive/14783-bioplanete-huile-olive-vierge-extra-oil-in-box-3l-3445020120340.html;Huile olive vierge extra oil in box 3l;3445020120340;;346;2026-08-13 09:23:30
937;27106;Huile d'olive extra vierge Bio Planète 3L;https://www.etiketbio.eu/huile-d-olive/16300-bioplanete-huile-olive-vierge-extra-douce-1l-3445020123501.html;Huile olive vierge extra douce 1l;3445020123501;;317;2026-08-13 09:23:30
938;27106;Huile d'olive extra vierge Bio Planète 3L;https://www.etiketbio.eu/huile-d-olive/16299-bioplanete-huile-olive-vierge-extra-fruitee-50cl-3445020122702.html;Huile olive vierge extra fruitee 50cl;3445020122702;;256;2026-08-13 09:23:30
939;27106;Huile d'olive extra vierge Bio Planète 3L;https://www.etiketbio.eu/huile-d-olive/16305-bioplanete-huile-olive-vierge-dop-crete-grece-500ml-3445020177351.html;Huile olive vierge dop crete grece 500ml;3445020177351;;164;2026-08-13 09:23:30
940;27106;Huile d'olive extra vierge Bio Planète 3L;https://www.etiketbio.eu/huiles/24322-quintesens-huile-olive-vierge-extra-1l-3700663000368.html;Huile olive vierge extra 1l;3700663000368;;294;2026-08-13 09:23:30
941;27106;Huile d'olive extra vierge Bio Planète 3L;https://www.etiketbio.eu/huile-d-olive/9420-bioplanete-huile-d-olive-fruite-1l-3445020120500.html;Huile d olive fruite 1l;3445020120500;;68;2026-08-13 09:23:30
942;27106;Huile d'olive extra vierge Bio Planète 3L;https://www.etiketbio.eu/huiles/9413-bioplanete-huile-salades-et-crudites-1l-3445020105507.html;Huile salades et crudites 1l;3445020105507;;76;2026-08-13 09:23:31
943;27079;Huile Omega+ Bio Planète 1l;https://www.etiketbio.eu/huile-de-colza/14788-bioplanete-huile-de-colza-vierge-1l-3445020196505.html;Huile de colza vierge 1L Bio Planète;3445020196505;;369;2026-08-13 09:23:47
944;27079;Huile Omega+ Bio Planète 1l;https://www.etiketbio.eu/huile-de-colza/14789-bioplanete-huile-colza-3l-3445020980340.html;Huile de colza 3L Bio Planète;3445020980340;;345;2026-08-13 09:23:47
945;27079;Huile Omega+ Bio Planète 1l;https://www.etiketbio.eu/huiles/16872-bioplanete-huile-omega-1l-3445020001502.html;Huile omega + 1l;3445020001502;;420;2026-08-13 09:23:48
946;27079;Huile Omega+ Bio Planète 1l;https://www.etiketbio.eu/huiles/9394-bioplanete-huile-omega-500ml-3445020001526.html;Huile omega+ 500ml;3445020001526;;242;2026-08-13 09:23:48
947;27079;Huile Omega+ Bio Planète 1l;https://www.etiketbio.eu/huiles/9392-bioplanete-huile-melange-colza-olive-1l-3445020000895.html;Huile melange colza olive 1l;3445020000895;;267;2026-08-13 09:23:48
948;27079;Huile Omega+ Bio Planète 1l;https://www.etiketbio.eu/huile-de-lin-bio/9409-bioplanete-huile-de-lin-vierge-250ml-3445020101905.html;Huile de lin vierge 250ml;3445020101905;;102;2026-08-13 09:23:48
949;27079;Huile Omega+ Bio Planète 1l;https://www.etiketbio.eu/huile-de-lin-bio/16879-bioplanete-huile-de-lin-vierge-france-250ml-9990000009985.html;Huile de lin vierge france 250ml;9990000009985;;75;2026-08-13 09:23:48
950;27079;Huile Omega+ Bio Planète 1l;https://www.etiketbio.eu/huiles/9413-bioplanete-huile-salades-et-crudites-1l-3445020105507.html;Huile salades et crudites 1l;3445020105507;;222;2026-08-13 09:23:48
951;27079;Huile Omega+ Bio Planète 1l;https://www.etiketbio.eu/huiles/16298-bioplanete-huile-de-cameline-vierge-250ml-3445020107907.html;Huile de cameline vierge 250ml;3445020107907;;93;2026-08-13 09:23:49
952;27079;Huile Omega+ Bio Planète 1l;https://www.etiketbio.eu/huiles/16876-bioplanete-huile-sesame-vierge-1l-3445020140508.html;Huile sesame vierge 1l;3445020140508;;233;2026-08-13 09:23:49
953;123025;Petits donuts pépites de chocolat Bio Soleil 150g;https://www.etiketbio.eu/pate-blanche/8525-bonneterre-lumache-escargots-500g-3396410052362.html;Lumache bio 500g Bonneterre - Pâtes escargots;3396410052362;;57;2026-08-13 09:24:14
954;123025;Petits donuts pépites de chocolat Bio Soleil 150g;https://www.etiketbio.eu/plats-prepares/29853-chili-mexicain-recette-vegetarienne-345g-prosain-3335880003238.html;Chili mexicain végétarien bio Prosain 350g;3335880003238;;60;2026-08-13 09:24:14
955;123025;Petits donuts pépites de chocolat Bio Soleil 150g;https://www.etiketbio.eu/tisanes-en-vrac/27975-tisane-famille-bio-50g-3481899005500.html;Tisane famille bio 50g;3481899005500;;56;2026-08-13 09:24:14
956;123025;Petits donuts pépites de chocolat Bio Soleil 150g;https://www.etiketbio.eu/petits-bobos/30147-huile-essentielle-ciste-ladanifere-5-ml-3760197414765.html;Huile essentielle Ciste ladanifère bio 5 ml – Ad Naturam;3760197414765;;43;2026-08-13 09:24:14
957;123025;Petits donuts pépites de chocolat Bio Soleil 150g;https://www.etiketbio.eu/huile-de-lin-bio/9409-bioplanete-huile-de-lin-vierge-250ml-3445020101905.html;Huile de lin vierge 250ml;3445020101905;;47;2026-08-13 09:24:15
958;123025;Petits donuts pépites de chocolat Bio Soleil 150g;https://www.etiketbio.eu/assaisonnements-bio/19160-lima-umeboshi-200g-5411788047395.html;Umeboshi 200g;5411788047395;;0;2026-08-13 09:24:15
959;27097;Huile de coco vierge Bio Planète 400ml;https://www.etiketbio.eu/huile-de-coco/14780-bioplanete-huile-de-coco-vierge-400ml-3445020105569.html;Huile de Coco Vierge Bio 400ml – Bioplanète;3445020105569;;651;2026-08-13 09:24:23
960;27097;Huile de coco vierge Bio Planète 400ml;https://www.etiketbio.eu/huile-de-coco/17615-bioplanete-huile-de-coco-vierge-equitable-400ml-4260355582088.html;Huile de coco vierge equitable 400ml;4260355582088;;541;2026-08-13 09:24:23
961;123026;Donuts nappés chocolat au lait  Bio Soleil 150g;https://www.etiketbio.eu/biscuits-au-chocolat/8732-evernat-gouters-chocolat-au-lait-225g-3396413707153.html;Goûters chocolat au lait bio 225g Evernat;3396413707153;;322;2026-08-13 09:24:32
962;123026;Donuts nappés chocolat au lait  Bio Soleil 150g;https://www.etiketbio.eu/conserves-de-fruits/12471-bioloklock-pruneaux-au-sirop-200g-3560000720003.html;Pruneaux au sirop bio Biolo'Klock 200g;3560000720003;;120;2026-08-13 09:24:32
963;123026;Donuts nappés chocolat au lait  Bio Soleil 150g;https://www.etiketbio.eu/champignons-adaptogenes-bio/28359-champignon-du-soleil-bio-400mg-extrait-standardise-3700195680625.html;Champignon du soleil bio* 400mg extrait standardisé;3700195680625;;125;2026-08-13 09:24:32
964;123026;Donuts nappés chocolat au lait  Bio Soleil 150g;https://www.etiketbio.eu/maca-bio/24093-flamant-vert-maca-poudre-150g-3476500815005.html;Maca poudre bio Flamant Vert 150g;3476500815005;;127;2026-08-13 09:24:33
965;123026;Donuts nappés chocolat au lait  Bio Soleil 150g;https://www.etiketbio.eu/confiseries/31039-biopastille-cassis-3760116256292.html;Biopastille Cassis Mandarine Bio 15g;3760116256292;;55;2026-08-13 09:24:33
966;123026;Donuts nappés chocolat au lait  Bio Soleil 150g;https://www.etiketbio.eu/confiseries/31036-pastilles-sapin-romarin-bio-15g-biopastille-3760116256230.html;Pastilles Sapin Romarin Bio 15g Biopastille;3760116256230;;59;2026-08-13 09:24:33
967;123026;Donuts nappés chocolat au lait  Bio Soleil 150g;https://www.etiketbio.eu/puree-de-cacahuete/23070-beurre-de-cacahuetes-500g-3770008500037.html;Beurre de cacahuètes bio 500g Go Nuts;3770008500037;;63;2026-08-13 09:24:33
968;123026;Donuts nappés chocolat au lait  Bio Soleil 150g;https://www.etiketbio.eu/soupes-lyophilisees/6644-natali-potabio-au-fenouil-3176800031906.html;Potabio Fenouil Natali – potage bio 2 doses;3176800031906;;55;2026-08-13 09:24:33
969;123026;Donuts nappés chocolat au lait  Bio Soleil 150g;https://www.etiketbio.eu/purees-fruits-secs/30574-pate-a-tartiner-noix-tigree-200g-3760436470132.html;Purée de noix tigrées bio Go Nuts 200g;3760436470132;;57;2026-08-13 09:24:33
970;123026;Donuts nappés chocolat au lait  Bio Soleil 150g;https://www.etiketbio.eu/savons/16995-emma-noel-savonnettes-coco-3x150gr-3291960013446.html;Savonnettes Coco Bio 3x150g Emma Noël;3291960013446;;66;2026-08-13 09:24:33
971;123026;Donuts nappés chocolat au lait  Bio Soleil 150g;https://www.etiketbio.eu/amandes-bio/30580-amande-decortiquee-torrefiee-125g-3770008500815.html;Amandes torréfiées bio 125g – Go Nuts;3770008500815;;65;2026-08-13 09:24:33
972;123026;Donuts nappés chocolat au lait  Bio Soleil 150g;https://www.etiketbio.eu/fruits-seches-deshydrates-bio/30645-cacahuetes-torrefiees-125g-3770008500792.html;Cacahuètes torréfiées 125g bio – Go Nuts;3770008500792;;68;2026-08-13 09:24:34
973;123026;Donuts nappés chocolat au lait  Bio Soleil 150g;https://www.etiketbio.eu/purees-fruits-secs/30577-puree-3-fruits-secs-amandes-noix-de-cajou-noix-d-amazonie-250g-3770008500310.html;Purée 3 fruits secs bio 250g – Go Nuts;3770008500310;;67;2026-08-13 09:24:34
974;123026;Donuts nappés chocolat au lait  Bio Soleil 150g;https://www.etiketbio.eu/confiseries/31041-pastilles-camomille-pamplemousse-bio-15g-3760116256346.html;Pastilles Camomille Pamplemousse Bio 15g;3760116256346;;61;2026-08-13 09:24:34
975;123026;Donuts nappés chocolat au lait  Bio Soleil 150g;https://www.etiketbio.eu/shampooing/24505-dermaclay-shampooing-bio-super-tonus-250ml-3567730300253.html;Shampooing bio super tonus 250ml;3567730300253;;51;2026-08-13 09:24:34
976;123026;Donuts nappés chocolat au lait  Bio Soleil 150g;https://www.etiketbio.eu/nuit-paisible/30953-baume-sommeil-30ml-3700006510356.html;Baume Sommeil Bio 30ml Herbes et Traditions;3700006510356;;53;2026-08-13 09:24:34
977;123026;Donuts nappés chocolat au lait  Bio Soleil 150g;https://www.etiketbio.eu/huile-visage-bio/21382-emma-noel-huile-argan-bio-equitable-50ml-3291960011015.html;Huile argan bio equitable 50ml;3291960011015;;56;2026-08-13 09:24:34
978;123026;Donuts nappés chocolat au lait  Bio Soleil 150g;https://www.etiketbio.eu/soupes-lyophilisees/6664-natali-potabio-au-potimarron-17g-3176900031882.html;Potage potimarron bio Natali 2 doses;3176900031882;;52;2026-08-13 09:24:34
979;123026;Donuts nappés chocolat au lait  Bio Soleil 150g;https://www.etiketbio.eu/soupes-lyophilisees/6661-natali-potabio-poireau-pomme-de-terre-2x85g-3176900031318.html;Potage poireau pomme de terre bio Natali;3176900031318;;47;2026-08-13 09:24:34
980;123026;Donuts nappés chocolat au lait  Bio Soleil 150g;https://www.etiketbio.eu/savons/29896-douceur-bio-amande-douce-100gr-3182612701166.html;Savon amande douce bio La Corvette;3182612701166;;59;2026-08-13 09:24:35
981;123026;Donuts nappés chocolat au lait  Bio Soleil 150g;https://www.etiketbio.eu/puree-de-cacahuete/23071-go-nuts-beurre-de-cacahuetes-chocolat-500g-3770008500044.html;Beurre de cacahuetes chocolat 500g;3770008500044;;56;2026-08-13 09:24:35
982;123026;Donuts nappés chocolat au lait  Bio Soleil 150g;https://www.etiketbio.eu/pate-a-tartiner-sans-huile-de-palme/23074-go-nuts-pate-a-tartiner-chocolat-noisettes-265g-3770008500082.html;Pate a tartiner chocolat noisettes 265g;3770008500082;;68;2026-08-13 09:24:35
983;123026;Donuts nappés chocolat au lait  Bio Soleil 150g;https://www.etiketbio.eu/riz-long/20703-primeal-riz-long-blanc-1kg-3380390007306.html;Riz long blanc bio Priméal 1kg – Italie;3380390007306;;57;2026-08-13 09:24:35
984;123026;Donuts nappés chocolat au lait  Bio Soleil 150g;https://www.etiketbio.eu/stress-nervosite/30954-roll-on-stress-bio-5ml-herbes-et-traditions-3700006512022.html;Roll-on Stress Bio 5ml Herbes et Traditions;3700006512022;;53;2026-08-13 09:24:35
985;123026;Donuts nappés chocolat au lait  Bio Soleil 150g;https://www.etiketbio.eu/prevenir/30952-baume-respiration-bio-30ml-herbes-et-traditions-3700006510349.html;Baume Respiration Bio 30ml Herbes et Traditions;3700006510349;;54;2026-08-13 09:24:35
986;123026;Donuts nappés chocolat au lait  Bio Soleil 150g;https://www.etiketbio.eu/spiruline/21481-super-diet-spiruline-bio-120-gel-3428881143208.html;Spiruline Bio Superdiet 120 gélules;3428881143208;;59;2026-08-13 09:24:35
987;123026;Donuts nappés chocolat au lait  Bio Soleil 150g;https://www.etiketbio.eu/pate-demi-complete/8270-primeal-macaronis-1-2-complets-100-france-500g-3380390187404.html;Macaronis demi-complets bio 500g Priméal France;3380390187404;;59;2026-08-13 09:24:35
988;123026;Donuts nappés chocolat au lait  Bio Soleil 150g;https://www.etiketbio.eu/maca-bio/24094-flamant-vert-maca-340-comp-3476500834013.html;Maca bio Flamant Vert 340 comprimés;3476500834013;;52;2026-08-13 09:24:36
989;123026;Donuts nappés chocolat au lait  Bio Soleil 150g;https://www.etiketbio.eu/extrait-de-pepin-de-pamplemousse/18485-citrobiotic-citrobiotic-100-cps-42055013.html;Citrobiotic 100 comprimés;42055013;;0;2026-08-13 09:24:36
990;123026;Donuts nappés chocolat au lait  Bio Soleil 150g;https://www.etiketbio.eu/pate-a-tartiner-sans-huile-de-palme/23072-go-nuts-pate-a-tartiner-amande-chocolat-coco-280g-3770008500068.html;Pate a tartiner amande chocolat coco 280g;3770008500068;;63;2026-08-13 09:24:36
991;123026;Donuts nappés chocolat au lait  Bio Soleil 150g;https://www.etiketbio.eu/tisane-allaitement-bio/27891-fenugrec-bio-semence-50g-3481899002066.html;Fenugrec bio semence 50g;3481899002066;;50;2026-08-13 09:24:36
992;123026;Donuts nappés chocolat au lait  Bio Soleil 150g;https://www.etiketbio.eu/spiruline/17409-vitall-spiruline-500mg-60gel-3700195676376.html;Spiruline Bio Vit’All+ 60 gélules;3700195676376;;55;2026-08-13 09:24:36
1004;37383;Jus de pommes Côteaux Nantais 75cl;https://www.etiketbio.eu/petillants-a-base-de-fruits/7427-coteaux-nantais-apibul-myrtille-75cl-3301591000231.html;Apibul pommes myrtilles Côteaux Nantais 75cl;3301591000231;;513;2026-08-13 09:33:52
1005;37383;Jus de pommes Côteaux Nantais 75cl;https://www.etiketbio.eu/petillants-a-base-de-fruits/7424-coteaux-nantais-apibul-pommes-cassis-demeter-75cl-3301591000064.html;Apibul pommes cassis Côteaux Nantais 75cl;3301591000064;;480;2026-08-13 09:33:52
1006;37383;Jus de pommes Côteaux Nantais 75cl;https://www.etiketbio.eu/petillants-a-base-de-fruits/7430-coteaux-nantais-apibul-pommes-framboises-75cl-3301591000439.html;Apibul pommes framboises Côteaux Nantais 75cl;3301591000439;;506;2026-08-13 09:33:52
1007;37383;Jus de pommes Côteaux Nantais 75cl;https://www.etiketbio.eu/jus-de-pomme/23282-coteaux-nantais-jus-pomme-vanille-75cl-3301591001887.html;Jus pomme vanille Côteaux Nantais 75cl;3301591001887;;556;2026-08-13 09:33:52
1008;37383;Jus de pommes Côteaux Nantais 75cl;https://www.etiketbio.eu/jus-de-pomme/7422-coteaux-nantais-jus-pomme-75cl-3301591000040.html;Jus pomme bio Côteaux Nantais 75cl;3301591000040;;588;2026-08-13 09:33:52
1009;37383;Jus de pommes Côteaux Nantais 75cl;https://www.etiketbio.eu/petillants-a-base-de-fruits/7443-coteaux-nantais-apibul-pomme-fruits-de-la-passion-demeter-75cl-3301591001559.html;Apibul pomme passion Côteaux Nantais 75cl;3301591001559;;347;2026-08-13 09:33:52
1010;37383;Jus de pommes Côteaux Nantais 75cl;https://www.etiketbio.eu/petillants-a-base-de-fruits/28713-apibul-nature-75cl-3301591000057.html;Apibul nature Côteaux Nantais 75cl;3301591000057;;324;2026-08-13 09:33:52
1011;37383;Jus de pommes Côteaux Nantais 75cl;https://www.etiketbio.eu/jus-de-pomme/7429-coteaux-nantais-jus-pomme-poire-75cl-3301591000347.html;Jus pomme poire 75cl;3301591000347;;198;2026-08-13 09:33:53
1012;37383;Jus de pommes Côteaux Nantais 75cl;https://www.etiketbio.eu/jus-de-fruits/7439-coteaux-nantais-jus-de-pommes-framboises-75cl-3301591000859.html;Jus de pommes framboises 75cl;3301591000859;;402;2026-08-13 09:33:53
1013;37383;Jus de pommes Côteaux Nantais 75cl;https://www.etiketbio.eu/jus-de-pomme/7426-coteaux-nantais-jus-pomme-myrtille-75cl-3301591000163.html;Jus pomme myrtille 75cl;3301591000163;;199;2026-08-13 09:33:53
1015;37419;Purée de pommes Côteaux Nantais 630g;https://www.etiketbio.eu/purees-de-fruits/30871-puree-pommes-ananas-630g-coteaux-nantais-3301597005544.html;Purée pommes ananas bio 630g - Côteaux Nantais;3301597005544;;589;2026-08-13 09:34:10
1016;37419;Purée de pommes Côteaux Nantais 630g;https://www.etiketbio.eu/purees-de-fruits/7501-coteaux-nantais-puree-pomme-mangue-sans-sucre-630g-3301597001577.html;Purée pomme mangue 630g bio Côteaux Nantais;3301597001577;;492;2026-08-13 09:34:10
1017;37419;Purée de pommes Côteaux Nantais 630g;https://www.etiketbio.eu/purees-de-fruits/7494-coteaux-nantais-puree-pomme-myrtille-sans-sucre-630g-3301597000969.html;Purée pomme myrtille 630g bio Côteaux Nantais;3301597000969;;480;2026-08-13 09:34:10
1018;37419;Purée de pommes Côteaux Nantais 630g;https://www.etiketbio.eu/purees-de-fruits/7495-coteaux-nantais-puree-de-pommes-vanille-630g-3301597000983.html;Puree de pommes vanille 630g;3301597000983;;417;2026-08-13 09:34:10
1019;37419;Purée de pommes Côteaux Nantais 630g;https://www.etiketbio.eu/purees-de-fruits/7493-coteaux-nantais-puree-pomme-abricot-sans-sucre-630g-3301597000952.html;Puree pomme abricot sans sucre 630g;3301597000952;;188;2026-08-13 09:34:10
1020;37419;Purée de pommes Côteaux Nantais 630g;https://www.etiketbio.eu/purees-de-fruits/7497-coteaux-nantais-puree-pomme-poire-sans-sucre-630g-3301597001010.html;Puree pomme poire sans sucre 630g;3301597001010;;184;2026-08-13 09:34:10
1021;37419;Purée de pommes Côteaux Nantais 630g;https://www.etiketbio.eu/purees-de-fruits/23306-puree-pomme-framboise-630g-3301597001133.html;PUREE POMME FRAMBOISE 630G;3301597001133;;215;2026-08-13 09:34:11
1028;16024;Polenta nature Céréalpes 400g;https://www.etiketbio.eu/polenta-et-semoule-de-mais-bio/30519-semoule-de-mais-1kg-markal-3329486311125.html;Semoule de maïs bio 1kg – Markal;3329486311125;;0;2026-08-13 09:37:25
1029;16024;Polenta nature Céréalpes 400g;https://www.etiketbio.eu/couscous-bio/7958-primeal-couscous-mais-riz-500g-3380380052378.html;Couscous mais riz 500g;3380380052378;;0;2026-08-13 09:37:25
1036;122640;Gel lavant neutre Coslys 1l;https://www.etiketbio.eu/gels-douche/30297-gel-lavant-neutre-1l-3538396134209.html;Gel lavant neutre bio 1L 3-en-1 – Coslys;3538396134209;;462;2026-08-13 09:39:07
1037;122640;Gel lavant neutre Coslys 1l;https://www.etiketbio.eu/gels-douche/25917-etamine-du-lys-gel-lavant-neutre-5l-3538396130706.html;Gel lavant neutre 5l;3538396130706;;485;2026-08-13 09:39:07
1038;122640;Gel lavant neutre Coslys 1l;https://www.etiketbio.eu/gels-douche/21396-coslys-creme-de-douche-avoine-1l-3538396121506.html;Creme de douche avoine 1l;3538396121506;;77;2026-08-13 09:39:07
1043;14934;Paprika doux Cook 40g;https://www.etiketbio.eu/epices-en-poudre-bio/8927-cook-paprika-de-hongrie-40-g-3417960022893.html;Paprika doux bio Cook 40g;3417960022893;;730;2026-08-13 09:40:22
1044;14934;Paprika doux Cook 40g;https://www.etiketbio.eu/epices-en-poudre-bio/30770-eco-recharge-paprika-doux-poudre-40g-cook-arcadie-3417960043300.html;Paprika doux bio Cook 40g;3417960043300;;730;2026-08-13 09:40:22
1045;14934;Paprika doux Cook 40g;https://www.etiketbio.eu/melanges-epices-bio/25595-cook-melange-grillades-40gr-3417960045199.html;Mélange grillades bio Cook 40g;3417960045199;;188;2026-08-13 09:40:23
1049;118990;Shampooing douche Aloe Vera Coslys 1l;https://www.etiketbio.eu/shampooing/24758-coslys-shampooing-douche-fruits-rouges-250ml-3538396154306.html;Shampooing douche fruits rouges 250ml;3538396154306;;189;2026-08-13 09:41:21
1050;118990;Shampooing douche Aloe Vera Coslys 1l;https://www.etiketbio.eu/shampooing/22458-coslys-shampooing-douche-fruits-rouges-750ml-3538396154504.html;Shampooing douche fruits rouges 750ml;3538396154504;;189;2026-08-13 09:41:21
1051;118990;Shampooing douche Aloe Vera Coslys 1l;https://www.etiketbio.eu/shampooing/24753-coslys-doypack-shampooing-famille-1l-3538396150704.html;Doypack shampooing famille 1l;3538396150704;;182;2026-08-13 09:41:21
1061;14944;Poivre noir moulu Cook 45g;https://www.etiketbio.eu/poivres-baies-bio/8937-cook-poivre-noir-en-poudre-45-g-3417960022992.html;Poivre noir moulu bio Cook 45g;3417960022992;;774;2026-08-13 09:42:54
1062;14944;Poivre noir moulu Cook 45g;https://www.etiketbio.eu/poivres-baies-bio/8934-cook-poivre-blanc-poudre-45g-3417960022961.html;Poivre blanc moulu bio Cook 45g;3417960022961;;491;2026-08-13 09:42:54
1066;14630;Coriandre Cook 30g;https://www.etiketbio.eu/epices-en-poudre-bio/8900-cook-coriandre-poudre-30g-3417960022619.html;Coriandre moulue bio Cook 30g;3417960022619;;460;2026-08-13 09:43:30
1067;14630;Coriandre Cook 30g;https://www.etiketbio.eu/epices-en-graines-bio/8899-cook-coriandre-graine-30g-3417960022602.html;Coriandre graines bio Cook 30g;3417960022602;;450;2026-08-13 09:43:30
1068;14630;Coriandre Cook 30g;https://www.etiketbio.eu/epices-en-graines-bio/30769-eco-recharge-coriandre-graines-30g-cook-arcadie-3417960042105.html;Coriandre graines bio Cook 30g;3417960042105;;450;2026-08-13 09:43:30
1069;14630;Coriandre Cook 30g;https://www.etiketbio.eu/epices-en-poudre-bio/30767-eco-recharge-coriandre-moulue-30g-cook-arcadie-3417960041993.html;Coriandre moulue bio Cook 30g;3417960041993;;460;2026-08-13 09:43:30
1071;14926;Mélange pour salade Cook 20g;https://www.etiketbio.eu/melanges-epices-bio/8919-cook-melange-salade-20-g-3417960022817.html;Mélange salade bio Cook 20g;3417960022817;;669;2026-08-13 09:43:51
1072;14926;Mélange pour salade Cook 20g;https://www.etiketbio.eu/herbes-aromates-bio/30764-herbes-de-provence-flocon-sans-marjolaine-20g-cook-arcadie-3417960022732.html;Herbes de Provence bio Cook 20g;3417960022732;;169;2026-08-13 09:43:51
1073;14926;Mélange pour salade Cook 20g;https://www.etiketbio.eu/herbes-aromates-bio/30768-eco-recharge-herbes-de-provence-20g-cook-arcadie-3417960042051.html;Herbes de Provence bio Cook 20g;3417960042051;;169;2026-08-13 09:43:51
1082;14925;Mélange pour poisson Cook 30g;https://www.etiketbio.eu/melanges-epices-bio/8918-cook-melange-pour-poisson-30g-3417960022800.html;Mélange poisson bio Cook 30g;3417960022800;;674;2026-08-13 09:45:36
1083;14925;Mélange pour poisson Cook 30g;https://www.etiketbio.eu/melanges-epices-bio/23761-cook-epices-du-pecheur-30g-3417960041696.html;Épices du pêcheur bio Cook 30g;3417960041696;;192;2026-08-13 09:45:37
1091;22244;Curry  Madras Cook 35g;https://www.etiketbio.eu/melanges-epices-bio/16356-cook-curry-madras-fort-35g-3417960037934.html;Curry Madras fort bio Cook 35g;3417960037934;;549;2026-08-13 09:47:13
1092;22244;Curry  Madras Cook 35g;https://www.etiketbio.eu/melanges-epices-bio/8986-cook-curry-madras-35g-3417960034148.html;Curry Madras bio Cook 35g;3417960034148;;730;2026-08-13 09:47:13
1103;14635;Curry Cook 35g;https://www.etiketbio.eu/melanges-epices-bio/16356-cook-curry-madras-fort-35g-3417960037934.html;Curry Madras fort bio Cook 35g;3417960037934;;318;2026-08-13 09:50:36
1104;14635;Curry Cook 35g;https://www.etiketbio.eu/melanges-epices-bio/8986-cook-curry-madras-35g-3417960034148.html;Curry Madras bio Cook 35g;3417960034148;;431;2026-08-13 09:50:36
1105;14635;Curry Cook 35g;https://www.etiketbio.eu/melanges-epices-bio/8904-cook-curry-35g-3417960022657.html;Curry en poudre bio Cook 35g;3417960022657;;333;2026-08-13 09:50:36
1106;14635;Curry Cook 35g;https://www.etiketbio.eu/epices-en-poudre-bio/8894-cook-cardamome-poudre-35-g-3417960022558.html;Cardamome moulue bio Cook 35g;3417960022558;;186;2026-08-13 09:50:36
1107;14635;Curry Cook 35g;https://www.etiketbio.eu/melanges-epices-bio/8909-cook-garam-masala-35g-3417960022701.html;Garam masala bio Cook 35g;3417960022701;;205;2026-08-13 09:50:36
1108;14635;Curry Cook 35g;https://www.etiketbio.eu/epices-en-poudre-bio/8903-cook-curcuma-poudre-biopartenaire-35g-3417960022640.html;Curcuma moulu bio Cook 35g;3417960022640;;240;2026-08-13 09:50:36
1112;14614;Ail en poudre Cook 45g;https://www.etiketbio.eu/epices-en-poudre-bio/8884-cook-ail-poudre-45g-3417960022459.html;Ail en poudre bio Cook 45g;3417960022459;;764;2026-08-13 09:51:12
1113;14614;Ail en poudre Cook 45g;https://www.etiketbio.eu/poivres-baies-bio/8934-cook-poivre-blanc-poudre-45g-3417960022961.html;Poivre blanc moulu bio Cook 45g;3417960022961;;214;2026-08-13 09:51:12
1121;14634;Curcuma en poudre Cook 35g;https://www.etiketbio.eu/melanges-epices-bio/8904-cook-curry-35g-3417960022657.html;Curry en poudre bio Cook 35g;3417960022657;;543;2026-08-13 09:52:46
1122;14634;Curcuma en poudre Cook 35g;https://www.etiketbio.eu/epices-en-poudre-bio/8903-cook-curcuma-poudre-biopartenaire-35g-3417960022640.html;Curcuma moulu bio Cook 35g;3417960022640;;438;2026-08-13 09:52:46
1130;14973;Préparation pour pâtisserie Cook 50ml;https://www.etiketbio.eu/extraits-et-aromes/8970-cook-eau-de-rose-50ml-patisserie-3417960033028.html;Eau de rose pâtisserie Cook 50ml;3417960033028;;333;2026-08-13 09:54:56
1131;14973;Préparation pour pâtisserie Cook 50ml;https://www.etiketbio.eu/extraits-et-aromes/8876-cook-extrait-naturel-de-cannelle-50ml-3417960019152.html;Extrait de cannelle Cook 50ml;3417960019152;;194;2026-08-13 09:54:56
1132;14973;Préparation pour pâtisserie Cook 50ml;https://www.etiketbio.eu/extraits-et-aromes/8873-cook-extrait-cafe-50-ml-3417960017226.html;Extrait de café Cook 50ml;3417960017226;;206;2026-08-13 09:54:56
1136;115635;Fleur de Bach n°15 houx Deva 15ml;https://www.etiketbio.eu/fleur-de-bach/30978-fleur-de-bach-houx-n15-deva-15ml-3760102775813.html;Fleur de Bach Houx n°15 DEVA 15ml;3760102775813;;1000;2026-08-13 09:57:35
1137;115635;Fleur de Bach n°15 houx Deva 15ml;https://www.etiketbio.eu/fleur-de-bach/31022-compose-floral-emotions-de-lenfance-deva-15ml-3760102777329.html;Composé floral Émotions de l’enfance DEVA 15ml;3760102777329;;223;2026-08-13 09:57:35
1141;115655;Fleur de Bach situation de crise Deva 15ml;https://www.etiketbio.eu/fleur-de-bach/30998-compose-floral-situations-de-crise-deva-15ml-3760102776018.html;Composé floral Situations de crise DEVA 15ml;3760102776018;;395;2026-08-13 09:58:59
1142;115655;Fleur de Bach situation de crise Deva 15ml;https://www.etiketbio.eu/fleur-de-bach/30999-compose-floral-situations-de-crise-spray-deva-15ml-3760102776025.html;Composé floral Situations de crise spray DEVA 15ml;3760102776025;;370;2026-08-13 09:58:59
1146;115641;Fleur de Bach n°21 moutarde Deva 15ml;https://www.etiketbio.eu/fleur-de-bach/30984-fleur-de-bach-moutarde-n21-deva-15ml-3760102775875.html;Fleur de Bach Moutarde n°21 DEVA 15ml;3760102775875;;1000;2026-08-13 10:00:06
1147;115641;Fleur de Bach n°21 moutarde Deva 15ml;https://www.etiketbio.eu/fleur-de-bach/31031-compose-floral-joie-de-vivre-deva-15ml-3760102777411.html;Composé floral Joie de vivre DEVA 15ml;3760102777411;;255;2026-08-13 10:00:06
1148;115643;Fleur de Bcah n°23 olivier Deva 15ml;https://www.etiketbio.eu/fleur-de-bach/30986-fleur-de-bach-olivier-n23-deva-15ml-3760102775899.html;Fleur de Bach Olivier n°23 DEVA 15ml;3760102775899;;833;2026-08-13 10:00:23
1149;115643;Fleur de Bcah n°23 olivier Deva 15ml;https://www.etiketbio.eu/fleur-de-bach/30980-fleur-de-bach-marronnier-blanc-n35-deva-15ml-3760102775837.html;Fleur de Bach Marronnier Blanc n°35 DEVA 15ml;3760102775837;;342;2026-08-13 10:00:23
1150;115643;Fleur de Bcah n°23 olivier Deva 15ml;https://www.etiketbio.eu/fleur-de-bach/30970-fleur-de-bach-clematite-n9-deva-15ml-3760102775738.html;Fleur de Bach Clématite n°9 DEVA 15ml;3760102775738;;386;2026-08-13 10:00:23
1151;115643;Fleur de Bcah n°23 olivier Deva 15ml;https://www.etiketbio.eu/fleur-de-bach/30977-fleur-de-bach-hetre-n3-deva-15ml-3760102775806.html;Fleur de Bach Hêtre n°3 DEVA 15ml;3760102775806;;426;2026-08-13 10:00:23
1152;115643;Fleur de Bcah n°23 olivier Deva 15ml;https://www.etiketbio.eu/fleur-de-bach/30966-fleur-de-bach-chataignier-n30-deva-15ml-3760102775691.html;Fleur de Bach Châtaignier n°30 DEVA 15ml;3760102775691;;386;2026-08-13 10:00:24
1153;115643;Fleur de Bcah n°23 olivier Deva 15ml;https://www.etiketbio.eu/fleur-de-bach/30967-fleur-de-bach-chene-n22-deva-15ml-3760102775707.html;Fleur de Bach Chêne n°22 DEVA 15ml;3760102775707;;420;2026-08-13 10:00:24
1154;115643;Fleur de Bcah n°23 olivier Deva 15ml;https://www.etiketbio.eu/fleur-de-bach/30971-fleur-de-bach-eau-de-roche-n27-deva-15ml-3760102775745.html;Fleur de Bach Eau de Roche n°27 DEVA 15ml;3760102775745;;332;2026-08-13 10:00:24
1155;115643;Fleur de Bcah n°23 olivier Deva 15ml;https://www.etiketbio.eu/fleur-de-bach/30972-fleur-de-bach-eglantier-n37-deva-15ml-3760102775752.html;Fleur de Bach Églantier n°37 DEVA 15ml;3760102775752;;397;2026-08-13 10:00:24
1156;115643;Fleur de Bcah n°23 olivier Deva 15ml;https://www.etiketbio.eu/fleur-de-bach/30973-fleur-de-bach-etoile-de-bethleem-deva-15ml-3760102775769.html;Fleur de Bach Étoile de Bethléem DEVA 15ml;3760102775769;;299;2026-08-13 10:00:24
1157;115643;Fleur de Bcah n°23 olivier Deva 15ml;https://www.etiketbio.eu/fleur-de-bach/30974-fleur-de-bach-folle-avoine-n36-deva-15ml-3760102775776.html;Fleur de Bach Folle Avoine n°36 DEVA 15ml;3760102775776;;347;2026-08-13 10:00:24
1158;115643;Fleur de Bcah n°23 olivier Deva 15ml;https://www.etiketbio.eu/fleur-de-bach/30976-fleur-de-bach-heliantheme-n26-deva-15ml-3760102775790.html;Fleur de Bach Hélianthème n°26 DEVA 15ml;3760102775790;;402;2026-08-13 10:00:24
1159;115643;Fleur de Bcah n°23 olivier Deva 15ml;https://www.etiketbio.eu/fleur-de-bach/30981-fleur-de-bach-marronnier-rouge-n25-deva-15ml-3760102775844.html;Fleur de Bach Marronnier Rouge n°25 DEVA 15ml;3760102775844;;354;2026-08-13 10:00:25
1160;115643;Fleur de Bcah n°23 olivier Deva 15ml;https://www.etiketbio.eu/fleur-de-bach/30984-fleur-de-bach-moutarde-n21-deva-15ml-3760102775875.html;Fleur de Bach Moutarde n°21 DEVA 15ml;3760102775875;;402;2026-08-13 10:00:25
1161;115643;Fleur de Bcah n°23 olivier Deva 15ml;https://www.etiketbio.eu/fleur-de-bach/30985-fleur-de-bach-noyer-n33-deva-15ml-3760102775882.html;Fleur de Bach Noyer n°33 DEVA 15ml;3760102775882;;487;2026-08-13 10:00:25
1162;115643;Fleur de Bcah n°23 olivier Deva 15ml;https://www.etiketbio.eu/fleur-de-bach/30988-fleur-de-bach-pin-sylvestre-n24-deva-15ml-3760102775912.html;Fleur de Bach Pin sylvestre n°24 DEVA 15ml;3760102775912;;395;2026-08-13 10:00:25
1163;115643;Fleur de Bcah n°23 olivier Deva 15ml;https://www.etiketbio.eu/fleur-de-bach/30992-fleur-de-bach-saule-n38-deva-15ml-3760102775950.html;Fleur de Bach Saule n°38 DEVA 15ml;3760102775950;;471;2026-08-13 10:00:25
1164;115643;Fleur de Bcah n°23 olivier Deva 15ml;https://www.etiketbio.eu/fleur-de-bach/30993-fleur-de-bach-scleranthus-n28-deva-15ml-3760102775967.html;Fleur de Bach Scléranthus n°28 DEVA 15ml;3760102775967;;448;2026-08-13 10:00:25
1165;115643;Fleur de Bcah n°23 olivier Deva 15ml;https://www.etiketbio.eu/fleur-de-bach/30995-fleur-de-bach-verveine-n31-deva-15ml-3760102775981.html;Fleur de Bach Verveine n°31 DEVA 15ml;3760102775981;;467;2026-08-13 10:00:25
1166;115643;Fleur de Bcah n°23 olivier Deva 15ml;https://www.etiketbio.eu/fleur-de-bach/30996-fleur-de-bach-vigne-n32-deva-15ml-3760102775998.html;Fleur de Bach Vigne n°32 DEVA 15ml;3760102775998;;487;2026-08-13 10:00:25
1167;115643;Fleur de Bcah n°23 olivier Deva 15ml;https://www.etiketbio.eu/fleur-de-bach/30997-fleur-de-bach-violette-deau-n34-deva-15ml-3760102776001.html;Fleur de Bach Violette d’eau n°34 DEVA 15ml;3760102776001;;382;2026-08-13 10:00:25
1168;115643;Fleur de Bcah n°23 olivier Deva 15ml;https://www.etiketbio.eu/fleur-de-bach/30961-fleur-de-bach-ajonc-n13-deva-15ml-3760102775646.html;Fleur de Bach Ajonc n°13 DEVA 15ml;3760102775646;;420;2026-08-13 10:00:26
1169;115643;Fleur de Bcah n°23 olivier Deva 15ml;https://www.etiketbio.eu/fleur-de-bach/30962-fleur-de-bach-bourgeons-de-marronnier-deva-15ml-3760102775653.html;Fleur de Bach Bourgeons de Marronnier n°7 DEVA 15ml;3760102775653;;282;2026-08-13 10:00:26
1170;115643;Fleur de Bcah n°23 olivier Deva 15ml;https://www.etiketbio.eu/fleur-de-bach/30963-fleur-de-bach-bruyere-n14-deva-15ml-3760102775660.html;Fleur de Bach Bruyère n°14 DEVA 15ml;3760102775660;;392;2026-08-13 10:00:26
1171;115643;Fleur de Bcah n°23 olivier Deva 15ml;https://www.etiketbio.eu/fleur-de-bach/30964-fleur-de-bach-centauree-n4-deva-15ml-3760102775677.html;Fleur de Bach Centaurée n°4 DEVA 15ml;3760102775677;;386;2026-08-13 10:00:26
1172;115643;Fleur de Bcah n°23 olivier Deva 15ml;https://www.etiketbio.eu/fleur-de-bach/30965-fleur-de-bach-charme-n17-deva-15ml-3760102775684.html;Fleur de Bach Charme n°17 DEVA 15ml;3760102775684;;398;2026-08-13 10:00:26
1173;115643;Fleur de Bcah n°23 olivier Deva 15ml;https://www.etiketbio.eu/fleur-de-bach/30968-fleur-de-bach-chevrefeuille-n16-deva-15ml-3760102775714.html;Fleur de Bach Chèvrefeuille n°16 DEVA 15ml;3760102775714;;361;2026-08-13 10:00:26
1174;115643;Fleur de Bcah n°23 olivier Deva 15ml;https://www.etiketbio.eu/fleur-de-bach/30969-fleur-de-bach-chicoree-n8-deva-15ml-3760102775721.html;Fleur de Bach Chicorée n°8 DEVA 15ml;3760102775721;;392;2026-08-13 10:00:26
1175;115643;Fleur de Bcah n°23 olivier Deva 15ml;https://www.etiketbio.eu/fleur-de-bach/30975-fleur-de-bach-gentiane-n12-deva-15ml-3760102775783.html;Fleur de Bach Gentiane n°12 DEVA 15ml;3760102775783;;419;2026-08-13 10:00:26
1176;115643;Fleur de Bcah n°23 olivier Deva 15ml;https://www.etiketbio.eu/fleur-de-bach/30978-fleur-de-bach-houx-n15-deva-15ml-3760102775813.html;Fleur de Bach Houx n°15 DEVA 15ml;3760102775813;;409;2026-08-13 10:00:27
1177;115643;Fleur de Bcah n°23 olivier Deva 15ml;https://www.etiketbio.eu/fleur-de-bach/30979-fleur-de-bach-impatiente-n18-deva-15ml-3760102775820.html;Fleur de Bach Impatiente n°18 DEVA 15ml;3760102775820;;407;2026-08-13 10:00:27
1178;115643;Fleur de Bcah n°23 olivier Deva 15ml;https://www.etiketbio.eu/fleur-de-bach/30982-fleur-de-bach-meleze-n19-deva-15ml-3760102775851.html;Fleur de Bach Mélèze n°19 DEVA 15ml;3760102775851;;414;2026-08-13 10:00:27
1179;115643;Fleur de Bcah n°23 olivier Deva 15ml;https://www.etiketbio.eu/fleur-de-bach/30983-fleur-de-bach-mimulus-jaune-n20-deva-15ml-3760102775868.html;Fleur de Bach Mimulus jaune n°20 DEVA 15ml;3760102775868;;342;2026-08-13 10:00:27
1185;17345;Purée pomme vanille Dani'Pom Danival 700g;https://www.etiketbio.eu/purees-de-fruits/9218-danival-danipom-pomme-vanille-700g-3431590001998.html;Dani’Pom Pomme Vanille 700g Danival;3431590001998;;766;2026-08-13 10:02:50
1186;17345;Purée pomme vanille Dani'Pom Danival 700g;https://www.etiketbio.eu/purees-de-fruits/14396-danival-dani-pom-pomme-chataigne-700g-3431590014486.html;Dani pom pomme chataigne 700g;3431590014486;;184;2026-08-13 10:02:50
1189;28901;Purée pommes Danival 4x100g;https://www.etiketbio.eu/purees-de-fruits/9316-danival-dessert-de-fruits-pomme-france-4x100g-3431590013571.html;Purée pomme bio Danival 4x100g;3431590013571;;547;2026-08-13 10:03:24
1190;28901;Purée pommes Danival 4x100g;https://www.etiketbio.eu/purees-de-fruits/9319-danival-dessert-de-fruits-pomme-pruneau-100-france-3431590013601.html;Purée pomme pruneau bio Danival 4x100g;3431590013601;;400;2026-08-13 10:03:24
1191;28901;Purée pommes Danival 4x100g;https://www.etiketbio.eu/purees-de-fruits/9318-danival-puree-pomme-banane-4x100g-3431590013595.html;Puree pomme banane 4x100g;3431590013595;;423;2026-08-13 10:03:24
1192;28901;Purée pommes Danival 4x100g;https://www.etiketbio.eu/purees-de-fruits/9320-danival-puree-pomme-framboise-4x100g-3431590013625.html;Puree pomme framboise 4x100g;3431590013625;;382;2026-08-13 10:03:24
1193;28901;Purée pommes Danival 4x100g;https://www.etiketbio.eu/purees-de-fruits/9321-danival-dessert-de-fruits-pomme-rhubarbe-100-4x100g-3431590013649.html;Dessert de fruits pomme rhubarbe 100% 4x100g;3431590013649;;78;2026-08-13 10:03:24
1194;28901;Purée pommes Danival 4x100g;https://www.etiketbio.eu/purees-de-fruits/14775-danival-dessert-de-fruits-pomme-vanille-4x100g-3431590014592.html;Dessert de fruits pomme vanille 4x100g;3431590014592;;87;2026-08-13 10:03:24
1200;78004;Purée pomme vanille Danival 4x100g;https://www.etiketbio.eu/purees-de-fruits/12824-danival-dessert-pomme-chataigne-4x100g-3431590014080.html;Dessert pomme châtaigne Danival 4x100g;3431590014080;;333;2026-08-13 10:04:40
1201;78004;Purée pomme vanille Danival 4x100g;https://www.etiketbio.eu/purees-de-fruits/14775-danival-dessert-de-fruits-pomme-vanille-4x100g-3431590014592.html;Dessert de fruits pomme vanille 4x100g;3431590014592;;319;2026-08-13 10:04:40
1204;93863;Olivade noire Danival 100g;https://www.etiketbio.eu/produit-vegetal-a-tartiner/9279-danival-olivade-noire-100g-3431590009833.html;Olivade noire 100g;3431590009833;;614;2026-08-13 10:05:55
1205;93863;Olivade noire Danival 100g;https://www.etiketbio.eu/pates-vegetaux/9280-danival-olivade-verte-100g-3431590009840.html;Olivade verte 100g;3431590009840;;273;2026-08-13 10:05:55
1206;93863;Olivade noire Danival 100g;https://www.etiketbio.eu/produit-vegetal-a-tartiner/9281-danival-houmous-100g-3431590009857.html;Houmous 100g;3431590009857;;92;2026-08-13 10:05:55
1211;11457;Soupe Miso Danival 4x10g;https://www.etiketbio.eu/miso-bio/9250-lima-miso-soupe-4x10g-3431590007860.html;Miso soupe 4x10g;3431590007860;;600;2026-08-13 10:07:56
1212;11457;Soupe Miso Danival 4x10g;https://www.etiketbio.eu/soupes-lyophilisees/26974-miso-soupe-sesame-gingembre-410g-3431590015469.html;Miso soupe sésame gingembre 4*10g;3431590015469;;243;2026-08-13 10:07:56
1213;15897;Soupe aux 5 légumes verts Danival 50cl;https://www.etiketbio.eu/soupes-bio-pretes-a-deguster/9265-danival-soupe-saveur-sachet-5-legumes-verts-50cl-3431590008393.html;Soupe 5 légumes verts Danival 50cl;3431590008393;;810;2026-08-13 10:08:12
1214;15897;Soupe aux 5 légumes verts Danival 50cl;https://www.etiketbio.eu/soupes-bio-pretes-a-deguster/9264-danival-soupe-saveur-sachet-12-legumes-sachet-50-3431590008386.html;Soupe 12 légumes bio Danival 50cl;3431590008386;;451;2026-08-13 10:08:13
1222;5034;Purée pomme Dani'Pom Danival 700G;https://www.etiketbio.eu/purees-de-fruits/9218-danival-danipom-pomme-vanille-700g-3431590001998.html;Dani’Pom Pomme Vanille 700g Danival;3431590001998;;679;2026-08-13 10:11:34
1223;5034;Purée pomme Dani'Pom Danival 700G;https://www.etiketbio.eu/purees-de-fruits/9219-danival-danipom-100-pomme-700g-3431590002001.html;Dani’Pom 100% Pomme 700g Danival;3431590002001;;671;2026-08-13 10:11:34
1224;5034;Purée pomme Dani'Pom Danival 700G;https://www.etiketbio.eu/purees-de-fruits/9228-danival-dani-pom-myrtille-700g-3431590002636.html;Dani’Pom Pomme Myrtille 700g Danival;3431590002636;;621;2026-08-13 10:11:34
1225;5034;Purée pomme Dani'Pom Danival 700G;https://www.etiketbio.eu/purees-de-fruits/9226-danival-danipom-pomme-banane-700g-3431590002582.html;Dani’Pom Pomme Banane 700g Danival;3431590002582;;640;2026-08-13 10:11:34
1226;5034;Purée pomme Dani'Pom Danival 700G;https://www.etiketbio.eu/purees-de-fruits/14393-danival-danipom-pomme-mangue-700g-3431590002520.html;Dani’Pom Pomme Mangue 700g Danival;3431590002520;;640;2026-08-13 10:11:35
1227;5034;Purée pomme Dani'Pom Danival 700G;https://www.etiketbio.eu/purees-de-fruits/9227-danival-danipom-pomme-abricot-700g-3431590002599.html;Dani’Pom Pomme Abricot 700g Danival;3431590002599;;630;2026-08-13 10:11:35
1228;5034;Purée pomme Dani'Pom Danival 700G;https://www.etiketbio.eu/purees-de-fruits/14395-danival-dani-pom-pomme-fruits-rouges-700g-3431590014479.html;Dani pom pomme fruits rouges 700g;3431590014479;;215;2026-08-13 10:11:35
1229;5034;Purée pomme Dani'Pom Danival 700G;https://www.etiketbio.eu/purees-de-fruits/14396-danival-dani-pom-pomme-chataigne-700g-3431590014486.html;Dani pom pomme chataigne 700g;3431590014486;;249;2026-08-13 10:11:35
1241;21034;Ravioli tomme de chèvre Danival 670g;https://www.etiketbio.eu/plats-prepares/9238-ravioli-au-boeuf-670g-3431590006504.html;Ravioli bœuf bio 670g Danival;3431590006504;;328;2026-08-13 10:15:17
1242;21034;Ravioli tomme de chèvre Danival 670g;https://www.etiketbio.eu/plats-prepares/9221-danival-ravioli-5-legumes-670g-3431590002117.html;Ravioli 5 legumes 670g;3431590002117;;172;2026-08-13 10:15:17
1243;21034;Ravioli tomme de chèvre Danival 670g;https://www.etiketbio.eu/plats-prepares/9285-danival-le-grand-ravioli-aux-legumes-1kg-3431590010044.html;Le grand ravioli aux legumes 1kg;3431590010044;;78;2026-08-13 10:15:17
1244;21034;Ravioli tomme de chèvre Danival 670g;https://www.etiketbio.eu/plats-prepares/6871-soy-ravioli-a-la-tomate-267g-3259011203901.html;Ravioli a la tomate 267g;3259011203901;;106;2026-08-13 10:15:17
1245;21034;Ravioli tomme de chèvre Danival 670g;https://www.etiketbio.eu/aubergine-bio-/23234-karine-et-jeff-ravioli-aubergine-tomate-basilic-680g-3760052230264.html;Ravioli aubergine tomate basilic 680g;3760052230264;;110;2026-08-13 10:15:17
1246;21034;Ravioli tomme de chèvre Danival 670g;https://www.etiketbio.eu/plats-prepares/7793-prosain-ravioli-legumes-sauce-toscane-680g-3335880006512.html;Ravioli legumes sauce toscane 680g;3335880006512;;86;2026-08-13 10:15:17
1247;21034;Ravioli tomme de chèvre Danival 670g;https://www.etiketbio.eu/plats-prepares/17687-prosain-raviolis-legumes-toscane-365g-3335880006369.html;Raviolis legumes toscane 365g;3335880006369;;0;2026-08-13 10:15:17
1248;21034;Ravioli tomme de chèvre Danival 670g;https://www.etiketbio.eu/plats-prepares/7794-prosain-raviolis-tofu-basilic-680g-3335880006529.html;Raviolis tofu/basilic 680g;3335880006529;;0;2026-08-13 10:15:18
1249;15896;Soupe de pois cassés Danival 50cl;https://www.etiketbio.eu/soupes-bio-pretes-a-deguster/9245-danival-soupe-saveur-sachet-pois-casses-50cl-3431590007228.html;Soupe pois cassés bio Danival 50cl;3431590007228;;746;2026-08-13 10:15:26
1250;15896;Soupe de pois cassés Danival 50cl;https://www.etiketbio.eu/soupes-bio-pretes-a-deguster/9337-danival-soupe-marocaine-facon-chorba-50cl-3431590013915.html;Soupe marocaine chorba Danival 50cl;3431590013915;;353;2026-08-13 10:15:26
1252;15898;Soupe aux 12 légumes Danival 50cl;https://www.etiketbio.eu/soupes-bio-pretes-a-deguster/9264-danival-soupe-saveur-sachet-12-legumes-sachet-50-3431590008386.html;Soupe 12 légumes bio Danival 50cl;3431590008386;;758;2026-08-13 10:16:00
1253;15898;Soupe aux 12 légumes Danival 50cl;https://www.etiketbio.eu/soupes-bio-pretes-a-deguster/9265-danival-soupe-saveur-sachet-5-legumes-verts-50cl-3431590008393.html;Soupe 5 légumes verts Danival 50cl;3431590008393;;537;2026-08-13 10:16:00
1256;20982;Chicorée instantanée Favrichon 200g;https://www.etiketbio.eu/chicoree-bio/6578-favrichon-chicoree-200g-3111900308374.html;Chicorée bio Favrichon 200 g;3111900308374;;292;2026-08-13 10:24:18
1257;20982;Chicorée instantanée Favrichon 200g;https://www.etiketbio.eu/chicoree-bio/23978-favrichon-recharge-chicoree-180g-sans-sucres-ajoutes-sans-cafeine-sans-ble-3111900308503.html;Recharge chicorée bio Favrichon 180g;3111900308503;;270;2026-08-13 10:24:18
1258;13225;Chicorée instantanée Favrichon 100g;https://www.etiketbio.eu/succedanes-de-cafe/28381-chicoree-instantanee-cafe-100g-3111900308541.html;Chicorée instantanée café 100g;3111900308541;;577;2026-08-13 10:24:35
1259;13225;Chicorée instantanée Favrichon 100g;https://www.etiketbio.eu/chicoree-bio/6577-favrichon-chicoree-100g-3111900308220.html;Chicorée bio Favrichon 100 g;3111900308220;;292;2026-08-13 10:24:35
1260;13225;Chicorée instantanée Favrichon 100g;https://www.etiketbio.eu/chicoree-bio/28382-chicoree-instantanee-douceur-avoine-100g-3111900308558.html;Chicoree instantanee douceur avoine 100gr;3111900308558;;284;2026-08-13 10:24:35
1261;13225;Chicorée instantanée Favrichon 100g;https://www.etiketbio.eu/succedanes-de-cafe/16326-malt-soluble-100g-favrichon-3111900300354.html;Malt soluble bio 100g Favrichon;3111900300354;;255;2026-08-13 10:24:35
1262;13225;Chicorée instantanée Favrichon 100g;https://www.etiketbio.eu/succedanes-de-cafe/17647-favrichon-nectador-100g-3111900300361.html;Nectador bio 100g Favrichon;3111900300361;;339;2026-08-13 10:24:35
1264;88765;Boisson douceur riz sans sucres Evernat 1L;https://www.etiketbio.eu/boisson-au-riz-bio/23825-evernat-boisson-douceur-riz-sans-sucre-1l-3396411241932.html;Boisson riz sans sucre 1L Evernat;3396411241932;;629;2026-08-13 10:25:00
1265;88765;Boisson douceur riz sans sucres Evernat 1L;https://www.etiketbio.eu/boisson-a-l-amande-bio/8612-evernat-boisson-douceur-amande-sans-sucres-1l-3396411217395.html;Boisson amande sans sucres 1L Evernat;3396411217395;;542;2026-08-13 10:25:01
1266;1332;Malt soluble Favrichon 100g;https://www.etiketbio.eu/succedanes-de-cafe/16326-malt-soluble-100g-favrichon-3111900300354.html;Malt soluble bio 100g Favrichon;3111900300354;;745;2026-08-13 10:25:09
1267;1332;Malt soluble Favrichon 100g;https://www.etiketbio.eu/succedanes-de-cafe/17647-favrichon-nectador-100g-3111900300361.html;Nectador bio 100g Favrichon;3111900300361;;315;2026-08-13 10:25:09
1268;24888;Boisson bio amande Evernat 1L;https://www.etiketbio.eu/boisson-a-l-amande-bio/8612-evernat-boisson-douceur-amande-sans-sucres-1l-3396411217395.html;Boisson amande sans sucres 1L Evernat;3396411217395;;505;2026-08-13 10:25:18
1269;24888;Boisson bio amande Evernat 1L;https://www.etiketbio.eu/muesli-aux-fruits/8640-evernat-muesli-pomme-amande-noisette-370g-3396411219184.html;Muesli pomme amande noisette 370g;3396411219184;;97;2026-08-13 10:25:18
1271;26948;Boisson végétale amande Evernat 1l;https://www.etiketbio.eu/boisson-a-l-amande-bio/8612-evernat-boisson-douceur-amande-sans-sucres-1l-3396411217395.html;Boisson amande sans sucres 1L Evernat;3396411217395;;526;2026-08-13 10:25:35
1272;26948;Boisson végétale amande Evernat 1l;https://www.etiketbio.eu/muesli-aux-fruits/8640-evernat-muesli-pomme-amande-noisette-370g-3396411219184.html;Muesli pomme amande noisette 370g;3396411219184;;90;2026-08-13 10:25:35
1273;28469;Muesli croustillant nature Favrichon 500g;https://www.etiketbio.eu/granola-crunchy-krounchy/6585-favrichon-muesli-croustillant-nature-sachet-500g-3111900350335.html;Muesli croustillant nature bio 500g Favrichon;3111900350335;;795;2026-08-13 10:25:44
1274;28469;Muesli croustillant nature Favrichon 500g;https://www.etiketbio.eu/granola-crunchy-krounchy/6590-favrichon-muesli-croustillant-miel-sarrasin-500g-3111900350588.html;Muesli miel sarrasin bio Favrichon 500g;3111900350588;;325;2026-08-13 10:25:44
1276;92681;Boisson végétale bio Evernat 1L;https://www.etiketbio.eu/boisson-a-l-avoine-bio/23820-evernat-boisson-douceur-avoine-s-sucre-evernat-1l-3396411241963.html;Boisson avoine sans sucre 1L bio Evernat;3396411241963;;402;2026-08-13 10:26:09
1277;92681;Boisson végétale bio Evernat 1L;https://www.etiketbio.eu/boisson-a-l-amande-bio/8612-evernat-boisson-douceur-amande-sans-sucres-1l-3396411217395.html;Boisson amande sans sucres 1L Evernat;3396411217395;;324;2026-08-13 10:26:09
1278;92681;Boisson végétale bio Evernat 1L;https://www.etiketbio.eu/boisson-au-riz-bio/23825-evernat-boisson-douceur-riz-sans-sucre-1l-3396411241932.html;Boisson riz sans sucre 1L Evernat;3396411241932;;328;2026-08-13 10:26:09
1279;92681;Boisson végétale bio Evernat 1L;https://www.etiketbio.eu/boisson-a-la-coco-bio/17269-evernat-boisson-coco-sans-sucres-1l-3396411235627.html;Boisson coco sans sucres 1l;3396411235627;;193;2026-08-13 10:26:09
1280;92681;Boisson végétale bio Evernat 1L;https://www.etiketbio.eu/muesli-aux-fruits/8640-evernat-muesli-pomme-amande-noisette-370g-3396411219184.html;Muesli pomme amande noisette 370g;3396411219184;;0;2026-08-13 10:26:09
1289;64448;Muesli croustillant fruits & graines anciennes Favrichon 450g;https://www.etiketbio.eu/granola-crunchy-krounchy/6593-favrichon-muesli-croustillant-6-fruits-500g-3111900350625.html;Muesli croustillant 6 fruits 500g Favrichon;3111900350625;;459;2026-08-13 10:28:48
1290;64448;Muesli croustillant fruits & graines anciennes Favrichon 450g;https://www.etiketbio.eu/granola-crunchy-krounchy/6585-favrichon-muesli-croustillant-nature-sachet-500g-3111900350335.html;Muesli croustillant nature bio 500g Favrichon;3111900350335;;288;2026-08-13 10:28:48
1291;64448;Muesli croustillant fruits & graines anciennes Favrichon 450g;https://www.etiketbio.eu/muesli-nature/19511-muesli-croustillant-intensement-nature-1kg-3111900410008.html;Muesli croustillant nature bio 1kg Favrichon;3111900410008;;275;2026-08-13 10:28:48
1292;64448;Muesli croustillant fruits & graines anciennes Favrichon 450g;https://www.etiketbio.eu/granola-crunchy-krounchy/12198-favrichon-muesli-croustillant-cranb-myrt-fram-450g-3111900350755.html;Muesli Croustillant Cranberry, myrtille & framboise 450g;3111900350755;;268;2026-08-13 10:28:49
1293;64448;Muesli croustillant fruits & graines anciennes Favrichon 450g;https://www.etiketbio.eu/granola-crunchy-krounchy/14373-favrichon-muesli-croustillant-fruits-et-graines-450g-3111900350830.html;Muesli fruits graines Favrichon 450g;3111900350830;;541;2026-08-13 10:28:49
1294;64448;Muesli croustillant fruits & graines anciennes Favrichon 450g;https://www.etiketbio.eu/muesli-aux-fruits/29051-muesli-croustillant-proteine-fruits-rouge-450g-3111900350984.html;Muesli protéiné fruits rouges 450g - Favrichon;3111900350984;;333;2026-08-13 10:28:49
1295;64448;Muesli croustillant fruits & graines anciennes Favrichon 450g;https://www.etiketbio.eu/granola-crunchy-krounchy/23983-favrichon-muesli-croustillant-superfruits-400gr-3111900350878.html;Muesli croustillant superfruits 400gr;3111900350878;;149;2026-08-13 10:28:49
1296;64448;Muesli croustillant fruits & graines anciennes Favrichon 450g;https://www.etiketbio.eu/granola-crunchy-krounchy/9030-grillon-dor-krounchy-familial-fruits-1kg-3421557110320.html;Krounchy fruits Grillon d’Or 1kg;3421557110320;;57;2026-08-13 10:28:49
1297;64448;Muesli croustillant fruits & graines anciennes Favrichon 450g;https://www.etiketbio.eu/granola-crunchy-krounchy/9040-grillon-dor-krounchy-fruits-rouges-500g-3421557111198.html;Krounchy fruits rouges Grillon d’Or 500g;3421557111198;;64;2026-08-13 10:28:49
1298;64448;Muesli croustillant fruits & graines anciennes Favrichon 450g;https://www.etiketbio.eu/muesli-nature/15414-markal-muesli-crunchy-500g-3329483371207.html;Muesli crunchy bio Markal 500 g;3329483371207;;70;2026-08-13 10:28:49
1299;64448;Muesli croustillant fruits & graines anciennes Favrichon 450g;https://www.etiketbio.eu/granola-crunchy-krounchy/30774-krounc5003-5-fruits-500g-grillon-d-or-3421557920615.html;Krounchy 5 fruits Grillon d’Or 500g;3421557920615;;61;2026-08-13 10:28:50
1300;64448;Muesli croustillant fruits & graines anciennes Favrichon 450g;https://www.etiketbio.eu/granola-crunchy-krounchy/6590-favrichon-muesli-croustillant-miel-sarrasin-500g-3111900350588.html;Muesli miel sarrasin bio Favrichon 500g;3111900350588;;152;2026-08-13 10:28:50
1301;64448;Muesli croustillant fruits & graines anciennes Favrichon 450g;https://www.etiketbio.eu/granola-crunchy-krounchy/9017-grillon-dor-crunchy-familial-nature-1kg-3421557108150.html;Krounchy nature bio 1kg Grillon d’Or;3421557108150;;0;2026-08-13 10:28:50
1302;64448;Muesli croustillant fruits & graines anciennes Favrichon 450g;https://www.etiketbio.eu/granola-crunchy-krounchy/9020-grillon-dor-krounchy-avoine-amande-500g-3421557108624.html;Krounchy amande avoine Grillon d’Or 500g;3421557108624;;0;2026-08-13 10:28:50
1303;64448;Muesli croustillant fruits & graines anciennes Favrichon 450g;https://www.etiketbio.eu/granola-crunchy-krounchy/9026-grillon-dor-krounchy-chataigne-500g-3421557110092.html;Krounchy châtaigne Grillon d’Or 500g;3421557110092;;0;2026-08-13 10:28:50
1304;64448;Muesli croustillant fruits & graines anciennes Favrichon 450g;https://www.etiketbio.eu/granola-crunchy-krounchy/9029-grillon-dor-krounchy-familial-chocolat-1kg-3421557110313.html;Krounchy chocolat Grillon d’Or 1kg;3421557110313;;0;2026-08-13 10:28:50
1305;64448;Muesli croustillant fruits & graines anciennes Favrichon 450g;https://www.etiketbio.eu/granola-crunchy-krounchy/9018-grillon-dor-krunchy-nature-500g-3421557108594.html;Krounchy nature Grillon d’Or 500g;3421557108594;;0;2026-08-13 10:28:50
1306;64448;Muesli croustillant fruits & graines anciennes Favrichon 450g;https://www.etiketbio.eu/granola-crunchy-krounchy/9028-grillon-dor-krounchy-too-chocolat-500g-3421557110214.html;Krounchy duo chocolat Grillon d’Or 500g;3421557110214;;0;2026-08-13 10:28:50
1307;64448;Muesli croustillant fruits & graines anciennes Favrichon 450g;https://www.etiketbio.eu/cereale-soufflee/9059-grillon-dor-riz-complet-souffle-200g-3421557500763.html;Riz Complet Soufflé Grillon d’Or 200g;3421557500763;;0;2026-08-13 10:28:50
1311;40372;Muesli croustillant 6 fruits Favrichon 500g;https://www.etiketbio.eu/granola-crunchy-krounchy/6593-favrichon-muesli-croustillant-6-fruits-500g-3111900350625.html;Muesli croustillant 6 fruits 500g Favrichon;3111900350625;;1000;2026-08-13 10:30:32
1312;40372;Muesli croustillant 6 fruits Favrichon 500g;https://www.etiketbio.eu/granola-crunchy-krounchy/6585-favrichon-muesli-croustillant-nature-sachet-500g-3111900350335.html;Muesli croustillant nature bio 500g Favrichon;3111900350335;;530;2026-08-13 10:30:32
1313;40372;Muesli croustillant 6 fruits Favrichon 500g;https://www.etiketbio.eu/granola-crunchy-krounchy/6590-favrichon-muesli-croustillant-miel-sarrasin-500g-3111900350588.html;Muesli miel sarrasin bio Favrichon 500g;3111900350588;;305;2026-08-13 10:30:32
1322;115811;Flocons d'avoine sans gluten Favrichon 500g;https://www.etiketbio.eu/flocons-d-avoine-sans-gluten-bio/30869-petits-flocons-d-avoine-sans-gluten-origine-france-500-3111900351004.html;Petits flocons d'avoine sans gluten 500g;3111900351004;;658;2026-08-13 10:32:34
1323;115811;Flocons d'avoine sans gluten Favrichon 500g;https://www.etiketbio.eu/flocons-d-avoine-sans-gluten-bio/30850-flocon-d-avoine-sans-gluten-france-500g-favrichon-3111900350953.html;Flocons d’avoine bio France 500g  Favrichon;3111900350953;;530;2026-08-13 10:32:34
1324;115811;Flocons d'avoine sans gluten Favrichon 500g;https://www.etiketbio.eu/muesli-aux-fruits/6592-favrichon-muesli-superfruits-500g-3111900350618.html;Muesli superfruits bio 500g Favrichon;3111900350618;;186;2026-08-13 10:32:34
1336;22796;Lessive liquide blanc et couleurs lavandin bio Etamine du Lys 3l;https://www.etiketbio.eu/lessive-liquide/19901-etamine-du-lys-lessive-liquide-lavande-5l-3538394911413.html;Lessive liquide lavande 5L Etamine du Lys;3538394911413;;338;2026-08-13 10:36:12
1337;22796;Lessive liquide blanc et couleurs lavandin bio Etamine du Lys 3l;https://www.etiketbio.eu/lessive-liquide/16524-etamine-du-lys-lessive-liquide-lavande-1-l-3538394911109.html;Lessive liquide lavande 1L Etamine du Lys;3538394911109;;338;2026-08-13 10:36:12
1338;22796;Lessive liquide blanc et couleurs lavandin bio Etamine du Lys 3l;https://www.etiketbio.eu/lessive-liquide/20610-etamine-du-lys-lessive-liquide-lavande-3-l-3538394953024.html;Lessive liquide lavande 3L Etamine du Lys;3538394953024;;416;2026-08-13 10:36:12
1344;14887;Brillance salle de bain recharge Etamine du Lys 1L;https://www.etiketbio.eu/nettoyant-salle-de-bains/16528-etamine-du-lys-brillance-salle-de-bain-1l-3538394911741.html;Brillance salle de bains 1L Etamine du Lys;3538394911741;;693;2026-08-13 10:39:33
1345;14887;Brillance salle de bain recharge Etamine du Lys 1L;https://www.etiketbio.eu/nettoyant-salle-de-bains/13284-etamine-du-lys-brillance-salle-de-bains-500ml-3538394911765.html;Brillance salle de bains 500ml Etamine du Lys;3538394911765;;561;2026-08-13 10:39:33
1348;21554;Assouplissant lavande Etamine du Lys 1l;https://www.etiketbio.eu/assouplissant/20611-etamine-du-lys-assouplissant-lavande-3-l-3538394953086.html;Assouplissant lavande 3L Etamine du Lys;3538394953086;;812;2026-08-13 10:40:41
1349;21554;Assouplissant lavande Etamine du Lys 1l;https://www.etiketbio.eu/assouplissant/18641-etamine-du-lys-assouplissant-lavande-1-l-3538394911161.html;Assouplissant lavande 1L Etamine du Lys;3538394911161;;1000;2026-08-13 10:40:42
1356;16799;Liquide rinçage lave-vaisselle Etamine du Lys 1L;https://www.etiketbio.eu/liquide-de-rincage-/16526-etamine-du-lys-rincage-lave-vaisselle-1l-3538394911291.html;Liquide rinçage lave-vaisselle 1L Etamine du Lys;3538394911291;;1000;2026-08-13 10:42:10
1357;16799;Liquide rinçage lave-vaisselle Etamine du Lys 1L;https://www.etiketbio.eu/poudre-gel-lave-vaisselle/29031-gel-lave-vaiselle-tout-en-1-870ml-3538395235501.html;Gel lave-vaisselle tout-en-1 Etamine du Lys;3538395235501;;391;2026-08-13 10:42:10
1359;23917;Destructeur d'odeur Etamine du Lys 125ml;https://www.etiketbio.eu/parfums-ambiance/18361-etamine-du-lys-destructeur-dodeurs-125ml-3538395471008.html;Destructeur d'odeurs 125ml Etamine du Lys;3538395471008;;823;2026-08-13 10:42:44
1360;23917;Destructeur d'odeur Etamine du Lys 125ml;https://www.etiketbio.eu/parfums-ambiance/18362-etamine-du-lys-destructeur-dodeurs-lavande-125-ml-3538395476003.html;Destructeur d’odeurs lavande 125ml Etamine du Lys;3538395476003;;640;2026-08-13 10:42:44
1362;5973;Huile de colza vierge Emile Noël 1L;https://www.etiketbio.eu/huile-d-olive/7383-emile-noel-huile-vierge-colza-olive-1l-3291960009852.html;Huile vierge colza/olive bio Émile Noël 1L;3291960009852;;623;2026-08-13 10:43:26
1363;5973;Huile de colza vierge Emile Noël 1L;https://www.etiketbio.eu/huile-de-colza/7361-emile-noel-huile-vierge-de-colza-50cl-3291960006127.html;Huile vierge de colza 50cl Émile Noël;3291960006127;;810;2026-08-13 10:43:26
1364;5973;Huile de colza vierge Emile Noël 1L;https://www.etiketbio.eu/huile-de-colza/7344-emile-noel-huile-de-colza-vierge-1l-3291960000156.html;Huile de colza vierge 1L Émile Noël;3291960000156;;1000;2026-08-13 10:43:26
1365;5973;Huile de colza vierge Emile Noël 1L;https://www.etiketbio.eu/huile-de-colza/21811-emile-noel-huile-vierge-de-colza-france-1l-3291960016317.html;Huile vierge de colza 1L France Émile Noël;3291960016317;;795;2026-08-13 10:43:27
1366;5973;Huile de colza vierge Emile Noël 1L;https://www.etiketbio.eu/huile-de-colza/7416-emile-noel-huile-colza-desodorisee-1l-3291960013033.html;Huile de colza désodorisée 1L Émile Noël;3291960013033;;640;2026-08-13 10:43:27
1367;5973;Huile de colza vierge Emile Noël 1L;https://www.etiketbio.eu/huile-de-colza/21812-emile-noel-huile-vierge-de-colza-france-50cl-3291960016324.html;Huile colza France 50cl Émile Noël;3291960016324;;398;2026-08-13 10:43:27
1368;5973;Huile de colza vierge Emile Noël 1L;https://www.etiketbio.eu/huile-d-olive/7382-emile-noel-huile-colza-olive-bio-50cl-3291960009845.html;Huile colza/olive bio 50cl;3291960009845;;169;2026-08-13 10:43:27
1369;13810;Déboucheur canalisation 1L Etamine du Lys;https://www.etiketbio.eu/entretien-canalisations/19903-etamine-du-lys-deboucheur-canalisation-soude-1l-3538395113304.html;Déboucheur canalisation soude 1L Etamine du Lys;3538395113304;;799;2026-08-13 10:43:35
1370;13810;Déboucheur canalisation 1L Etamine du Lys;https://www.etiketbio.eu/entretien-canalisations/13361-etamine-du-lys-deboucheur-canalisations-1-l-3538394511323.html;Déboucheur canalisations 1L Etamine du Lys;3538394511323;;823;2026-08-13 10:43:36
1373;1400;Huile d'olive vierge extra douce Emile Noël 50cl;https://www.etiketbio.eu/huile-d-olive/21799-emile-noel-huile-dolive-vierge-extra-france-50cl-3291960008541.html;Huile d'olive vierge extra france 50cl;3291960008541;;446;2026-08-13 10:44:18
1374;1400;Huile d'olive vierge extra douce Emile Noël 50cl;https://www.etiketbio.eu/huile-d-olive/7362-emile-noel-huile-dolive-vierge-extra-bio-50cl-3291960006134.html;Huile d'olive vierge extra bio 50cl;3291960006134;;463;2026-08-13 10:44:18
1375;1431;Huile de tournesol vierge Emile Noël 1l;https://www.etiketbio.eu/huiles/30271-huile-melange-la-mediterra-bio-1l-3291960018939.html;Huile Méditerra bio 1L – Olive, tournesol & sésame Émile...;3291960018939;;311;2026-08-13 10:44:35
1376;1431;Huile de tournesol vierge Emile Noël 1l;https://www.etiketbio.eu/huile-de-tournesol/7343-emile-noel-huile-vierge-de-tournesol-1l-3291960000026.html;Huile vierge de tournesol 1l;3291960000026;;597;2026-08-13 10:44:35
1377;1431;Huile de tournesol vierge Emile Noël 1l;https://www.etiketbio.eu/huile-de-tournesol/7345-emile-noel-huile-vierge-de-tournesol-50cl-3291960000224.html;Huile vierge de tournesol 50cl;3291960000224;;447;2026-08-13 10:44:35
1378;1431;Huile de tournesol vierge Emile Noël 1l;https://www.etiketbio.eu/sauce-tomate-preparee/20088-emile-noel-sauce-tomate-provencale-190g-3291960002105.html;Sauce tomate provençale bio 190g  Émile Noël;3291960002105;;139;2026-08-13 10:44:35
1379;1431;Huile de tournesol vierge Emile Noël 1l;https://www.etiketbio.eu/huiles/21798-emile-noel-fritol-speciale-sauce-solidaire-1l-3291960005984.html;Fritol speciale sauce solidaire 1l;3291960005984;;63;2026-08-13 10:44:36
1381;1385;Huile de colza vierge Emile Noël 50cl;https://www.etiketbio.eu/huile-de-colza/7361-emile-noel-huile-vierge-de-colza-50cl-3291960006127.html;Huile vierge de colza 50cl Émile Noël;3291960006127;;1000;2026-08-13 10:44:52
1382;1385;Huile de colza vierge Emile Noël 50cl;https://www.etiketbio.eu/huile-de-colza/21812-emile-noel-huile-vierge-de-colza-france-50cl-3291960016324.html;Huile colza France 50cl Émile Noël;3291960016324;;543;2026-08-13 10:44:53
1383;1385;Huile de colza vierge Emile Noël 50cl;https://www.etiketbio.eu/huile-d-olive/7382-emile-noel-huile-colza-olive-bio-50cl-3291960009845.html;Huile colza/olive bio 50cl;3291960009845;;286;2026-08-13 10:44:53
1385;17575;Huile de lin vierge Emile Noël 25cl;https://www.etiketbio.eu/huile-de-lin-bio/7353-emile-noel-huile-vierge-de-lin-25cl-3291960004826.html;Huile vierge de lin 25cl;3291960004826;;581;2026-08-13 10:45:26
1386;17575;Huile de lin vierge Emile Noël 25cl;https://www.etiketbio.eu/huiles/7400-emile-noel-huile-vierge-de-cameline-25cl-3291960011695.html;Huile vierge de cameline 25cl;3291960011695;;375;2026-08-13 10:45:26
1387;17575;Huile de lin vierge Emile Noël 25cl;https://www.etiketbio.eu/huiles/17575-emile-noel-huile-vierge-de-noix-25cl-3291960005731.html;Huile vierge de noix 25cl;3291960005731;;438;2026-08-13 10:45:26
1389;3555;Huile de noisette Emile Noël 25cl;https://www.etiketbio.eu/huile-de-noisette-bio/7364-emile-noel-huile-de-noisette-vierge-equitable-25cl-3291960006783.html;Huile de noisette vierge equitable 25cl;3291960006783;;500;2026-08-13 10:46:00
1390;3555;Huile de noisette Emile Noël 25cl;https://www.etiketbio.eu/huile-de-chanvre-bio/7392-emile-noel-huile-vierge-de-chanvre-25cl-3291960011107.html;Huile vierge de chanvre 25cl;3291960011107;;295;2026-08-13 10:46:00
1394;5343;Huile d'olive extra fruitée Emile Noël 1L;https://www.etiketbio.eu/huile-d-olive/7414-emile-noel-huile-dolive-vierge-extra-fruitee-mur-1l-3291960012968.html;Huile d'olive vierge extra fruitee mur 1l;3291960012968;;554;2026-08-13 10:46:51
1395;5343;Huile d'olive extra fruitée Emile Noël 1L;https://www.etiketbio.eu/huile-d-olive/7359-emile-noel-huile-dolive-vierge-extra-fruitee-1l-3291960005960.html;Huile d'olive vierge extra fruitee 1l;3291960005960;;583;2026-08-13 10:46:51
1396;5343;Huile d'olive extra fruitée Emile Noël 1L;https://www.etiketbio.eu/huile-d-olive/12330-emile-noel-huile-dolive-vierge-extra-fruitee-mur-50cl-3291960012951.html;Huile d'olive vierge extra fruitee mur 50cl;3291960012951;;418;2026-08-13 10:46:51
1397;5343;Huile d'olive extra fruitée Emile Noël 1L;https://www.etiketbio.eu/huile-d-olive/7366-emile-noel-huile-olive-vierge-extra-fruitee-bio-50c-3291960007964.html;Huile olive vierge extra fruitee bio 50c;3291960007964;;268;2026-08-13 10:46:51
1398;5343;Huile d'olive extra fruitée Emile Noël 1L;https://www.etiketbio.eu/huile-d-olive/7362-emile-noel-huile-dolive-vierge-extra-bio-50cl-3291960006134.html;Huile d'olive vierge extra bio 50cl;3291960006134;;255;2026-08-13 10:46:51
1399;5343;Huile d'olive extra fruitée Emile Noël 1L;https://www.etiketbio.eu/huile-d-olive/7417-emile-noel-huile-dolive-vierge-extra-douce-3l-3291960013385.html;Huile d'olive vierge extra douce 3l;3291960013385;;278;2026-08-13 10:46:52
1400;5343;Huile d'olive extra fruitée Emile Noël 1L;https://www.etiketbio.eu/huile-d-olive/7384-emile-noel-huile-olive-vierge-extra-bio-fruite-vert-3291960010469.html;Huile olive vierge extra bio fruite vert;3291960010469;;164;2026-08-13 10:46:52
1401;5343;Huile d'olive extra fruitée Emile Noël 1L;https://www.etiketbio.eu/huile-d-olive/17107-emile-noel-huile-olive-non-filtree-1l-3291960011381.html;Huile olive non filtree 1l;3291960011381;;165;2026-08-13 10:46:52
1402;79140;Lessive liquide blanc et couleurs Etamine du Lys 3l;https://www.etiketbio.eu/lessive-liquide/20610-etamine-du-lys-lessive-liquide-lavande-3-l-3538394953024.html;Lessive liquide lavande 3L Etamine du Lys;3538394953024;;478;2026-08-13 10:47:00
1403;79140;Lessive liquide blanc et couleurs Etamine du Lys 3l;https://www.etiketbio.eu/lessive-liquide/19901-etamine-du-lys-lessive-liquide-lavande-5l-3538394911413.html;Lessive liquide lavande 5L Etamine du Lys;3538394911413;;386;2026-08-13 10:47:00
1404;79140;Lessive liquide blanc et couleurs Etamine du Lys 3l;https://www.etiketbio.eu/lessive-liquide/16524-etamine-du-lys-lessive-liquide-lavande-1-l-3538394911109.html;Lessive liquide lavande 1L Etamine du Lys;3538394911109;;386;2026-08-13 10:47:01
1405;79140;Lessive liquide blanc et couleurs Etamine du Lys 3l;https://www.etiketbio.eu/lessive-liquide/19904-etamine-du-lys-lessive-fleur-cerisier-jasmin-litre-3538395301107.html;Lessive fleur cerisier jasmin 1L Etamine du Lys;3538395301107;;272;2026-08-13 10:47:01
1406;79140;Lessive liquide blanc et couleurs Etamine du Lys 3l;https://www.etiketbio.eu/lessive-liquide/19906-etamine-du-lys-lessive-main-abricot-250ml-3538395313100.html;Lessive main abricot Etamine du Lys;3538395313100;;269;2026-08-13 10:47:01
1407;25599;Huile d'olive bio vierge extra fruité mûr Emile Noël 1L;https://www.etiketbio.eu/huile-d-olive/7414-emile-noel-huile-dolive-vierge-extra-fruitee-mur-1l-3291960012968.html;Huile d'olive vierge extra fruitee mur 1l;3291960012968;;498;2026-08-13 10:47:09
1408;25599;Huile d'olive bio vierge extra fruité mûr Emile Noël 1L;https://www.etiketbio.eu/huile-d-olive/12330-emile-noel-huile-dolive-vierge-extra-fruitee-mur-50cl-3291960012951.html;Huile d'olive vierge extra fruitee mur 50cl;3291960012951;;396;2026-08-13 10:47:09
1409;1398;Huile d'olive vierge extra douce Emile Noël 1L;https://www.etiketbio.eu/huile-d-olive/30252-huile-d-olive-vierge-extra-bio-1l-3291960018885.html;Huile d’olive vierge extra Bio 1L – Émile Noël;3291960018885;;776;2026-08-13 10:47:18
1410;1398;Huile d'olive vierge extra douce Emile Noël 1L;https://www.etiketbio.eu/huile-d-olive/7414-emile-noel-huile-dolive-vierge-extra-fruitee-mur-1l-3291960012968.html;Huile d'olive vierge extra fruitee mur 1l;3291960012968;;426;2026-08-13 10:47:18
1411;1398;Huile d'olive vierge extra douce Emile Noël 1L;https://www.etiketbio.eu/huile-d-olive/21799-emile-noel-huile-dolive-vierge-extra-france-50cl-3291960008541.html;Huile d'olive vierge extra france 50cl;3291960008541;;329;2026-08-13 10:47:18
1412;1398;Huile d'olive vierge extra douce Emile Noël 1L;https://www.etiketbio.eu/huile-d-olive/7362-emile-noel-huile-dolive-vierge-extra-bio-50cl-3291960006134.html;Huile d'olive vierge extra bio 50cl;3291960006134;;342;2026-08-13 10:47:18
1413;1398;Huile d'olive vierge extra douce Emile Noël 1L;https://www.etiketbio.eu/huile-d-olive/7417-emile-noel-huile-dolive-vierge-extra-douce-3l-3291960013385.html;Huile d'olive vierge extra douce 3l;3291960013385;;522;2026-08-13 10:47:18
1414;1398;Huile d'olive vierge extra douce Emile Noël 1L;https://www.etiketbio.eu/huile-d-olive/7360-emile-noel-huile-olive-vierge-extra-bio-1l-3291960006035.html;Huile olive vierge extra bio 1l;3291960006035;;355;2026-08-13 10:47:19
1415;1398;Huile d'olive vierge extra douce Emile Noël 1L;https://www.etiketbio.eu/huile-d-olive/17582-emile-noel-huile-dolive-vierge-extra-douce-15l-3291960014306.html;Huile d'olive vierge extra douce 1.5l;3291960014306;;525;2026-08-13 10:47:19
1416;1398;Huile d'olive vierge extra douce Emile Noël 1L;https://www.etiketbio.eu/huile-d-olive/17580-emile-noel-huile-olive-vierge-extra-bio-non-filtree-3291960010520.html;Huile olive vierge extra bio non filtree;3291960010520;;221;2026-08-13 10:47:19
1417;1398;Huile d'olive vierge extra douce Emile Noël 1L;https://www.etiketbio.eu/huiles/30271-huile-melange-la-mediterra-bio-1l-3291960018939.html;Huile Méditerra bio 1L – Olive, tournesol & sésame Émile...;3291960018939;;188;2026-08-13 10:47:19
1418;8762;Huile de sésame vierge Emile Noel 1L;https://www.etiketbio.eu/huile-d-olive/7383-emile-noel-huile-vierge-colza-olive-1l-3291960009852.html;Huile vierge colza/olive bio Émile Noël 1L;3291960009852;;465;2026-08-13 10:47:27
1419;8762;Huile de sésame vierge Emile Noel 1L;https://www.etiketbio.eu/huiles/30271-huile-melange-la-mediterra-bio-1l-3291960018939.html;Huile Méditerra bio 1L – Olive, tournesol & sésame Émile...;3291960018939;;322;2026-08-13 10:47:28
1420;8762;Huile de sésame vierge Emile Noel 1L;https://www.etiketbio.eu/huiles/7394-emile-noel-huile-vierge-sesame-equitable-1l-3291960011121.html;Huile vierge sesame equitable 1l;3291960011121;;454;2026-08-13 10:47:28
1421;8762;Huile de sésame vierge Emile Noel 1L;https://www.etiketbio.eu/huiles/7393-emile-noel-huile-vierge-de-sesame-bio-equitable-50cl-3291960011114.html;Huile vierge de sesame bio equitable 50cl;3291960011114;;430;2026-08-13 10:47:28
1422;8762;Huile de sésame vierge Emile Noel 1L;https://www.etiketbio.eu/huile-d-olive/17580-emile-noel-huile-olive-vierge-extra-bio-non-filtree-3291960010520.html;Huile olive vierge extra bio non filtree;3291960010520;;180;2026-08-13 10:47:28
1423;8762;Huile de sésame vierge Emile Noel 1L;https://www.etiketbio.eu/huile-d-olive/7384-emile-noel-huile-olive-vierge-extra-bio-fruite-vert-3291960010469.html;Huile olive vierge extra bio fruite vert;3291960010469;;173;2026-08-13 10:47:28
1424;8762;Huile de sésame vierge Emile Noel 1L;https://www.etiketbio.eu/huile-d-olive/7414-emile-noel-huile-dolive-vierge-extra-fruitee-mur-1l-3291960012968.html;Huile d'olive vierge extra fruitee mur 1l;3291960012968;;271;2026-08-13 10:47:28
1425;8762;Huile de sésame vierge Emile Noel 1L;https://www.etiketbio.eu/huile-d-olive/7366-emile-noel-huile-olive-vierge-extra-fruitee-bio-50c-3291960007964.html;Huile olive vierge extra fruitee bio 50c;3291960007964;;165;2026-08-13 10:47:28
1426;8762;Huile de sésame vierge Emile Noel 1L;https://www.etiketbio.eu/huiles/21804-emile-noel-huile-vierge-de-sesame-toaste-50cl-3291960009890.html;Huile vierge de sesame toaste 50cl;3291960009890;;392;2026-08-13 10:47:28
1427;8762;Huile de sésame vierge Emile Noel 1L;https://www.etiketbio.eu/huiles/21797-emile-noel-huile-vierge-de-sesame-toaste-equitable-25cl-3291960005762.html;Huile vierge de sesame toaste equitable 25cl;3291960005762;;414;2026-08-13 10:47:29
1428;8762;Huile de sésame vierge Emile Noel 1L;https://www.etiketbio.eu/huile-d-olive/7382-emile-noel-huile-colza-olive-bio-50cl-3291960009845.html;Huile colza/olive bio 50cl;3291960009845;;69;2026-08-13 10:47:29
1430;25902;Huile olive vierge extra fruitée Emile Noël 3L;https://www.etiketbio.eu/huile-d-olive/7414-emile-noel-huile-dolive-vierge-extra-fruitee-mur-1l-3291960012968.html;Huile d'olive vierge extra fruitee mur 1l;3291960012968;;372;2026-08-13 10:47:46
1431;25902;Huile olive vierge extra fruitée Emile Noël 3L;https://www.etiketbio.eu/huile-d-olive/7359-emile-noel-huile-dolive-vierge-extra-fruitee-1l-3291960005960.html;Huile d'olive vierge extra fruitee 1l;3291960005960;;378;2026-08-13 10:47:46
1432;25902;Huile olive vierge extra fruitée Emile Noël 3L;https://www.etiketbio.eu/huile-d-olive/12330-emile-noel-huile-dolive-vierge-extra-fruitee-mur-50cl-3291960012951.html;Huile d'olive vierge extra fruitee mur 50cl;3291960012951;;364;2026-08-13 10:47:46
1433;25902;Huile olive vierge extra fruitée Emile Noël 3L;https://www.etiketbio.eu/huile-d-olive/7366-emile-noel-huile-olive-vierge-extra-fruitee-bio-50c-3291960007964.html;Huile olive vierge extra fruitee bio 50c;3291960007964;;509;2026-08-13 10:47:46
1434;25902;Huile olive vierge extra fruitée Emile Noël 3L;https://www.etiketbio.eu/huile-d-olive/7362-emile-noel-huile-dolive-vierge-extra-bio-50cl-3291960006134.html;Huile d'olive vierge extra bio 50cl;3291960006134;;225;2026-08-13 10:47:46
1435;25902;Huile olive vierge extra fruitée Emile Noël 3L;https://www.etiketbio.eu/huile-d-olive/7384-emile-noel-huile-olive-vierge-extra-bio-fruite-vert-3291960010469.html;Huile olive vierge extra bio fruite vert;3291960010469;;384;2026-08-13 10:47:46
1436;25902;Huile olive vierge extra fruitée Emile Noël 3L;https://www.etiketbio.eu/huile-d-olive/7417-emile-noel-huile-dolive-vierge-extra-douce-3l-3291960013385.html;Huile d'olive vierge extra douce 3l;3291960013385;;300;2026-08-13 10:47:46
1437;25902;Huile olive vierge extra fruitée Emile Noël 3L;https://www.etiketbio.eu/huile-d-olive/17107-emile-noel-huile-olive-non-filtree-1l-3291960011381.html;Huile olive non filtree 1l;3291960011381;;160;2026-08-13 10:47:47
1438;11945;Huile riche en oméga 3 Emile Noël 50CL;https://www.etiketbio.eu/huile-de-colza/21812-emile-noel-huile-vierge-de-colza-france-50cl-3291960016324.html;Huile colza France 50cl Émile Noël;3291960016324;;319;2026-08-13 10:48:03
1439;11945;Huile riche en oméga 3 Emile Noël 50CL;https://www.etiketbio.eu/huile-d-olive/7382-emile-noel-huile-colza-olive-bio-50cl-3291960009845.html;Huile colza/olive bio 50cl;3291960009845;;141;2026-08-13 10:48:03
1440;11945;Huile riche en oméga 3 Emile Noël 50CL;https://www.etiketbio.eu/huiles/7365-emile-noel-huile-vierge-de-noix-50cl-3291960006790.html;Huile vierge de noix 50cl;3291960006790;;151;2026-08-13 10:48:04
1441;1425;Huile de sésame vierge Emile Noël 50cl;https://www.etiketbio.eu/huiles/7393-emile-noel-huile-vierge-de-sesame-bio-equitable-50cl-3291960011114.html;Huile vierge de sesame bio equitable 50cl;3291960011114;;579;2026-08-13 10:48:12
1442;1425;Huile de sésame vierge Emile Noël 50cl;https://www.etiketbio.eu/huiles/21804-emile-noel-huile-vierge-de-sesame-toaste-50cl-3291960009890.html;Huile vierge de sesame toaste 50cl;3291960009890;;536;2026-08-13 10:48:12
1443;1425;Huile de sésame vierge Emile Noël 50cl;https://www.etiketbio.eu/huile-d-olive/7382-emile-noel-huile-colza-olive-bio-50cl-3291960009845.html;Huile colza/olive bio 50cl;3291960009845;;161;2026-08-13 10:48:12
1444;1425;Huile de sésame vierge Emile Noël 50cl;https://www.etiketbio.eu/huile-d-olive/7366-emile-noel-huile-olive-vierge-extra-fruitee-bio-50c-3291960007964.html;Huile olive vierge extra fruitee bio 50c;3291960007964;;183;2026-08-13 10:48:13
1445;17111;Huile d'olive extra fruitée vert Emile Noël 1L;https://www.etiketbio.eu/huile-d-olive/7359-emile-noel-huile-dolive-vierge-extra-fruitee-1l-3291960005960.html;Huile d'olive vierge extra fruitee 1l;3291960005960;;509;2026-08-13 10:48:21
1446;17111;Huile d'olive extra fruitée vert Emile Noël 1L;https://www.etiketbio.eu/huile-d-olive/7366-emile-noel-huile-olive-vierge-extra-fruitee-bio-50c-3291960007964.html;Huile olive vierge extra fruitee bio 50c;3291960007964;;256;2026-08-13 10:48:21
1447;17111;Huile d'olive extra fruitée vert Emile Noël 1L;https://www.etiketbio.eu/huile-d-olive/7384-emile-noel-huile-olive-vierge-extra-bio-fruite-vert-3291960010469.html;Huile olive vierge extra bio fruite vert;3291960010469;;247;2026-08-13 10:48:21
1448;11946;Huile riche en oméga 3 Emile Noël 1L;https://www.etiketbio.eu/huile-d-olive/7383-emile-noel-huile-vierge-colza-olive-1l-3291960009852.html;Huile vierge colza/olive bio Émile Noël 1L;3291960009852;;333;2026-08-13 10:48:30
1449;11946;Huile riche en oméga 3 Emile Noël 1L;https://www.etiketbio.eu/huiles/30425-huile-pepin-raisin-100ml-emile-noel-3291960017741.html;Huile pépin raisin bio 100ml – Émile Noël;3291960017741;;250;2026-08-13 10:48:30
1450;11946;Huile riche en oméga 3 Emile Noël 1L;https://www.etiketbio.eu/huile-de-colza/21812-emile-noel-huile-vierge-de-colza-france-50cl-3291960016324.html;Huile colza France 50cl Émile Noël;3291960016324;;225;2026-08-13 10:48:30
1451;11946;Huile riche en oméga 3 Emile Noël 1L;https://www.etiketbio.eu/huiles/30270-huile-vierge-de-chia-bio-100ml-3291960016720.html;Huile de Chia bio 100 ml origine France – Émile Noël;3291960016720;;181;2026-08-13 10:48:30
1452;11946;Huile riche en oméga 3 Emile Noël 1L;https://www.etiketbio.eu/huile-d-olive/7382-emile-noel-huile-colza-olive-bio-50cl-3291960009845.html;Huile colza/olive bio 50cl;3291960009845;;60;2026-08-13 10:48:30
1453;11946;Huile riche en oméga 3 Emile Noël 1L;https://www.etiketbio.eu/huile-de-lin-bio/7353-emile-noel-huile-vierge-de-lin-25cl-3291960004826.html;Huile vierge de lin 25cl;3291960004826;;62;2026-08-13 10:48:31
1454;11946;Huile riche en oméga 3 Emile Noël 1L;https://www.etiketbio.eu/huiles/13203-emile-noel-huile-vierge-de-cameline-500ml-3291960012982.html;Huile vierge de cameline 500ml;3291960012982;;64;2026-08-13 10:48:31
1455;11946;Huile riche en oméga 3 Emile Noël 1L;https://www.etiketbio.eu/huiles/7365-emile-noel-huile-vierge-de-noix-50cl-3291960006790.html;Huile vierge de noix 50cl;3291960006790;;66;2026-08-13 10:48:31
1456;11946;Huile riche en oméga 3 Emile Noël 1L;https://www.etiketbio.eu/huiles/17575-emile-noel-huile-vierge-de-noix-25cl-3291960005731.html;Huile vierge de noix 25cl;3291960005731;;66;2026-08-13 10:48:31
1457;11946;Huile riche en oméga 3 Emile Noël 1L;https://www.etiketbio.eu/huiles/17572-emile-noel-huile-vierge-damande-douce-bio-25cl-3291960002792.html;Huile vierge d'amande douce bio 25cl;3291960002792;;60;2026-08-13 10:48:31
1458;11946;Huile riche en oméga 3 Emile Noël 1L;https://www.etiketbio.eu/huiles/17573-emile-noel-huile-vierge-damande-douce-bio-100ml-3291960005410.html;Huile vierge d'amande douce bio 100ml;3291960005410;;62;2026-08-13 10:48:31
1459;11946;Huile riche en oméga 3 Emile Noël 1L;https://www.etiketbio.eu/huiles/21805-emile-noel-huile-vierge-de-chardon-marie-25cl-3291960012364.html;Huile vierge de chardon-marie 25cl;3291960012364;;57;2026-08-13 10:48:31
1460;11946;Huile riche en oméga 3 Emile Noël 1L;https://www.etiketbio.eu/huiles/7378-emile-noel-fritol-special-cuisson-1l-3291960009302.html;Fritol special cuisson 1l;3291960009302;;49;2026-08-13 10:48:31
1461;12264;Huile d'olive vierge extra non filtrée Emile Noël 1l;https://www.etiketbio.eu/huile-d-olive/29179-huile-olive-extra-vierge-non-filtree-50cl-3291960018687.html;Huile olive extra vierge non filtrée 50cl – Emile Noël;3291960018687;;649;2026-08-13 10:48:40
1462;12264;Huile d'olive vierge extra non filtrée Emile Noël 1l;https://www.etiketbio.eu/huile-d-olive/17580-emile-noel-huile-olive-vierge-extra-bio-non-filtree-3291960010520.html;Huile olive vierge extra bio non filtree;3291960010520;;403;2026-08-13 10:48:41
1463;12264;Huile d'olive vierge extra non filtrée Emile Noël 1l;https://www.etiketbio.eu/huile-d-olive/17107-emile-noel-huile-olive-non-filtree-1l-3291960011381.html;Huile olive non filtree 1l;3291960011381;;266;2026-08-13 10:48:41
1464;5735;Huile d'olive vierge extra fruitée Emile Noël 50cl;https://www.etiketbio.eu/huile-d-olive/12330-emile-noel-huile-dolive-vierge-extra-fruitee-mur-50cl-3291960012951.html;Huile d'olive vierge extra fruitee mur 50cl;3291960012951;;643;2026-08-13 10:48:49
1465;5735;Huile d'olive vierge extra fruitée Emile Noël 50cl;https://www.etiketbio.eu/huile-d-olive/7362-emile-noel-huile-dolive-vierge-extra-bio-50cl-3291960006134.html;Huile d'olive vierge extra bio 50cl;3291960006134;;452;2026-08-13 10:48:49
1466;5735;Huile d'olive vierge extra fruitée Emile Noël 50cl;https://www.etiketbio.eu/huile-d-olive/7366-emile-noel-huile-olive-vierge-extra-fruitee-bio-50c-3291960007964.html;Huile olive vierge extra fruitee bio 50c;3291960007964;;393;2026-08-13 10:48:50
1473;115876;Huile d'olive et tournesol Emile Noël  1l;https://www.etiketbio.eu/huiles/30271-huile-melange-la-mediterra-bio-1l-3291960018939.html;Huile Méditerra bio 1L – Olive, tournesol & sésame Émile...;3291960018939;;322;2026-08-13 10:52:45
1474;115876;Huile d'olive et tournesol Emile Noël  1l;https://www.etiketbio.eu/sauce-tomate-preparee/20088-emile-noel-sauce-tomate-provencale-190g-3291960002105.html;Sauce tomate provençale bio 190g  Émile Noël;3291960002105;;139;2026-08-13 10:52:45
1479;1436;Vinaigre de framboise Emile Noël 25cl;https://www.etiketbio.eu/vinaigre-de-vin-bio/21816-emile-noel-vinaigre-vin-framboise-25cl-3291960008428.html;Vinaigre de vin framboise bio 25cl Émile Noël;3291960008428;;677;2026-08-13 10:53:53
1480;1436;Vinaigre de framboise Emile Noël 25cl;https://www.etiketbio.eu/huile-de-noisette-bio/7364-emile-noel-huile-de-noisette-vierge-equitable-25cl-3291960006783.html;Huile de noisette vierge equitable 25cl;3291960006783;;211;2026-08-13 10:53:53
1481;102497;Huile d'olive extra 3L Emile Noel;https://www.etiketbio.eu/huile-d-olive/30252-huile-d-olive-vierge-extra-bio-1l-3291960018885.html;Huile d’olive vierge extra Bio 1L – Émile Noël;3291960018885;;517;2026-08-13 10:54:10
1482;102497;Huile d'olive extra 3L Emile Noel;https://www.etiketbio.eu/huile-d-olive/29179-huile-olive-extra-vierge-non-filtree-50cl-3291960018687.html;Huile olive extra vierge non filtrée 50cl – Emile Noël;3291960018687;;254;2026-08-13 10:54:10
1483;102497;Huile d'olive extra 3L Emile Noel;https://www.etiketbio.eu/huile-d-olive/7414-emile-noel-huile-dolive-vierge-extra-fruitee-mur-1l-3291960012968.html;Huile d'olive vierge extra fruitee mur 1l;3291960012968;;262;2026-08-13 10:54:10
1484;102497;Huile d'olive extra 3L Emile Noel;https://www.etiketbio.eu/sauce-tomate-preparee/17678-emile-noel-sauce-tomate-a-lhuile-dolive-350g-3291960008091.html;Sauce Tomate Huile d’Olive Bio 350g – Emile Noël;3291960008091;;325;2026-08-13 10:54:11
1485;102497;Huile d'olive extra 3L Emile Noel;https://www.etiketbio.eu/huile-d-olive/29180-huile-olive-vierge-extra-grece-50cl-3291960018694.html;Huile olive vierge extra Grèce 50cl - EMILE NOEL;3291960018694;;308;2026-08-13 10:54:11
1486;102497;Huile d'olive extra 3L Emile Noel;https://www.etiketbio.eu/huile-d-olive/7383-emile-noel-huile-vierge-colza-olive-1l-3291960009852.html;Huile vierge colza/olive bio Émile Noël 1L;3291960009852;;213;2026-08-13 10:54:11
1487;102497;Huile d'olive extra 3L Emile Noel;https://www.etiketbio.eu/huile-d-olive/7359-emile-noel-huile-dolive-vierge-extra-fruitee-1l-3291960005960.html;Huile d'olive vierge extra fruitee 1l;3291960005960;;324;2026-08-13 10:54:11
1488;102497;Huile d'olive extra 3L Emile Noel;https://www.etiketbio.eu/huile-d-olive/21799-emile-noel-huile-dolive-vierge-extra-france-50cl-3291960008541.html;Huile d'olive vierge extra france 50cl;3291960008541;;319;2026-08-13 10:54:11
1489;102497;Huile d'olive extra 3L Emile Noel;https://www.etiketbio.eu/huile-d-olive/12330-emile-noel-huile-dolive-vierge-extra-fruitee-mur-50cl-3291960012951.html;Huile d'olive vierge extra fruitee mur 50cl;3291960012951;;255;2026-08-13 10:54:11
1490;102497;Huile d'olive extra 3L Emile Noel;https://www.etiketbio.eu/huile-d-olive/7362-emile-noel-huile-dolive-vierge-extra-bio-50cl-3291960006134.html;Huile d'olive vierge extra bio 50cl;3291960006134;;333;2026-08-13 10:54:11
1491;102497;Huile d'olive extra 3L Emile Noel;https://www.etiketbio.eu/huile-d-olive/7366-emile-noel-huile-olive-vierge-extra-fruitee-bio-50c-3291960007964.html;Huile olive vierge extra fruitee bio 50c;3291960007964;;135;2026-08-13 10:54:11
1492;102497;Huile d'olive extra 3L Emile Noel;https://www.etiketbio.eu/huile-d-olive/7417-emile-noel-huile-dolive-vierge-extra-douce-3l-3291960013385.html;Huile d'olive vierge extra douce 3l;3291960013385;;505;2026-08-13 10:54:12
1493;102497;Huile d'olive extra 3L Emile Noel;https://www.etiketbio.eu/huile-d-olive/17580-emile-noel-huile-olive-vierge-extra-bio-non-filtree-3291960010520.html;Huile olive vierge extra bio non filtree;3291960010520;;135;2026-08-13 10:54:12
1494;102497;Huile d'olive extra 3L Emile Noel;https://www.etiketbio.eu/huile-d-olive/7360-emile-noel-huile-olive-vierge-extra-bio-1l-3291960006035.html;Huile olive vierge extra bio 1l;3291960006035;;190;2026-08-13 10:54:12
1495;102497;Huile d'olive extra 3L Emile Noel;https://www.etiketbio.eu/huile-d-olive/7384-emile-noel-huile-olive-vierge-extra-bio-fruite-vert-3291960010469.html;Huile olive vierge extra bio fruite vert;3291960010469;;127;2026-08-13 10:54:12
1496;102497;Huile d'olive extra 3L Emile Noel;https://www.etiketbio.eu/huiles/30271-huile-melange-la-mediterra-bio-1l-3291960018939.html;Huile Méditerra bio 1L – Olive, tournesol & sésame Émile...;3291960018939;;127;2026-08-13 10:54:12
1497;102497;Huile d'olive extra 3L Emile Noel;https://www.etiketbio.eu/huile-d-olive/12328-emile-noel-huile-dolive-vierge-extra-fruite-vert-50cl-3291960010452.html;Huile d'olive vierge extra fruite vert 50cl;3291960010452;;255;2026-08-13 10:54:12
1498;102497;Huile d'olive extra 3L Emile Noel;https://www.etiketbio.eu/huile-d-olive/17582-emile-noel-huile-dolive-vierge-extra-douce-15l-3291960014306.html;Huile d'olive vierge extra douce 1.5l;3291960014306;;303;2026-08-13 10:54:12
1499;102497;Huile d'olive extra 3L Emile Noel;https://www.etiketbio.eu/huile-d-olive/7382-emile-noel-huile-colza-olive-bio-50cl-3291960009845.html;Huile colza/olive bio 50cl;3291960009845;;86;2026-08-13 10:54:13
1500;102497;Huile d'olive extra 3L Emile Noel;https://www.etiketbio.eu/huile-d-olive/17107-emile-noel-huile-olive-non-filtree-1l-3291960011381.html;Huile olive non filtree 1l;3291960011381;;92;2026-08-13 10:54:13
1501;102497;Huile d'olive extra 3L Emile Noel;https://www.etiketbio.eu/sauce-tomate-preparee/20088-emile-noel-sauce-tomate-provencale-190g-3291960002105.html;Sauce tomate provençale bio 190g  Émile Noël;3291960002105;;137;2026-08-13 10:54:13
1503;1345;Sauce tomate cuisinée Emile Noel 190g;https://www.etiketbio.eu/sauce-tomate-preparee/17669-emile-noel-sauce-tomate-basilic-190g-3291960001979.html;Sauce Tomate Basilic Bio 190g – Emile Noël;3291960001979;;575;2026-08-13 10:54:55
1504;1345;Sauce tomate cuisinée Emile Noel 190g;https://www.etiketbio.eu/sauce-tomate-preparee/20088-emile-noel-sauce-tomate-provencale-190g-3291960002105.html;Sauce tomate provençale bio 190g  Émile Noël;3291960002105;;536;2026-08-13 10:54:55
1508;39871;Beurre de cacahuètes Go Nuts 500g;https://www.etiketbio.eu/puree-de-cacahuete/23070-beurre-de-cacahuetes-500g-3770008500037.html;Beurre de cacahuètes bio 500g Go Nuts;3770008500037;;808;2026-08-13 10:59:23
1509;39871;Beurre de cacahuètes Go Nuts 500g;https://www.etiketbio.eu/puree-de-cacahuete/23071-go-nuts-beurre-de-cacahuetes-chocolat-500g-3770008500044.html;Beurre de cacahuetes chocolat 500g;3770008500044;;498;2026-08-13 10:59:23
1510;39871;Beurre de cacahuètes Go Nuts 500g;https://www.etiketbio.eu/puree-de-cacahuete/25629-go-nuts-beurre-de-cacahuetes-extra-crunchy-500gr-3770008500518.html;Beurre de cacahuetes extra crunchy 500gr;3770008500518;;370;2026-08-13 10:59:23
1520;1592;Son d'avoine Celnat 250g;https://www.etiketbio.eu/son/22590-celnat-son-davoine-250-g-3273120014814.html;Son d’avoine bio Celnat 250g;3273120014814;;736;2026-08-13 11:04:51
1521;1592;Son d'avoine Celnat 250g;https://www.etiketbio.eu/farines-precuites/22594-celnat-creme-davoine-250g-3273120015095.html;Crème d’Avoine Bio 250g Celnat;3273120015095;;438;2026-08-13 11:04:51
1525;25098;Coupelle de germination Germline;https://www.etiketbio.eu/graines-a-germer/27248-graines-a-germer-cresson-100g-3465511112104.html;Cresson à germer bio 100g piquant - Germline;3465511112104;;66;2026-08-13 11:06:40
1526;25098;Coupelle de germination Germline;https://www.etiketbio.eu/graines-a-germer/22098-germline-roquette-a-germer-100g-3465511128105.html;Roquette à germer bio 100g piquante - Germline;3465511128105;;56;2026-08-13 11:06:40
1529;84400;Petits flocons d'avoine Celnat 500g;https://www.etiketbio.eu/flocons-d-avoine-bio/22994-celnat-petits-flocons-davoine-demeter-500g-3273120028491.html;Petits flocons d'avoine demeter 500g;3273120028491;;626;2026-08-13 11:07:39
1530;84400;Petits flocons d'avoine Celnat 500g;https://www.etiketbio.eu/flocons-d-avoine-bio/14761-celnat-flocons-davoine-petits-500g-3273120011165.html;Flocons d’avoine petits 500 g Celnat;3273120011165;;638;2026-08-13 11:07:40
1536;24501;Gel douche verveine Douce nature 1l;https://www.etiketbio.eu/gels-douche/24749-coslys-gel-douche-verveine-citron-1l-3538396120509.html;Gel douche verveine citron 1l;3538396120509;;500;2026-08-13 11:47:19
1537;24501;Gel douche verveine Douce nature 1l;https://www.etiketbio.eu/gels-douche/8063-douce-nature-douche-petillante-verveine-1l-3380380068652.html;Douche petillante verveine 1l;3380380068652;;375;2026-08-13 11:47:19
1539;13296;Shampooing des familles Douce Nature 1L;https://www.etiketbio.eu/shampooing/7929-douce-nature-shamp-des-familles-1l-3380380048043.html;Shampooing des familles Douce Nature 1L;3380380048043;;1000;2026-08-13 11:49:52
1540;13296;Shampooing des familles Douce Nature 1L;https://www.etiketbio.eu/gels-douche/20180-douce-nature-shampooing-douche-lemongrass-250ml-3380380089664.html;Shampooing douche lemongrass 250ml;3380380089664;;105;2026-08-13 11:49:52
1541;13296;Shampooing des familles Douce Nature 1L;https://www.etiketbio.eu/gels-douche/7952-douce-nature-shamp-douche-des-familles-fleur-doranger-1l-3380380050824.html;Shamp douche des familles fleur d'oranger 1l;3380380050824;;314;2026-08-13 11:49:52
1542;16899;Fleur de shampooing cheveux secs Douce Nature;https://www.etiketbio.eu/shampoing-solide-bio/8016-douce-nature-fleur-shampooing-cheveux-secs-85g-3380380058578.html;Fleur shampooing cheveux secs 85g;3380380058578;;425;2026-08-13 11:50:09
1543;16899;Fleur de shampooing cheveux secs Douce Nature;https://www.etiketbio.eu/cheveux/29814-shampooing-hydrate-260ml-8016744807319.html;Shampooing Hydrate 260ml Herbatint;8016744807319;;69;2026-08-13 11:50:09
1548;61360;Dentifrice gencives sensibles Douce Nature 75ml;https://www.etiketbio.eu/dentifrice/29066-dentifrice-gencive-sensibles-75ml-3284410045807.html;Melvita Dentifrice Gencives Sensibles 75ml;3284410045807;;539;2026-08-13 11:51:55
1549;61360;Dentifrice gencives sensibles Douce Nature 75ml;https://www.etiketbio.eu/dentifrice/16913-douce-nature-dentifrice-gencives-sensibles-75ml-3380380083365.html;Dentifrice gencives sensibles 75ml;3380380083365;;560;2026-08-13 11:51:55
1550;61360;Dentifrice gencives sensibles Douce Nature 75ml;https://www.etiketbio.eu/dentifrice/27125-dentifrice-daily-care-menthe-75ml-4017645042100.html;Dentifrice daily care menthe 75ml;4017645042100;;167;2026-08-13 11:51:55
1551;61360;Dentifrice gencives sensibles Douce Nature 75ml;https://www.etiketbio.eu/dentifrice/27769-dentifrice-aloe-vera-70-75-ml-3464660000751.html;Dentifrice aloe vera 70% 75 ml;3464660000751;;83;2026-08-13 11:51:56
1553;21581;Pur jus de grenade Vitamont 1l;https://www.etiketbio.eu/jus-de-grenade-bio/7296-vitamont-pur-jus-de-grenade-non-filtre-1l-3289196500212.html;Pur jus grenade bio Vitamont 1L;3289196500212;;765;2026-08-13 11:53:03
1554;21581;Pur jus de grenade Vitamont 1l;https://www.etiketbio.eu/jus-de-grenade-bio/7274-vitamont-mini-pur-jus-de-grenade-non-filtre-25cl-3289196400222.html;Mini jus grenade bio Vitamont 25cl;3289196400222;;375;2026-08-13 11:53:03
1556;758;Jus de Pomme Vitamont 1L;https://www.etiketbio.eu/jus-de-pomme/7295-vitamont-pur-jus-de-pomme-1l-3289196500205.html;Pur jus pomme trouble Vitamont 1L;3289196500205;;491;2026-08-13 11:53:37
1557;758;Jus de Pomme Vitamont 1L;https://www.etiketbio.eu/jus-de-pomme/7269-vitamont-mini-pur-jus-de-pomme-trouble-25cl-3289196400123.html;Mini jus pomme trouble Vitamont 25cl;3289196400123;;333;2026-08-13 11:53:37
1558;758;Jus de Pomme Vitamont 1L;https://www.etiketbio.eu/jus-de-pomme/7251-vitamont-tetra-pur-jus-de-pomme-20cl-3289196260284.html;Tetra jus pomme bio Vitamont 20cl;3289196260284;;368;2026-08-13 11:53:38
1559;758;Jus de Pomme Vitamont 1L;https://www.etiketbio.eu/jus-de-pomme/7255-vitamont-tetra-jus-de-pommes-tetra-1l-3289196260321.html;Tetra jus pomme bio Vitamont 1L;3289196260321;;533;2026-08-13 11:53:38
1560;758;Jus de Pomme Vitamont 1L;https://www.etiketbio.eu/jus-multi-fruits/15596-vitamont-pur-jus-3-fruits-vergers-de-france-75cl-3289196500656.html;Pur jus 3 fruits vergers de france 75cl;3289196500656;;95;2026-08-13 11:53:38
1561;758;Jus de Pomme Vitamont 1L;https://www.etiketbio.eu/jus-de-fruits/7327-vitamont-boisson-tonique-gingembre-citron-vert-50cl-3289196700025.html;Boisson tonique gingembre citron vert 50cl;3289196700025;;0;2026-08-13 11:53:38
1562;758;Jus de Pomme Vitamont 1L;https://www.etiketbio.eu/jus-multi-fruits/7280-vitamont-mini-cocktail-de-fruits-25cl-3289196470041.html;Mini cocktail de fruits 25cl;3289196470041;;85;2026-08-13 11:53:38
1563;27076;Pur jus d'ananas Vitamont 1L;https://www.etiketbio.eu/jus-de-fruits/7279-vitamont-mini-pur-jus-dananas-25cl-3289196470034.html;Mini pur jus d'ananas 25cl;3289196470034;;392;2026-08-13 11:54:28
1564;27076;Pur jus d'ananas Vitamont 1L;https://www.etiketbio.eu/jus-de-fruits/7318-vitamont-pur-jus-dananas-75cl-3289196500588.html;Pur jus d'ananas 75cl;3289196500588;;434;2026-08-13 11:54:29
1565;27076;Pur jus d'ananas Vitamont 1L;https://www.etiketbio.eu/jus-de-fruits/7257-vitamont-pur-jus-d-ananas-1l-3289196260345.html;Pur jus d ananas 1l;3289196260345;;443;2026-08-13 11:54:29
1566;27076;Pur jus d'ananas Vitamont 1L;https://www.etiketbio.eu/jus-de-fruits/7263-vitamont-pur-jus-d-ananas-20cl-3289196260475.html;Pur jus d ananas 20cl;3289196260475;;267;2026-08-13 11:54:29
1567;27076;Pur jus d'ananas Vitamont 1L;https://www.etiketbio.eu/jus-de-raisins/7252-vitamont-tetra-pur-jus-de-raisins-rouge-20cl-3289196260291.html;Tetra pur jus de raisins rouge 20cl;3289196260291;;138;2026-08-13 11:54:29
1568;35455;Pur jus de raisin Vitamont 1L;https://www.etiketbio.eu/jus-de-raisins/7299-vitamont-pur-jus-de-raisin-blanc-1l-3289196500243.html;Pur jus raisin blanc Vitamont 1L;3289196500243;;738;2026-08-13 11:54:46
1569;35455;Pur jus de raisin Vitamont 1L;https://www.etiketbio.eu/jus-de-raisins/7297-vitamont-pur-jus-de-raisin-1l-3289196500229.html;Pur jus raisin bio Vitamont 1L;3289196500229;;763;2026-08-13 11:54:46
1570;35455;Pur jus de raisin Vitamont 1L;https://www.etiketbio.eu/jus-de-raisins/7272-vitamont-mini-pur-jus-de-raisin-25cl-3289196400185.html;Mini jus raisin bio Vitamont 25cl;3289196400185;;371;2026-08-13 11:54:46
1571;35455;Pur jus de raisin Vitamont 1L;https://www.etiketbio.eu/jus-de-raisins/7256-vitamont-pur-jus-de-raisin-1l-3289196260338.html;Tetra jus raisin bio Vitamont 1L;3289196260338;;503;2026-08-13 11:54:46
1572;35455;Pur jus de raisin Vitamont 1L;https://www.etiketbio.eu/jus-de-raisins/7252-vitamont-tetra-pur-jus-de-raisins-rouge-20cl-3289196260291.html;Tetra pur jus de raisins rouge 20cl;3289196260291;;295;2026-08-13 11:54:46
1573;20358;Cocktail multifruits exotique Vitamont 1l;https://www.etiketbio.eu/jus-multi-fruits/7303-vitamont-cocktail-vita-12-multifruits-75cl-3289196500328.html;Cocktail vita 12 (multifruits) 75cl;3289196500328;;303;2026-08-13 11:55:03
1574;20358;Cocktail multifruits exotique Vitamont 1l;https://www.etiketbio.eu/jus-multi-fruits/14153-vitamont-cocktail-ananas-litchi-passion-75cl-3289196500175.html;Cocktail ananas litchi passion 75cl;3289196500175;;95;2026-08-13 11:55:03
1575;69725;Pouch up pomme Vitamont 3l;https://www.etiketbio.eu/jus-de-carotte/7286-vitamont-jus-de-carotte-des-landes-75cl-3289196500014.html;Jus de carotte Vitamont 75cl;3289196500014;;119;2026-08-13 11:55:20
1576;69725;Pouch up pomme Vitamont 3l;https://www.etiketbio.eu/jus-de-betterave/7289-vitamont-jus-de-betterave-normandie-75cl-3289196500052.html;Jus betterave Normandie Vitamont 75cl;3289196500052;;95;2026-08-13 11:55:21
1577;69725;Pouch up pomme Vitamont 3l;https://www.etiketbio.eu/jus-d-orange-et-agrumes/7288-vitamont-jus-orange-carotte-citron-75cl-3289196500045.html;Jus orange carotte citron Vitamont 75cl;3289196500045;;87;2026-08-13 11:55:21
1578;69725;Pouch up pomme Vitamont 3l;https://www.etiketbio.eu/purees-de-fruits/7714-prosain-puree-de-pommes-et-creme-de-marrons-620g-3335880001869.html;Purée pomme crème marrons 620g bio Prosain;3335880001869;;46;2026-08-13 11:55:21
1579;69725;Pouch up pomme Vitamont 3l;https://www.etiketbio.eu/purees-de-fruits/12824-danival-dessert-pomme-chataigne-4x100g-3431590014080.html;Dessert pomme châtaigne Danival 4x100g;3431590014080;;44;2026-08-13 11:55:21
1580;69725;Pouch up pomme Vitamont 3l;https://www.etiketbio.eu/chips/22838-go-pure-chips-de-pomme-de-terre-paprika-125g-8718781201005.html;Chips de pomme de terre paprika 125g;8718781201005;;46;2026-08-13 11:55:21
1581;69725;Pouch up pomme Vitamont 3l;https://www.etiketbio.eu/muesli-aux-fruits/8640-evernat-muesli-pomme-amande-noisette-370g-3396411219184.html;Muesli pomme amande noisette 370g;3396411219184;;68;2026-08-13 11:55:21
1582;69725;Pouch up pomme Vitamont 3l;https://www.etiketbio.eu/purees-de-fruits/31062-puree-pommes-fraises-menthe-bio-360g-coteaux-nantais-3301597007159.html;Purée pommes fraises menthe bio 360g Côteaux Nantais;3301597007159;;0;2026-08-13 11:55:21
1583;69725;Pouch up pomme Vitamont 3l;https://www.etiketbio.eu/compote-bebe-bio/30244-pelican-peach-gourde-100g-7640230493857.html;Gourde bébé bio pêche 100g – Pelican Peach Holle;7640230493857;;0;2026-08-13 11:55:21
1584;69725;Pouch up pomme Vitamont 3l;https://www.etiketbio.eu/gels-douche/24896-douce-nature-gel-douche-fleur-de-coton-500ml-3380380102660.html;Gel douche fleur de coton 500ml;3380380102660;;0;2026-08-13 11:55:22
1585;69725;Pouch up pomme Vitamont 3l;https://www.etiketbio.eu/gels-douche/24894-douce-nature-shampooing-douche-olive-1l-3380380102646.html;Shampooing douche olive 1l;3380380102646;;0;2026-08-13 11:55:22
1586;69725;Pouch up pomme Vitamont 3l;https://www.etiketbio.eu/gels-douche/24893-douce-nature-shampooing-douche-lavande-eco-1l-3380380102639.html;Shampooing douche lavande eco 1l;3380380102639;;0;2026-08-13 11:55:22
1587;69725;Pouch up pomme Vitamont 3l;https://www.etiketbio.eu/gels-douche/28763-gel-douche-verveine-citron-750ml-3516170029071.html;Gel douche verveine citron 750ml;3516170029071;;0;2026-08-13 11:55:22
1588;69725;Pouch up pomme Vitamont 3l;https://www.etiketbio.eu/gels-douche/28761-gel-douche-amande-750ml-3516170029057.html;Gel douche amande 750ml;3516170029057;;0;2026-08-13 11:55:22
1589;69725;Pouch up pomme Vitamont 3l;https://www.etiketbio.eu/bain-de-bouche/30884-bain-de-bouche-complete-care-sans-fluorure-400ml-4021457651160.html;Bain de bouche sans fluor Lavera 400ml;4021457651160;;0;2026-08-13 11:55:22
1590;69725;Pouch up pomme Vitamont 3l;https://www.etiketbio.eu/bain-de-bouche/30391-bain-de-bouche-bio-a-l-argent-colloidal-sans-alcool-cosmos-organic-500ml-3760166800605.html;Bain de bouche bio 500 ml sans alcool – Catalyons;3760166800605;;0;2026-08-13 11:55:22
1591;69725;Pouch up pomme Vitamont 3l;https://www.etiketbio.eu/gels-douche/28671-gel-douche-au-savon-d-alep-huile-de-graines-de-figue-de-barbarie-500ml-najel-3760061225282.html;GEL DOUCHE AU SAVON D'ALEP HUILE DE GRAINES DE FIGUE DE...;3760061225282;;0;2026-08-13 11:55:22
1592;69725;Pouch up pomme Vitamont 3l;https://www.etiketbio.eu/gels-douche/28762-eco-recharge-gel-douche-amande-700ml-3516170029064.html;Eco recharge gel douche amande 700ml;3516170029064;;0;2026-08-13 11:55:23
1593;69725;Pouch up pomme Vitamont 3l;https://www.etiketbio.eu/gels-douche/17012-douce-nature-creme-douche-surgras-1l-3380380078682.html;Creme douche surgras 1l;3380380078682;;0;2026-08-13 11:55:23
1594;69725;Pouch up pomme Vitamont 3l;https://www.etiketbio.eu/gels-douche/26876-gel-douche-2en1-basis-250ml-4021457648474.html;Gel douche 2en1 basis 250ml;4021457648474;;0;2026-08-13 11:55:23
1595;69725;Pouch up pomme Vitamont 3l;https://www.etiketbio.eu/gels-douche/28609-shampooing-douche-pour-toute-la-famille-1l-3537090020351.html;Shampooing-douche pour toute la famille 1l;3537090020351;;0;2026-08-13 11:55:23
1596;69725;Pouch up pomme Vitamont 3l;https://www.etiketbio.eu/gels-douche/21400-creme-douche-citron-citronnelle-150ml-4020829066540.html;Crème douche citron citronnelle Dr. Hauschka;4020829066540;;0;2026-08-13 11:55:23
1597;69725;Pouch up pomme Vitamont 3l;https://www.etiketbio.eu/gels-douche/25651-ce-bio-gel-douche-santal-et-feves-de-tonka-1l-3489940070842.html;Gel douche santal et feves de tonka 1l;3489940070842;;0;2026-08-13 11:55:23
1598;69725;Pouch up pomme Vitamont 3l;https://www.etiketbio.eu/gels-douche/25650-ce-bio-gel-douche-evasion-vanille-et-fleurs-de-tiare-1l-3489940070835.html;Gel douche evasion vanille et fleurs de tiare 1l;3489940070835;;0;2026-08-13 11:55:23
1599;69725;Pouch up pomme Vitamont 3l;https://www.etiketbio.eu/gels-douche/28472-shampooing-douche-orange-lavande-bio-1l-3489940070576.html;Shampooing douche orange lavande bio 1l;3489940070576;;0;2026-08-13 11:55:23
1600;69725;Pouch up pomme Vitamont 3l;https://www.etiketbio.eu/cheveux/28728-shampooing-gel-douche-fleurs-blanches-1l-3489940070583.html;Shampooing gel douche fleurs blanches 1l;3489940070583;;0;2026-08-13 11:55:24
1601;69725;Pouch up pomme Vitamont 3l;https://www.etiketbio.eu/gels-douche/25548-ce-bio-bain-douche-verveine-1l-3489940070224.html;Bain douche verveine 1l;3489940070224;;0;2026-08-13 11:55:24
1602;69725;Pouch up pomme Vitamont 3l;https://www.etiketbio.eu/gels-douche/25552-ce-bio-shampooing-douche-peche-blanche-1l-3489940070538.html;Shampooing douche peche blanche 1l;3489940070538;;0;2026-08-13 11:55:24
1603;69725;Pouch up pomme Vitamont 3l;https://www.etiketbio.eu/gels-douche/24749-coslys-gel-douche-verveine-citron-1l-3538396120509.html;Gel douche verveine citron 1l;3538396120509;;0;2026-08-13 11:55:24
1604;69725;Pouch up pomme Vitamont 3l;https://www.etiketbio.eu/gels-douche/28766-gel-douche-fleur-oranger-750ml-3516170029118.html;Gel douche fleur oranger 750ml;3516170029118;;0;2026-08-13 11:55:24
1605;69725;Pouch up pomme Vitamont 3l;https://www.etiketbio.eu/gels-douche/25554-ce-bio-shampooing-douche-miel-bio-1l-3489940070569.html;Shampooing & douche miel bio 1l;3489940070569;;0;2026-08-13 11:55:24
1606;69725;Pouch up pomme Vitamont 3l;https://www.etiketbio.eu/gels-douche/30735-gel-douche-monoi-750ml-3291960019585.html;Gel douche monoï bio 750ml - Emma Noël;3291960019585;;0;2026-08-13 11:55:24
1607;61127;Pouch up orange Vitamont 3l;https://www.etiketbio.eu/jus-d-orange-et-agrumes/7288-vitamont-jus-orange-carotte-citron-75cl-3289196500045.html;Jus orange carotte citron Vitamont 75cl;3289196500045;;172;2026-08-13 11:55:42
1608;61127;Pouch up orange Vitamont 3l;https://www.etiketbio.eu/gels-douche/28472-shampooing-douche-orange-lavande-bio-1l-3489940070576.html;Shampooing douche orange lavande bio 1l;3489940070576;;71;2026-08-13 11:55:42
1609;61127;Pouch up orange Vitamont 3l;https://www.etiketbio.eu/gels-douche/25556-cosmonaturel-gel-douche-dynamisant-mandarine-orange-1l-3489941049113.html;Gel douche dynamisant mandarine orange 1l;3489941049113;;59;2026-08-13 11:55:42
1610;61127;Pouch up orange Vitamont 3l;https://www.etiketbio.eu/savons/25547-ce-bio-bain-douche-agrumes-1-l-3489940070200.html;Gel Douche Énergisant Mandarine Orange 1L Ce'Bio;3489940070200;;54;2026-08-13 11:55:42
1611;61127;Pouch up orange Vitamont 3l;https://www.etiketbio.eu/gels-douche/27152-bain-douche-agrumes-mandarine-orange-5l-3489940070736.html;Bain & douche agrumes mandarine orange 5l;3489940070736;;71;2026-08-13 11:55:42
1612;61127;Pouch up orange Vitamont 3l;https://www.etiketbio.eu/gels-douche/29006-gel-douche-fleur-d-oranger-25g-3760349450016.html;Gel Douche Fleur d'Oranger 25g;3760349450016;;0;2026-08-13 11:55:42
1613;61127;Pouch up orange Vitamont 3l;https://www.etiketbio.eu/jus-de-carotte/7286-vitamont-jus-de-carotte-des-landes-75cl-3289196500014.html;Jus de carotte Vitamont 75cl;3289196500014;;116;2026-08-13 11:55:42
1614;61127;Pouch up orange Vitamont 3l;https://www.etiketbio.eu/jus-de-betterave/7289-vitamont-jus-de-betterave-normandie-75cl-3289196500052.html;Jus betterave Normandie Vitamont 75cl;3289196500052;;106;2026-08-13 11:55:42
1615;61127;Pouch up orange Vitamont 3l;https://www.etiketbio.eu/chocolat-noir-bio/29938-tablette-chocolat-superieur-noir-100-orange-sanguine-90g-vivani-4044889004755.html;Chocolat noir 100% orange sanguine Vivani;4044889004755;;75;2026-08-13 11:55:43
1616;61127;Pouch up orange Vitamont 3l;https://www.etiketbio.eu/gels-douche/7952-douce-nature-shamp-douche-des-familles-fleur-doranger-1l-3380380050824.html;Shamp douche des familles fleur d'oranger 1l;3380380050824;;0;2026-08-13 11:55:43
1617;61127;Pouch up orange Vitamont 3l;https://www.etiketbio.eu/extraits-et-aromes/16475-cook-extrait-orange-50-ml-3417960017233.html;Extrait orange bio Cook 50ml;3417960017233;;73;2026-08-13 11:55:43
1618;61127;Pouch up orange Vitamont 3l;https://www.etiketbio.eu/gels-douche/28766-gel-douche-fleur-oranger-750ml-3516170029118.html;Gel douche fleur oranger 750ml;3516170029118;;0;2026-08-13 11:55:43
1619;61127;Pouch up orange Vitamont 3l;https://www.etiketbio.eu/gels-douche/28767-eco-recharge-gel-douche-fleur-oranger-700ml-3516170029125.html;Eco recharge gel douche fleur oranger 700ml;3516170029125;;0;2026-08-13 11:55:43
1620;61127;Pouch up orange Vitamont 3l;https://www.etiketbio.eu/extraits-et-aromes/8960-cook-arome-naturel-deau-de-fleur-doranger-50ml-3417960030287.html;Arôme fleur d’oranger Cook 50ml;3417960030287;;0;2026-08-13 11:55:43
1621;61127;Pouch up orange Vitamont 3l;https://www.etiketbio.eu/extraits-et-aromes/19531-culinat-arome-fleur-oranger-250ml-3278584940020.html;Arôme fleur d’oranger Culinat 250ml;3278584940020;;0;2026-08-13 11:55:43
1622;61127;Pouch up orange Vitamont 3l;https://www.etiketbio.eu/ingredients-poudres-patissiers/29445-ecorces-d-oranges-confites-100g-4006040307679.html;Écorces d’oranges confites 100g Rapunzel;4006040307679;;0;2026-08-13 11:55:43
1623;61127;Pouch up orange Vitamont 3l;https://www.etiketbio.eu/the-vert-parfume/9836-jardins-gaia-lo-a-la-bouche-100g-3582810868225.html;Thé vert L’O à la bouche Gaïa 100g;3582810868225;;0;2026-08-13 11:55:44
1624;61127;Pouch up orange Vitamont 3l;https://www.etiketbio.eu/gels-douche/29108-gel-douche-agrumes-mandarine-orange-500ml-3489940070101.html;Gel douche agrumes 500ml Ce'Bio;3489940070101;;0;2026-08-13 11:55:44
1625;61127;Pouch up orange Vitamont 3l;https://www.etiketbio.eu/gels-douche/21410-florame-gel-douche-hypoallergenique-1l-3516170023772.html;Gel douche hypoallergenique 1l;3516170023772;;0;2026-08-13 11:55:44
1626;61127;Pouch up orange Vitamont 3l;https://www.etiketbio.eu/homme/29910-shampooing-douche-l-eau-aromatique-200ml-3516170025196.html;Shampooing douche L’Eau Aromatique Florame;3516170025196;;0;2026-08-13 11:55:44
1627;61127;Pouch up orange Vitamont 3l;https://www.etiketbio.eu/gels-douche/24896-douce-nature-gel-douche-fleur-de-coton-500ml-3380380102660.html;Gel douche fleur de coton 500ml;3380380102660;;0;2026-08-13 11:55:44
1628;61127;Pouch up orange Vitamont 3l;https://www.etiketbio.eu/gels-douche/24894-douce-nature-shampooing-douche-olive-1l-3380380102646.html;Shampooing douche olive 1l;3380380102646;;0;2026-08-13 11:55:44
1629;61127;Pouch up orange Vitamont 3l;https://www.etiketbio.eu/gels-douche/24893-douce-nature-shampooing-douche-lavande-eco-1l-3380380102639.html;Shampooing douche lavande eco 1l;3380380102639;;0;2026-08-13 11:55:44
1630;61127;Pouch up orange Vitamont 3l;https://www.etiketbio.eu/nettoyant-salle-de-bains/16528-etamine-du-lys-brillance-salle-de-bain-1l-3538394911741.html;Brillance salle de bains 1L Etamine du Lys;3538394911741;;0;2026-08-13 11:55:44
1631;61127;Pouch up orange Vitamont 3l;https://www.etiketbio.eu/gels-douche/28763-gel-douche-verveine-citron-750ml-3516170029071.html;Gel douche verveine citron 750ml;3516170029071;;0;2026-08-13 11:55:45
1632;61127;Pouch up orange Vitamont 3l;https://www.etiketbio.eu/gels-douche/28761-gel-douche-amande-750ml-3516170029057.html;Gel douche amande 750ml;3516170029057;;0;2026-08-13 11:55:45
1633;61127;Pouch up orange Vitamont 3l;https://www.etiketbio.eu/bain-de-bouche/30884-bain-de-bouche-complete-care-sans-fluorure-400ml-4021457651160.html;Bain de bouche sans fluor Lavera 400ml;4021457651160;;0;2026-08-13 11:55:45
1634;61127;Pouch up orange Vitamont 3l;https://www.etiketbio.eu/bain-de-bouche/30391-bain-de-bouche-bio-a-l-argent-colloidal-sans-alcool-cosmos-organic-500ml-3760166800605.html;Bain de bouche bio 500 ml sans alcool – Catalyons;3760166800605;;0;2026-08-13 11:55:45
1635;61127;Pouch up orange Vitamont 3l;https://www.etiketbio.eu/gels-douche/28671-gel-douche-au-savon-d-alep-huile-de-graines-de-figue-de-barbarie-500ml-najel-3760061225282.html;GEL DOUCHE AU SAVON D'ALEP HUILE DE GRAINES DE FIGUE DE...;3760061225282;;0;2026-08-13 11:55:45
1636;61127;Pouch up orange Vitamont 3l;https://www.etiketbio.eu/gels-douche/28762-eco-recharge-gel-douche-amande-700ml-3516170029064.html;Eco recharge gel douche amande 700ml;3516170029064;;0;2026-08-13 11:55:45
1637;61127;Pouch up orange Vitamont 3l;https://www.etiketbio.eu/gels-douche/17012-douce-nature-creme-douche-surgras-1l-3380380078682.html;Creme douche surgras 1l;3380380078682;;0;2026-08-13 11:55:45
1638;61127;Pouch up orange Vitamont 3l;https://www.etiketbio.eu/gels-douche/26876-gel-douche-2en1-basis-250ml-4021457648474.html;Gel douche 2en1 basis 250ml;4021457648474;;0;2026-08-13 11:55:46
1639;61129;Pouch up multifruit Vitamont 3l;https://www.etiketbio.eu/jus-de-carotte/7286-vitamont-jus-de-carotte-des-landes-75cl-3289196500014.html;Jus de carotte Vitamont 75cl;3289196500014;;108;2026-08-13 11:56:03
1640;61129;Pouch up multifruit Vitamont 3l;https://www.etiketbio.eu/jus-de-betterave/7289-vitamont-jus-de-betterave-normandie-75cl-3289196500052.html;Jus betterave Normandie Vitamont 75cl;3289196500052;;94;2026-08-13 11:56:03
1641;61129;Pouch up multifruit Vitamont 3l;https://www.etiketbio.eu/jus-d-orange-et-agrumes/7288-vitamont-jus-orange-carotte-citron-75cl-3289196500045.html;Jus orange carotte citron Vitamont 75cl;3289196500045;;81;2026-08-13 11:56:03
1642;61129;Pouch up multifruit Vitamont 3l;https://www.etiketbio.eu/gels-douche/24896-douce-nature-gel-douche-fleur-de-coton-500ml-3380380102660.html;Gel douche fleur de coton 500ml;3380380102660;;0;2026-08-13 11:56:03
1643;61129;Pouch up multifruit Vitamont 3l;https://www.etiketbio.eu/gels-douche/24894-douce-nature-shampooing-douche-olive-1l-3380380102646.html;Shampooing douche olive 1l;3380380102646;;0;2026-08-13 11:56:03
1644;61129;Pouch up multifruit Vitamont 3l;https://www.etiketbio.eu/gels-douche/24893-douce-nature-shampooing-douche-lavande-eco-1l-3380380102639.html;Shampooing douche lavande eco 1l;3380380102639;;0;2026-08-13 11:56:03
1645;61129;Pouch up multifruit Vitamont 3l;https://www.etiketbio.eu/gels-douche/28763-gel-douche-verveine-citron-750ml-3516170029071.html;Gel douche verveine citron 750ml;3516170029071;;0;2026-08-13 11:56:03
1646;61129;Pouch up multifruit Vitamont 3l;https://www.etiketbio.eu/gels-douche/28761-gel-douche-amande-750ml-3516170029057.html;Gel douche amande 750ml;3516170029057;;0;2026-08-13 11:56:04
1647;61129;Pouch up multifruit Vitamont 3l;https://www.etiketbio.eu/bain-de-bouche/30884-bain-de-bouche-complete-care-sans-fluorure-400ml-4021457651160.html;Bain de bouche sans fluor Lavera 400ml;4021457651160;;0;2026-08-13 11:56:04
1648;61129;Pouch up multifruit Vitamont 3l;https://www.etiketbio.eu/bain-de-bouche/30391-bain-de-bouche-bio-a-l-argent-colloidal-sans-alcool-cosmos-organic-500ml-3760166800605.html;Bain de bouche bio 500 ml sans alcool – Catalyons;3760166800605;;0;2026-08-13 11:56:04
1649;61129;Pouch up multifruit Vitamont 3l;https://www.etiketbio.eu/gels-douche/28671-gel-douche-au-savon-d-alep-huile-de-graines-de-figue-de-barbarie-500ml-najel-3760061225282.html;GEL DOUCHE AU SAVON D'ALEP HUILE DE GRAINES DE FIGUE DE...;3760061225282;;0;2026-08-13 11:56:04
1650;61129;Pouch up multifruit Vitamont 3l;https://www.etiketbio.eu/gels-douche/28762-eco-recharge-gel-douche-amande-700ml-3516170029064.html;Eco recharge gel douche amande 700ml;3516170029064;;0;2026-08-13 11:56:04
1651;61129;Pouch up multifruit Vitamont 3l;https://www.etiketbio.eu/gels-douche/17012-douce-nature-creme-douche-surgras-1l-3380380078682.html;Creme douche surgras 1l;3380380078682;;0;2026-08-13 11:56:04
1652;61129;Pouch up multifruit Vitamont 3l;https://www.etiketbio.eu/gels-douche/26876-gel-douche-2en1-basis-250ml-4021457648474.html;Gel douche 2en1 basis 250ml;4021457648474;;0;2026-08-13 11:56:04
1653;61129;Pouch up multifruit Vitamont 3l;https://www.etiketbio.eu/gels-douche/28609-shampooing-douche-pour-toute-la-famille-1l-3537090020351.html;Shampooing-douche pour toute la famille 1l;3537090020351;;0;2026-08-13 11:56:04
1654;61129;Pouch up multifruit Vitamont 3l;https://www.etiketbio.eu/gels-douche/21400-creme-douche-citron-citronnelle-150ml-4020829066540.html;Crème douche citron citronnelle Dr. Hauschka;4020829066540;;0;2026-08-13 11:56:05
1655;61129;Pouch up multifruit Vitamont 3l;https://www.etiketbio.eu/gels-douche/25651-ce-bio-gel-douche-santal-et-feves-de-tonka-1l-3489940070842.html;Gel douche santal et feves de tonka 1l;3489940070842;;0;2026-08-13 11:56:05
1656;61129;Pouch up multifruit Vitamont 3l;https://www.etiketbio.eu/gels-douche/25650-ce-bio-gel-douche-evasion-vanille-et-fleurs-de-tiare-1l-3489940070835.html;Gel douche evasion vanille et fleurs de tiare 1l;3489940070835;;0;2026-08-13 11:56:05
1657;61129;Pouch up multifruit Vitamont 3l;https://www.etiketbio.eu/gels-douche/28472-shampooing-douche-orange-lavande-bio-1l-3489940070576.html;Shampooing douche orange lavande bio 1l;3489940070576;;0;2026-08-13 11:56:05
1658;61129;Pouch up multifruit Vitamont 3l;https://www.etiketbio.eu/cheveux/28728-shampooing-gel-douche-fleurs-blanches-1l-3489940070583.html;Shampooing gel douche fleurs blanches 1l;3489940070583;;0;2026-08-13 11:56:05
1659;61129;Pouch up multifruit Vitamont 3l;https://www.etiketbio.eu/gels-douche/25548-ce-bio-bain-douche-verveine-1l-3489940070224.html;Bain douche verveine 1l;3489940070224;;0;2026-08-13 11:56:05
1660;61129;Pouch up multifruit Vitamont 3l;https://www.etiketbio.eu/gels-douche/25552-ce-bio-shampooing-douche-peche-blanche-1l-3489940070538.html;Shampooing douche peche blanche 1l;3489940070538;;0;2026-08-13 11:56:05
1661;61129;Pouch up multifruit Vitamont 3l;https://www.etiketbio.eu/gels-douche/24749-coslys-gel-douche-verveine-citron-1l-3538396120509.html;Gel douche verveine citron 1l;3538396120509;;0;2026-08-13 11:56:05
1662;61129;Pouch up multifruit Vitamont 3l;https://www.etiketbio.eu/gels-douche/28766-gel-douche-fleur-oranger-750ml-3516170029118.html;Gel douche fleur oranger 750ml;3516170029118;;0;2026-08-13 11:56:06
1663;61129;Pouch up multifruit Vitamont 3l;https://www.etiketbio.eu/gels-douche/25554-ce-bio-shampooing-douche-miel-bio-1l-3489940070569.html;Shampooing & douche miel bio 1l;3489940070569;;0;2026-08-13 11:56:06
1664;61129;Pouch up multifruit Vitamont 3l;https://www.etiketbio.eu/gels-douche/30735-gel-douche-monoi-750ml-3291960019585.html;Gel douche monoï bio 750ml - Emma Noël;3291960019585;;0;2026-08-13 11:56:06
1665;61129;Pouch up multifruit Vitamont 3l;https://www.etiketbio.eu/gels-douche/25553-ce-bio-shampooing-douche-rose-1l-3489940070552.html;Shampooing douche rose 1l;3489940070552;;0;2026-08-13 11:56:06
1666;61129;Pouch up multifruit Vitamont 3l;https://www.etiketbio.eu/gels-douche/27152-bain-douche-agrumes-mandarine-orange-5l-3489940070736.html;Bain & douche agrumes mandarine orange 5l;3489940070736;;0;2026-08-13 11:56:06
1667;61129;Pouch up multifruit Vitamont 3l;https://www.etiketbio.eu/gels-douche/25549-ce-bio-shampooing-gel-douche-aloe-vera-1l-3489940070231.html;Shampooing  gel douche aloe vera 1l;3489940070231;;0;2026-08-13 11:56:06
1668;61129;Pouch up multifruit Vitamont 3l;https://www.etiketbio.eu/gels-douche/8062-douce-nature-shampooing-douche-evasion-ylang-ylang-1l-3380380068645.html;Shampooing douche evasion ylang ylang 1l;3380380068645;;0;2026-08-13 11:56:06
1669;61129;Pouch up multifruit Vitamont 3l;https://www.etiketbio.eu/gels-douche/25543-cosmonaturel-gel-douche-solide-nourrissant-beurre-de-karite-bio-85g-3489940063059.html;Gel douche solide nourrissant beurre de karité bio 85g;3489940063059;;0;2026-08-13 11:56:07
1670;61129;Pouch up multifruit Vitamont 3l;https://www.etiketbio.eu/gels-douche/27151-shampooing-douche-fruit-d-ete-1l-3489940070590.html;Shampooing douche fruit d'ete 1l;3489940070590;;0;2026-08-13 11:56:07
1676;61128;Pouch up grenade Vitamont 3l;https://www.etiketbio.eu/jus-de-carotte/7286-vitamont-jus-de-carotte-des-landes-75cl-3289196500014.html;Jus de carotte Vitamont 75cl;3289196500014;;121;2026-08-13 11:57:32
1677;61128;Pouch up grenade Vitamont 3l;https://www.etiketbio.eu/jus-de-betterave/7289-vitamont-jus-de-betterave-normandie-75cl-3289196500052.html;Jus betterave Normandie Vitamont 75cl;3289196500052;;105;2026-08-13 11:57:32
1678;61128;Pouch up grenade Vitamont 3l;https://www.etiketbio.eu/jus-d-orange-et-agrumes/7288-vitamont-jus-orange-carotte-citron-75cl-3289196500045.html;Jus orange carotte citron Vitamont 75cl;3289196500045;;85;2026-08-13 11:57:32
1679;61128;Pouch up grenade Vitamont 3l;https://www.etiketbio.eu/gels-douche/24896-douce-nature-gel-douche-fleur-de-coton-500ml-3380380102660.html;Gel douche fleur de coton 500ml;3380380102660;;0;2026-08-13 11:57:32
1680;61128;Pouch up grenade Vitamont 3l;https://www.etiketbio.eu/gels-douche/24894-douce-nature-shampooing-douche-olive-1l-3380380102646.html;Shampooing douche olive 1l;3380380102646;;0;2026-08-13 11:57:32
1681;61128;Pouch up grenade Vitamont 3l;https://www.etiketbio.eu/gels-douche/24893-douce-nature-shampooing-douche-lavande-eco-1l-3380380102639.html;Shampooing douche lavande eco 1l;3380380102639;;0;2026-08-13 11:57:33
1682;61128;Pouch up grenade Vitamont 3l;https://www.etiketbio.eu/gels-douche/28763-gel-douche-verveine-citron-750ml-3516170029071.html;Gel douche verveine citron 750ml;3516170029071;;0;2026-08-13 11:57:33
1683;61128;Pouch up grenade Vitamont 3l;https://www.etiketbio.eu/gels-douche/28761-gel-douche-amande-750ml-3516170029057.html;Gel douche amande 750ml;3516170029057;;0;2026-08-13 11:57:33
1684;61128;Pouch up grenade Vitamont 3l;https://www.etiketbio.eu/bain-de-bouche/30884-bain-de-bouche-complete-care-sans-fluorure-400ml-4021457651160.html;Bain de bouche sans fluor Lavera 400ml;4021457651160;;0;2026-08-13 11:57:33
1685;61128;Pouch up grenade Vitamont 3l;https://www.etiketbio.eu/bain-de-bouche/30391-bain-de-bouche-bio-a-l-argent-colloidal-sans-alcool-cosmos-organic-500ml-3760166800605.html;Bain de bouche bio 500 ml sans alcool – Catalyons;3760166800605;;0;2026-08-13 11:57:33
1686;61128;Pouch up grenade Vitamont 3l;https://www.etiketbio.eu/gels-douche/28671-gel-douche-au-savon-d-alep-huile-de-graines-de-figue-de-barbarie-500ml-najel-3760061225282.html;GEL DOUCHE AU SAVON D'ALEP HUILE DE GRAINES DE FIGUE DE...;3760061225282;;0;2026-08-13 11:57:33
1687;61128;Pouch up grenade Vitamont 3l;https://www.etiketbio.eu/gels-douche/28762-eco-recharge-gel-douche-amande-700ml-3516170029064.html;Eco recharge gel douche amande 700ml;3516170029064;;0;2026-08-13 11:57:33
1688;61128;Pouch up grenade Vitamont 3l;https://www.etiketbio.eu/gels-douche/17012-douce-nature-creme-douche-surgras-1l-3380380078682.html;Creme douche surgras 1l;3380380078682;;0;2026-08-13 11:57:33
1689;61128;Pouch up grenade Vitamont 3l;https://www.etiketbio.eu/gels-douche/26876-gel-douche-2en1-basis-250ml-4021457648474.html;Gel douche 2en1 basis 250ml;4021457648474;;0;2026-08-13 11:57:34
1690;61128;Pouch up grenade Vitamont 3l;https://www.etiketbio.eu/gels-douche/28609-shampooing-douche-pour-toute-la-famille-1l-3537090020351.html;Shampooing-douche pour toute la famille 1l;3537090020351;;0;2026-08-13 11:57:34
1691;61128;Pouch up grenade Vitamont 3l;https://www.etiketbio.eu/gels-douche/21400-creme-douche-citron-citronnelle-150ml-4020829066540.html;Crème douche citron citronnelle Dr. Hauschka;4020829066540;;0;2026-08-13 11:57:34
1692;61128;Pouch up grenade Vitamont 3l;https://www.etiketbio.eu/gels-douche/25651-ce-bio-gel-douche-santal-et-feves-de-tonka-1l-3489940070842.html;Gel douche santal et feves de tonka 1l;3489940070842;;0;2026-08-13 11:57:34
1693;61128;Pouch up grenade Vitamont 3l;https://www.etiketbio.eu/gels-douche/25650-ce-bio-gel-douche-evasion-vanille-et-fleurs-de-tiare-1l-3489940070835.html;Gel douche evasion vanille et fleurs de tiare 1l;3489940070835;;0;2026-08-13 11:57:34
1694;61128;Pouch up grenade Vitamont 3l;https://www.etiketbio.eu/gels-douche/28472-shampooing-douche-orange-lavande-bio-1l-3489940070576.html;Shampooing douche orange lavande bio 1l;3489940070576;;0;2026-08-13 11:57:34
1695;61128;Pouch up grenade Vitamont 3l;https://www.etiketbio.eu/cheveux/28728-shampooing-gel-douche-fleurs-blanches-1l-3489940070583.html;Shampooing gel douche fleurs blanches 1l;3489940070583;;0;2026-08-13 11:57:34
1696;61128;Pouch up grenade Vitamont 3l;https://www.etiketbio.eu/gels-douche/25548-ce-bio-bain-douche-verveine-1l-3489940070224.html;Bain douche verveine 1l;3489940070224;;0;2026-08-13 11:57:34
1697;61128;Pouch up grenade Vitamont 3l;https://www.etiketbio.eu/gels-douche/25552-ce-bio-shampooing-douche-peche-blanche-1l-3489940070538.html;Shampooing douche peche blanche 1l;3489940070538;;0;2026-08-13 11:57:35
1698;61128;Pouch up grenade Vitamont 3l;https://www.etiketbio.eu/gels-douche/24749-coslys-gel-douche-verveine-citron-1l-3538396120509.html;Gel douche verveine citron 1l;3538396120509;;0;2026-08-13 11:57:35
1699;61128;Pouch up grenade Vitamont 3l;https://www.etiketbio.eu/gels-douche/28766-gel-douche-fleur-oranger-750ml-3516170029118.html;Gel douche fleur oranger 750ml;3516170029118;;0;2026-08-13 11:57:35
1700;61128;Pouch up grenade Vitamont 3l;https://www.etiketbio.eu/gels-douche/25554-ce-bio-shampooing-douche-miel-bio-1l-3489940070569.html;Shampooing & douche miel bio 1l;3489940070569;;0;2026-08-13 11:57:35
1701;61128;Pouch up grenade Vitamont 3l;https://www.etiketbio.eu/gels-douche/30735-gel-douche-monoi-750ml-3291960019585.html;Gel douche monoï bio 750ml - Emma Noël;3291960019585;;0;2026-08-13 11:57:35
1702;61128;Pouch up grenade Vitamont 3l;https://www.etiketbio.eu/gels-douche/25553-ce-bio-shampooing-douche-rose-1l-3489940070552.html;Shampooing douche rose 1l;3489940070552;;0;2026-08-13 11:57:35
1703;61128;Pouch up grenade Vitamont 3l;https://www.etiketbio.eu/gels-douche/27152-bain-douche-agrumes-mandarine-orange-5l-3489940070736.html;Bain & douche agrumes mandarine orange 5l;3489940070736;;0;2026-08-13 11:57:35
1704;61128;Pouch up grenade Vitamont 3l;https://www.etiketbio.eu/gels-douche/25549-ce-bio-shampooing-gel-douche-aloe-vera-1l-3489940070231.html;Shampooing  gel douche aloe vera 1l;3489940070231;;0;2026-08-13 11:57:35
1705;61128;Pouch up grenade Vitamont 3l;https://www.etiketbio.eu/gels-douche/8062-douce-nature-shampooing-douche-evasion-ylang-ylang-1l-3380380068645.html;Shampooing douche evasion ylang ylang 1l;3380380068645;;0;2026-08-13 11:57:36
1706;61128;Pouch up grenade Vitamont 3l;https://www.etiketbio.eu/gels-douche/25543-cosmonaturel-gel-douche-solide-nourrissant-beurre-de-karite-bio-85g-3489940063059.html;Gel douche solide nourrissant beurre de karité bio 85g;3489940063059;;0;2026-08-13 11:57:36
1707;61128;Pouch up grenade Vitamont 3l;https://www.etiketbio.eu/gels-douche/27151-shampooing-douche-fruit-d-ete-1l-3489940070590.html;Shampooing douche fruit d'ete 1l;3489940070590;;0;2026-08-13 11:57:36
1711;10011;Cocktail junior Vitamont 20CL;https://www.etiketbio.eu/jus-de-fruits/18884-vitamont-tetra-cocktail-junior-fraise-20cl-3289196260246.html;Cocktail Junior Fraise Bio 20cl – Vitamont;3289196260246;;560;2026-08-13 11:58:35
1712;10011;Cocktail junior Vitamont 20CL;https://www.etiketbio.eu/jus-multi-fruits/7262-vitamont-cocktail-junior-20cl-3289196260468.html;Cocktail junior 20cl;3289196260468;;612;2026-08-13 11:58:35
1714;6243;Pur jus de pamplemousse rose Vitamont 1l;https://www.etiketbio.eu/jus-d-orange-et-agrumes/7316-vitamont-pur-jus-de-pamplemousse-rose-1l-3289196500533.html;Pur jus pamplemousse rose Vitamont 1L;3289196500533;;824;2026-08-13 11:58:52
1715;6243;Pur jus de pamplemousse rose Vitamont 1l;https://www.etiketbio.eu/jus-d-orange-et-agrumes/7273-vitamont-mini-pur-jus-de-pamplemousse-rose-25cl-3289196400192.html;Mini jus pamplemousse rose Vitamont 25cl;3289196400192;;457;2026-08-13 11:58:52
1717;17766;Mini pur jus d'orange Vitamont 25cl;https://www.etiketbio.eu/jus-d-orange-et-agrumes/7278-vitamont-mini-jus-dorange-carotte-citron-25cl-3289196470027.html;Mini jus orange carotte citron Vitamont 25cl;3289196470027;;410;2026-08-13 11:59:09
1718;17766;Mini pur jus d'orange Vitamont 25cl;https://www.etiketbio.eu/jus-d-orange-et-agrumes/7273-vitamont-mini-pur-jus-de-pamplemousse-rose-25cl-3289196400192.html;Mini jus pamplemousse rose Vitamont 25cl;3289196400192;;468;2026-08-13 11:59:09
1719;17766;Mini pur jus d'orange Vitamont 25cl;https://www.etiketbio.eu/jus-d-orange-et-agrumes/20008-vitamont-mini-jus-de-clementine-25cl-3289196400284.html;Mini jus clémentine bio Vitamont 25cl;3289196400284;;488;2026-08-13 11:59:09
1725;14149;Pur jus d'ananas Vitamont 20cl;https://www.etiketbio.eu/jus-de-fruits/7263-vitamont-pur-jus-d-ananas-20cl-3289196260475.html;Pur jus d ananas 20cl;3289196260475;;456;2026-08-13 12:00:08
1726;14149;Pur jus d'ananas Vitamont 20cl;https://www.etiketbio.eu/jus-de-raisins/7252-vitamont-tetra-pur-jus-de-raisins-rouge-20cl-3289196260291.html;Tetra pur jus de raisins rouge 20cl;3289196260291;;241;2026-08-13 12:00:09
1727;113889;Pur jus de pomme Vitamont 1l;https://www.etiketbio.eu/jus-de-pomme/7295-vitamont-pur-jus-de-pomme-1l-3289196500205.html;Pur jus pomme trouble Vitamont 1L;3289196500205;;683;2026-08-13 12:00:42
1728;113889;Pur jus de pomme Vitamont 1l;https://www.etiketbio.eu/jus-de-pomme/7269-vitamont-mini-pur-jus-de-pomme-trouble-25cl-3289196400123.html;Mini jus pomme trouble Vitamont 25cl;3289196400123;;344;2026-08-13 12:00:42
1729;113889;Pur jus de pomme Vitamont 1l;https://www.etiketbio.eu/jus-de-pomme/7251-vitamont-tetra-pur-jus-de-pomme-20cl-3289196260284.html;Tetra jus pomme bio Vitamont 20cl;3289196260284;;377;2026-08-13 12:00:42
1730;113889;Pur jus de pomme Vitamont 1l;https://www.etiketbio.eu/jus-de-pomme/7255-vitamont-tetra-jus-de-pommes-tetra-1l-3289196260321.html;Tetra jus pomme bio Vitamont 1L;3289196260321;;542;2026-08-13 12:00:43
1731;113889;Pur jus de pomme Vitamont 1l;https://www.etiketbio.eu/jus-multi-fruits/15596-vitamont-pur-jus-3-fruits-vergers-de-france-75cl-3289196500656.html;Pur jus 3 fruits vergers de france 75cl;3289196500656;;157;2026-08-13 12:00:43
1733;36427;Jus de légumes lactofermentés BIO Vitamont 75cl;https://www.etiketbio.eu/jus-lactofermentes/14466-vitamont-pur-jus-de-legumes-lactofermentes-75cl-3289196500625.html;Pur jus de légumes lactofermentés 75cl Vitamont;3289196500625;;784;2026-08-13 12:01:17
1734;36427;Jus de légumes lactofermentés BIO Vitamont 75cl;https://www.etiketbio.eu/jus-lactofermentes/7321-vitamont-pur-jus-de-betterave-lactofermente-75cl-3289196500618.html;Pur jus betterave lactofermenté Vitamont 75cl;3289196500618;;335;2026-08-13 12:01:17
1735;36427;Jus de légumes lactofermentés BIO Vitamont 75cl;https://www.etiketbio.eu/jus-lactofermentes/7319-vitamont-pur-jus-de-carotte-lactofermente-75cl-3289196500595.html;Pur jus carotte lactofermenté Vitamont 75cl;3289196500595;;343;2026-08-13 12:01:17
1736;74823;Jus de carotte lacto-fermenté  Vitamont 75cl;https://www.etiketbio.eu/jus-lactofermentes/7319-vitamont-pur-jus-de-carotte-lactofermente-75cl-3289196500595.html;Pur jus carotte lactofermenté Vitamont 75cl;3289196500595;;439;2026-08-13 12:01:25
1737;74823;Jus de carotte lacto-fermenté  Vitamont 75cl;https://www.etiketbio.eu/jus-lactofermentes/14466-vitamont-pur-jus-de-legumes-lactofermentes-75cl-3289196500625.html;Pur jus de légumes lactofermentés 75cl Vitamont;3289196500625;;368;2026-08-13 12:01:26
1740;776;Jus de légumes Vitamont 75cl;https://www.etiketbio.eu/jus-lactofermentes/14466-vitamont-pur-jus-de-legumes-lactofermentes-75cl-3289196500625.html;Pur jus de légumes lactofermentés 75cl Vitamont;3289196500625;;533;2026-08-13 12:01:51
1741;776;Jus de légumes Vitamont 75cl;https://www.etiketbio.eu/jus-de-tomate/7287-vitamont-pur-jus-de-tomate-de-marmande-75cl-3289196500038.html;Pur jus tomate Marmande Vitamont 75cl;3289196500038;;338;2026-08-13 12:01:51
1742;776;Jus de légumes Vitamont 75cl;https://www.etiketbio.eu/jus-de-carotte/7286-vitamont-jus-de-carotte-des-landes-75cl-3289196500014.html;Jus de carotte Vitamont 75cl;3289196500014;;571;2026-08-13 12:01:51
1743;776;Jus de légumes Vitamont 75cl;https://www.etiketbio.eu/jus-d-orange-et-agrumes/7288-vitamont-jus-orange-carotte-citron-75cl-3289196500045.html;Jus orange carotte citron Vitamont 75cl;3289196500045;;328;2026-08-13 12:01:51
1744;776;Jus de légumes Vitamont 75cl;https://www.etiketbio.eu/jus-de-betterave/7289-vitamont-jus-de-betterave-normandie-75cl-3289196500052.html;Jus betterave Normandie Vitamont 75cl;3289196500052;;406;2026-08-13 12:01:52
1745;776;Jus de légumes Vitamont 75cl;https://www.etiketbio.eu/jus-lactofermentes/7319-vitamont-pur-jus-de-carotte-lactofermente-75cl-3289196500595.html;Pur jus carotte lactofermenté Vitamont 75cl;3289196500595;;338;2026-08-13 12:01:52
1746;776;Jus de légumes Vitamont 75cl;https://www.etiketbio.eu/jus-lactofermentes/7321-vitamont-pur-jus-de-betterave-lactofermente-75cl-3289196500618.html;Pur jus betterave lactofermenté Vitamont 75cl;3289196500618;;329;2026-08-13 12:01:52
1747;776;Jus de légumes Vitamont 75cl;https://www.etiketbio.eu/jus-de-legumes/7290-vitamont-jus-de-legumes-75cl-3289196500076.html;Jus de legumes 75cl;3289196500076;;647;2026-08-13 12:01:52
1748;17767;Mini pur jus de carotte Vitamont 25cl;https://www.etiketbio.eu/jus-de-carotte/7265-vitamont-mini-jus-de-carotte-25cl-3289196400086.html;Mini jus de carotte Vitamont 25cl;3289196400086;;808;2026-08-13 12:02:00
1749;17767;Mini pur jus de carotte Vitamont 25cl;https://www.etiketbio.eu/jus-d-orange-et-agrumes/7278-vitamont-mini-jus-dorange-carotte-citron-25cl-3289196470027.html;Mini jus orange carotte citron Vitamont 25cl;3289196470027;;582;2026-08-13 12:02:01
1754;123034;Spritz sans alcool à diluer Vitamont 50cl;https://www.etiketbio.eu/sardines/29131-petites-sardines-sprats-fumees-a-l-huile-olive-110g-5034210300006.html;Sprats fumés huile d’olive 110g - Fish4Ever;5034210300006;;0;2026-08-13 12:03:37
1755;123034;Spritz sans alcool à diluer Vitamont 50cl;https://www.etiketbio.eu/ayurvedique-bio/29045-yogi-tea-clarte-d-esprit-4012824406087.html;Yogi Tea Clarté d'Esprit;4012824406087;;0;2026-08-13 12:03:37
1756;123034;Spritz sans alcool à diluer Vitamont 50cl;https://www.etiketbio.eu/encens/27727-encens-ayurvedique-esprit-3560461030208.html;Encens ayurvedique esprit;3560461030208;;0;2026-08-13 12:03:37
1757;123034;Spritz sans alcool à diluer Vitamont 50cl;https://www.etiketbio.eu/fleur-de-bach/30980-fleur-de-bach-marronnier-blanc-n35-deva-15ml-3760102775837.html;Fleur de Bach Marronnier Blanc n°35 DEVA 15ml;3760102775837;;0;2026-08-13 12:03:37
1758;123034;Spritz sans alcool à diluer Vitamont 50cl;https://www.etiketbio.eu/fleur-de-bach/30977-fleur-de-bach-hetre-n3-deva-15ml-3760102775806.html;Fleur de Bach Hêtre n°3 DEVA 15ml;3760102775806;;0;2026-08-13 12:03:37
1759;123034;Spritz sans alcool à diluer Vitamont 50cl;https://www.etiketbio.eu/fleur-de-bach/31019-etudes-et-examens-deva-spray-15-ml-3760102777299.html;Études et examens Deva spray 15 ml;3760102777299;;0;2026-08-13 12:03:37
1760;123034;Spritz sans alcool à diluer Vitamont 50cl;https://www.etiketbio.eu/fleur-de-bach/30971-fleur-de-bach-eau-de-roche-n27-deva-15ml-3760102775745.html;Fleur de Bach Eau de Roche n°27 DEVA 15ml;3760102775745;;0;2026-08-13 12:03:38
1761;123034;Spritz sans alcool à diluer Vitamont 50cl;https://www.etiketbio.eu/fleur-de-bach/30976-fleur-de-bach-heliantheme-n26-deva-15ml-3760102775790.html;Fleur de Bach Hélianthème n°26 DEVA 15ml;3760102775790;;0;2026-08-13 12:03:38
1762;123034;Spritz sans alcool à diluer Vitamont 50cl;https://www.etiketbio.eu/fleur-de-bach/30984-fleur-de-bach-moutarde-n21-deva-15ml-3760102775875.html;Fleur de Bach Moutarde n°21 DEVA 15ml;3760102775875;;0;2026-08-13 12:03:38
1763;123034;Spritz sans alcool à diluer Vitamont 50cl;https://www.etiketbio.eu/fleur-de-bach/30995-fleur-de-bach-verveine-n31-deva-15ml-3760102775981.html;Fleur de Bach Verveine n°31 DEVA 15ml;3760102775981;;0;2026-08-13 12:03:38
1764;123034;Spritz sans alcool à diluer Vitamont 50cl;https://www.etiketbio.eu/fleur-de-bach/30965-fleur-de-bach-charme-n17-deva-15ml-3760102775684.html;Fleur de Bach Charme n°17 DEVA 15ml;3760102775684;;0;2026-08-13 12:03:38
1765;123034;Spritz sans alcool à diluer Vitamont 50cl;https://www.etiketbio.eu/tisanes-en-sachets/29756-tisane-l-esprit-de-noel-bio-50g-3481899005128.html;Tisane L’Esprit de Noël bio 50g;3481899005128;;0;2026-08-13 12:03:38
1766;123034;Spritz sans alcool à diluer Vitamont 50cl;https://www.etiketbio.eu/encens/29722-mon-coffret-relaxation-3560467100585.html;Coffret Relaxation corps & esprit – Aromandise;3560467100585;;0;2026-08-13 12:03:38
1767;123034;Spritz sans alcool à diluer Vitamont 50cl;https://www.etiketbio.eu/ayurvedique-bio/14209-yogi-tea-infusion-bonheur-34-g-4012824401471.html;Infusion Bonheur 34 g Yogi Tea;4012824401471;;0;2026-08-13 12:03:39
1768;123034;Spritz sans alcool à diluer Vitamont 50cl;https://www.etiketbio.eu/nuit-paisible/29440-baume-sommeil-paisible-30ml-3760087904154.html;Baume Sommeil Paisible 30ml Baume du Hibou;3760087904154;;0;2026-08-13 12:03:39
1769;123034;Spritz sans alcool à diluer Vitamont 50cl;https://www.etiketbio.eu/tisanes-en-sachets/27227-infusion-de-ravinstara-275g-3770007752215.html;Infusion de ravinstara 27.5g;3770007752215;;0;2026-08-13 12:03:39
1770;123034;Spritz sans alcool à diluer Vitamont 50cl;https://www.etiketbio.eu/nuit-paisible/30288-nocta-nuit-sereine-30comp-3460341533112.html;Nocta Nuit Sereine 30 comprimés;3460341533112;;0;2026-08-13 12:03:39
1771;123034;Spritz sans alcool à diluer Vitamont 50cl;https://www.etiketbio.eu/conserves-de-legumes/19698-voyage-de-mamabe-citron-confit-au-gingembre-105g-3269714127855.html;Citron confit au gingembre 105g;3269714127855;;0;2026-08-13 12:03:39
1772;123034;Spritz sans alcool à diluer Vitamont 50cl;https://www.etiketbio.eu/ayurvedique-bio/25351-shotimaa-infusion-the-vert-cannelle-bergamote-x16-8717853493041.html;Infusion the vert cannelle bergamote x16;8717853493041;;0;2026-08-13 12:03:39
1773;123034;Spritz sans alcool à diluer Vitamont 50cl;https://www.etiketbio.eu/savons/31051-savonnettes-monoi-x3-450gr-3291960014436.html;Savonnettes Monoï Bio 3x150g Emma Noël;3291960014436;;0;2026-08-13 12:03:39
1774;123034;Spritz sans alcool à diluer Vitamont 50cl;https://www.etiketbio.eu/moral-equilibre-emotionnel/27130-psyc-aroma-40-caps-3760194571256.html;Psyc'aroma 40 caps;3760194571256;;0;2026-08-13 12:03:39
1775;123034;Spritz sans alcool à diluer Vitamont 50cl;https://www.etiketbio.eu/savons/10560-emma-noel-savonnettes-lavande-x3-3760087901153.html;Savonnettes Lavande Bio 3x150g Emma Noël;3760087901153;;0;2026-08-13 12:03:40
1776;123034;Spritz sans alcool à diluer Vitamont 50cl;https://www.etiketbio.eu/ayurvedique-bio/14232-yogi-tea-yogi-tea-femme-306g-4012824402683.html;Yogi tea femme 30.6g;4012824402683;;0;2026-08-13 12:03:40
1777;123034;Spritz sans alcool à diluer Vitamont 50cl;https://www.etiketbio.eu/ayurvedique-bio/14235-yogi-tea-infusion-detox-17-infusettes-4012824402713.html;Infusion detox (17 infusettes);4012824402713;;0;2026-08-13 12:03:40
1778;123034;Spritz sans alcool à diluer Vitamont 50cl;https://www.etiketbio.eu/ayurvedique-bio/29889-infusion-focus-basilic-gingembre-et-orange-16-sachets-8717853497322.html;Infusion Focus basilic gingembre orange bio 16 sachets;8717853497322;;0;2026-08-13 12:03:40
1779;123034;Spritz sans alcool à diluer Vitamont 50cl;https://www.etiketbio.eu/savons/10562-emma-noel-savonnette-aloe-vera-bio-3x150g-3760087901191.html;Savonnette aloe vera bio 3x150g;3760087901191;;0;2026-08-13 12:03:40
1780;123034;Spritz sans alcool à diluer Vitamont 50cl;https://www.etiketbio.eu/lait-pour-le-corps/28403-lait-creme-pour-le-corps-lavande-bois-de-santal-145-ml-4020829009080.html;Lait corps lavande bois de santal Dr. Hauschka;4020829009080;;0;2026-08-13 12:03:40
1781;123034;Spritz sans alcool à diluer Vitamont 50cl;https://www.etiketbio.eu/encens/27735-encens-tibetains-himalaya-relaxant-3560461040535.html;Encens tibétains himalaya relaxant;3560461040535;;0;2026-08-13 12:03:40
1782;123034;Spritz sans alcool à diluer Vitamont 50cl;https://www.etiketbio.eu/gels-douche/25649-ce-bio-gel-douche-enveloppant-fleurs-dabricot-1l-3489940070828.html;Gel douche enveloppant fleurs d'abricot 1l;3489940070828;;0;2026-08-13 12:03:41
1783;123034;Spritz sans alcool à diluer Vitamont 50cl;https://www.etiketbio.eu/encens/27720-encens-indien-ht-cedre-3560461020100.html;Encens indien ht. cedre;3560461020100;;0;2026-08-13 12:03:41
1784;123034;Spritz sans alcool à diluer Vitamont 50cl;https://www.etiketbio.eu/encens/29552-encens-meditation-3560461040108.html;Encens tibétain Méditation – Les Encens du Monde;3560461040108;;0;2026-08-13 12:03:41
1785;123034;Spritz sans alcool à diluer Vitamont 50cl;https://www.etiketbio.eu/encens/29380-encens-vegetal-palo-santo-x30-3560461012884.html;Encens Végétal Palo Santo x30 – Les Encens du Monde;3560461012884;;0;2026-08-13 12:03:41
1786;6246;Limonade d'Antan Vitamont 75cl;https://www.etiketbio.eu/sodas/7335-vitamont-limonade-dantan-75cl-3289196810014.html;Limonade d’antan bio 75cl Vitamont;3289196810014;;748;2026-08-13 12:03:58
1787;6246;Limonade d'Antan Vitamont 75cl;https://www.etiketbio.eu/sodas/7336-vitamont-limonade-au-jus-de-citron-75cl-3289196810021.html;Limonade au jus de citron 75cl;3289196810021;;192;2026-08-13 12:03:58
1790;115345;Diabolo grenadine Vitamont 33cl;https://www.etiketbio.eu/harpagophytum/22646-super-diet-harpagophytum-bio-90gels-3428881146407.html;Harpagophytum bio 90 gélules Superdiet;3428881146407;;0;2026-08-13 12:05:22
1791;115345;Diabolo grenadine Vitamont 33cl;https://www.etiketbio.eu/harpagophytum/23857-dietaroma-harpagophytum-60cps-3460341520273.html;Harpagophytum bio 60 comprimés  Dietaroma;3460341520273;;0;2026-08-13 12:05:22
1792;115345;Diabolo grenadine Vitamont 33cl;https://www.etiketbio.eu/harpagophytum/24355-super-diet-harpagophytum-bio-20-ampoules-3428881221203.html;Harpagophytum bio 20 ampoules Superdiet;3428881221203;;0;2026-08-13 12:05:22
1793;115345;Diabolo grenadine Vitamont 33cl;https://www.etiketbio.eu/croquettes-bio-chien/30466-croquettes-seniors-chiens-2kg-yarrah-8714265000331.html;Croquettes senior chien poulet bio – Yarrah 2 kg;8714265000331;;0;2026-08-13 12:05:22
1794;115345;Diabolo grenadine Vitamont 33cl;https://www.etiketbio.eu/harpagophytum/22645-super-diet-prele-harpago-bio-80-cps-3428881115601.html;Prêle Harpago bio 80 comprimés Superdiet;3428881115601;;0;2026-08-13 12:05:22
1797;12405;Cocktail 5 fruits Vitamont 1L;https://www.etiketbio.eu/jus-multi-fruits/7280-vitamont-mini-cocktail-de-fruits-25cl-3289196470041.html;Mini cocktail de fruits 25cl;3289196470041;;281;2026-08-13 12:05:57
1798;12405;Cocktail 5 fruits Vitamont 1L;https://www.etiketbio.eu/jus-multi-fruits/7302-vitamont-cocktail-fruits-rouges-75cl-3289196500311.html;Cocktail fruits rouges 75cl;3289196500311;;271;2026-08-13 12:05:57
1799;12405;Cocktail 5 fruits Vitamont 1L;https://www.etiketbio.eu/jus-de-fruits/18884-vitamont-tetra-cocktail-junior-fraise-20cl-3289196260246.html;Cocktail Junior Fraise Bio 20cl – Vitamont;3289196260246;;242;2026-08-13 12:05:57
1800;12405;Cocktail 5 fruits Vitamont 1L;https://www.etiketbio.eu/jus-de-fruits/28711-cocktail-5-fruits-1l-3289196500373.html;Cocktail 5 fruits 1l;3289196500373;;653;2026-08-13 12:05:57
1801;12405;Cocktail 5 fruits Vitamont 1L;https://www.etiketbio.eu/jus-multi-fruits/7303-vitamont-cocktail-vita-12-multifruits-75cl-3289196500328.html;Cocktail vita 12 (multifruits) 75cl;3289196500328;;155;2026-08-13 12:05:57
1802;12405;Cocktail 5 fruits Vitamont 1L;https://www.etiketbio.eu/jus-multi-fruits/14153-vitamont-cocktail-ananas-litchi-passion-75cl-3289196500175.html;Cocktail ananas litchi passion 75cl;3289196500175;;112;2026-08-13 12:05:58
1803;12405;Cocktail 5 fruits Vitamont 1L;https://www.etiketbio.eu/jus-de-raisins/7272-vitamont-mini-pur-jus-de-raisin-25cl-3289196400185.html;Mini jus raisin bio Vitamont 25cl;3289196400185;;91;2026-08-13 12:05:58
1804;12405;Cocktail 5 fruits Vitamont 1L;https://www.etiketbio.eu/jus-de-grenade-bio/7296-vitamont-pur-jus-de-grenade-non-filtre-1l-3289196500212.html;Pur jus grenade bio Vitamont 1L;3289196500212;;189;2026-08-13 12:05:58
1805;12405;Cocktail 5 fruits Vitamont 1L;https://www.etiketbio.eu/jus-de-raisins/7256-vitamont-pur-jus-de-raisin-1l-3289196260338.html;Tetra jus raisin bio Vitamont 1L;3289196260338;;186;2026-08-13 12:05:58
1806;12405;Cocktail 5 fruits Vitamont 1L;https://www.etiketbio.eu/jus-d-orange-et-agrumes/7258-vitamont-tetra-cocktail-orange-carotte-citron-20cl-3289196260383.html;Tetra cocktail orange carotte citron 20cl;3289196260383;;76;2026-08-13 12:05:58
1807;12405;Cocktail 5 fruits Vitamont 1L;https://www.etiketbio.eu/jus-multi-fruits/7262-vitamont-cocktail-junior-20cl-3289196260468.html;Cocktail junior 20cl;3289196260468;;114;2026-08-13 12:05:58
1808;12405;Cocktail 5 fruits Vitamont 1L;https://www.etiketbio.eu/jus-de-citron-bio/21983-vitamont-jus-de-citron-25cl-3289196400178.html;Mini jus citron bio Vitamont 25cl;3289196400178;;91;2026-08-13 12:05:58
1809;12405;Cocktail 5 fruits Vitamont 1L;https://www.etiketbio.eu/jus-de-fruits/7279-vitamont-mini-pur-jus-dananas-25cl-3289196470034.html;Mini pur jus d'ananas 25cl;3289196470034;;0;2026-08-13 12:05:58
1810;12405;Cocktail 5 fruits Vitamont 1L;https://www.etiketbio.eu/jus-de-fruits/7318-vitamont-pur-jus-dananas-75cl-3289196500588.html;Pur jus d'ananas 75cl;3289196500588;;0;2026-08-13 12:05:59
1811;12405;Cocktail 5 fruits Vitamont 1L;https://www.etiketbio.eu/jus-de-fruits/7310-vitamont-nectar-de-mangue-du-perou-max-havelaar-75cl-3289196500427.html;Nectar de mangue du perou max havelaar 75cl;3289196500427;;0;2026-08-13 12:05:59
1812;12405;Cocktail 5 fruits Vitamont 1L;https://www.etiketbio.eu/jus-de-fruits/7327-vitamont-boisson-tonique-gingembre-citron-vert-50cl-3289196700025.html;Boisson tonique gingembre citron vert 50cl;3289196700025;;0;2026-08-13 12:05:59
1813;12405;Cocktail 5 fruits Vitamont 1L;https://www.etiketbio.eu/jus-de-fruits/7311-vitamont-nectar-de-goyave-de-martinique-75cl-3289196500458.html;Nectar de goyave de martinique 75cl;3289196500458;;0;2026-08-13 12:05:59
1814;12405;Cocktail 5 fruits Vitamont 1L;https://www.etiketbio.eu/jus-de-fruits/25858-vitamont-jus-clementine-citron-vert-gingembre-75cl-3289196501059.html;Jus clementine citron vert gingembre 75cl;3289196501059;;0;2026-08-13 12:05:59
1819;10883;Pur jus de pomme Vitamont 1L;https://www.etiketbio.eu/jus-de-pomme/7295-vitamont-pur-jus-de-pomme-1l-3289196500205.html;Pur jus pomme trouble Vitamont 1L;3289196500205;;683;2026-08-13 12:07:51
1820;10883;Pur jus de pomme Vitamont 1L;https://www.etiketbio.eu/jus-de-pomme/7269-vitamont-mini-pur-jus-de-pomme-trouble-25cl-3289196400123.html;Mini jus pomme trouble Vitamont 25cl;3289196400123;;344;2026-08-13 12:07:51
1821;10883;Pur jus de pomme Vitamont 1L;https://www.etiketbio.eu/jus-de-pomme/7251-vitamont-tetra-pur-jus-de-pomme-20cl-3289196260284.html;Tetra jus pomme bio Vitamont 20cl;3289196260284;;377;2026-08-13 12:07:51
1822;10883;Pur jus de pomme Vitamont 1L;https://www.etiketbio.eu/jus-de-pomme/7255-vitamont-tetra-jus-de-pommes-tetra-1l-3289196260321.html;Tetra jus pomme bio Vitamont 1L;3289196260321;;542;2026-08-13 12:07:51
1823;10883;Pur jus de pomme Vitamont 1L;https://www.etiketbio.eu/jus-multi-fruits/15596-vitamont-pur-jus-3-fruits-vergers-de-france-75cl-3289196500656.html;Pur jus 3 fruits vergers de france 75cl;3289196500656;;157;2026-08-13 12:07:52
1828;17769;Mini jus de légumes Vitamont 25cl;https://www.etiketbio.eu/jus-de-tomate/7266-vitamont-mini-pur-jus-de-tomate-de-marmande-25cl-3289196400093.html;Mini jus tomate Vitamont 25cl;3289196400093;;473;2026-08-13 12:09:16
1829;17769;Mini jus de légumes Vitamont 25cl;https://www.etiketbio.eu/jus-de-carotte/7265-vitamont-mini-jus-de-carotte-25cl-3289196400086.html;Mini jus de carotte Vitamont 25cl;3289196400086;;631;2026-08-13 12:09:16
1830;17769;Mini jus de légumes Vitamont 25cl;https://www.etiketbio.eu/jus-d-orange-et-agrumes/7278-vitamont-mini-jus-dorange-carotte-citron-25cl-3289196470027.html;Mini jus orange carotte citron Vitamont 25cl;3289196470027;;356;2026-08-13 12:09:16
1831;17769;Mini jus de légumes Vitamont 25cl;https://www.etiketbio.eu/jus-de-legumes/7267-vitamont-mini-jus-de-legumes-25cl-3289196400109.html;Mini jus de legumes 25cl;3289196400109;;702;2026-08-13 12:09:16
1833;18266;Cola équitable Vitamont 1L;https://www.etiketbio.eu/sodas/7337-vitamont-cola-equitable-1l-3289196810045.html;Cola equitable 1l;3289196810045;;593;2026-08-13 12:10:15
1834;18266;Cola équitable Vitamont 1L;https://www.etiketbio.eu/sodas/7342-vitamont-cola-bio-max-havelaar-33cl-3289196820051.html;Cola bio max havelaar 33cl;3289196820051;;85;2026-08-13 12:10:15
1836;7868;Limonade citron Vitamont 75cl;https://www.etiketbio.eu/sodas/7335-vitamont-limonade-dantan-75cl-3289196810014.html;Limonade d’antan bio 75cl Vitamont;3289196810014;;503;2026-08-13 12:10:32
1837;7868;Limonade citron Vitamont 75cl;https://www.etiketbio.eu/sodas/7336-vitamont-limonade-au-jus-de-citron-75cl-3289196810021.html;Limonade au jus de citron 75cl;3289196810021;;339;2026-08-13 12:10:32
1839;10882;Pur jus d'orange Vitamont 1L;https://www.etiketbio.eu/jus-d-orange-et-agrumes/7314-vitamont-pur-jus-dorange-de-grece-1l-3289196500502.html;Pur jus orange Grèce Vitamont 1L;3289196500502;;497;2026-08-13 12:11:22
1840;10882;Pur jus d'orange Vitamont 1L;https://www.etiketbio.eu/jus-d-orange-et-agrumes/7254-vitamont-tetra-pur-jus-dorange-1l-3289196260314.html;Tetra pur jus orange bio Vitamont 1L;3289196260314;;399;2026-08-13 12:11:22
1841;10882;Pur jus d'orange Vitamont 1L;https://www.etiketbio.eu/jus-d-orange-et-agrumes/16335-vitamont-tetra-pur-jus-dorange-pulpee-1l-3289196260543.html;Pur Jus Orange Pulpée Bio 1L – Vitamont;3289196260543;;429;2026-08-13 12:11:23
1842;10882;Pur jus d'orange Vitamont 1L;https://www.etiketbio.eu/jus-d-orange-et-agrumes/14471-vitamont-pur-jus-dorange-du-maroc-fruite-75cl-3289196500700.html;Pur Jus Orange Maroc Bio 75cl – Vitamont;3289196500700;;277;2026-08-13 12:11:23
1843;10882;Pur jus d'orange Vitamont 1L;https://www.etiketbio.eu/jus-d-orange-et-agrumes/7288-vitamont-jus-orange-carotte-citron-75cl-3289196500045.html;Jus orange carotte citron Vitamont 75cl;3289196500045;;202;2026-08-13 12:11:23
1844;10882;Pur jus d'orange Vitamont 1L;https://www.etiketbio.eu/jus-d-orange-et-agrumes/7278-vitamont-mini-jus-dorange-carotte-citron-25cl-3289196470027.html;Mini jus orange carotte citron Vitamont 25cl;3289196470027;;161;2026-08-13 12:11:23
1845;10882;Pur jus d'orange Vitamont 1L;https://www.etiketbio.eu/jus-d-orange-et-agrumes/7315-vitamont-pur-jus-de-pamplemousse-blanc-1l-3289196500526.html;Pur jus pamplemousse bio Vitamont 1L;3289196500526;;444;2026-08-13 12:11:23
1846;10882;Pur jus d'orange Vitamont 1L;https://www.etiketbio.eu/jus-d-orange-et-agrumes/7316-vitamont-pur-jus-de-pamplemousse-rose-1l-3289196500533.html;Pur jus pamplemousse rose Vitamont 1L;3289196500533;;417;2026-08-13 12:11:23
1847;10882;Pur jus d'orange Vitamont 1L;https://www.etiketbio.eu/jus-d-orange-et-agrumes/7253-vitamont-tetra-jus-oranges-tetra-20cl-3289196260307.html;Tetra jus oranges tetra 20cl;3289196260307;;102;2026-08-13 12:11:23
1848;10882;Pur jus d'orange Vitamont 1L;https://www.etiketbio.eu/jus-d-orange-et-agrumes/7273-vitamont-mini-pur-jus-de-pamplemousse-rose-25cl-3289196400192.html;Mini jus pamplemousse rose Vitamont 25cl;3289196400192;;179;2026-08-13 12:11:24
1849;10882;Pur jus d'orange Vitamont 1L;https://www.etiketbio.eu/jus-d-orange-et-agrumes/20008-vitamont-mini-jus-de-clementine-25cl-3289196400284.html;Mini jus clémentine bio Vitamont 25cl;3289196400284;;198;2026-08-13 12:11:24
1850;10882;Pur jus d'orange Vitamont 1L;https://www.etiketbio.eu/jus-d-orange-et-agrumes/7291-vitamont-pur-jus-de-clementine-75cl-3289196500083.html;Pur jus de clementine 75cl;3289196500083;;181;2026-08-13 12:11:24
1852;115346;Diabolo menthe Vitamont 33cl;https://www.etiketbio.eu/harpagophytum/22646-super-diet-harpagophytum-bio-90gels-3428881146407.html;Harpagophytum bio 90 gélules Superdiet;3428881146407;;0;2026-08-13 12:11:49
1853;115346;Diabolo menthe Vitamont 33cl;https://www.etiketbio.eu/harpagophytum/23857-dietaroma-harpagophytum-60cps-3460341520273.html;Harpagophytum bio 60 comprimés  Dietaroma;3460341520273;;0;2026-08-13 12:11:49
1854;115346;Diabolo menthe Vitamont 33cl;https://www.etiketbio.eu/harpagophytum/24355-super-diet-harpagophytum-bio-20-ampoules-3428881221203.html;Harpagophytum bio 20 ampoules Superdiet;3428881221203;;0;2026-08-13 12:11:49
1855;115346;Diabolo menthe Vitamont 33cl;https://www.etiketbio.eu/croquettes-bio-chien/30466-croquettes-seniors-chiens-2kg-yarrah-8714265000331.html;Croquettes senior chien poulet bio – Yarrah 2 kg;8714265000331;;0;2026-08-13 12:11:49
1856;115346;Diabolo menthe Vitamont 33cl;https://www.etiketbio.eu/harpagophytum/22645-super-diet-prele-harpago-bio-80-cps-3428881115601.html;Prêle Harpago bio 80 comprimés Superdiet;3428881115601;;0;2026-08-13 12:11:50
1857;18232;Mini cocktail de fruits Vitamont 25CL;https://www.etiketbio.eu/jus-multi-fruits/7280-vitamont-mini-cocktail-de-fruits-25cl-3289196470041.html;Mini cocktail de fruits 25cl;3289196470041;;718;2026-08-13 12:12:40
1858;18232;Mini cocktail de fruits Vitamont 25CL;https://www.etiketbio.eu/jus-de-raisins/7272-vitamont-mini-pur-jus-de-raisin-25cl-3289196400185.html;Mini jus raisin bio Vitamont 25cl;3289196400185;;329;2026-08-13 12:12:40
1859;18232;Mini cocktail de fruits Vitamont 25CL;https://www.etiketbio.eu/jus-de-citron-bio/21983-vitamont-jus-de-citron-25cl-3289196400178.html;Mini jus citron bio Vitamont 25cl;3289196400178;;357;2026-08-13 12:12:40
1860;18232;Mini cocktail de fruits Vitamont 25CL;https://www.etiketbio.eu/jus-de-fruits/7279-vitamont-mini-pur-jus-dananas-25cl-3289196470034.html;Mini pur jus d'ananas 25cl;3289196470034;;161;2026-08-13 12:12:40
1862;84999;Jus multifruit Vitamont 25cl;https://www.etiketbio.eu/jus-multi-fruits/20009-vitamont-mini-jus-multifruits-25cl-3289196400291.html;Mini jus multifruits 25cl Vitamont;3289196400291;;542;2026-08-13 12:12:57
1863;84999;Jus multifruit Vitamont 25cl;https://www.etiketbio.eu/jus-multi-fruits/7280-vitamont-mini-cocktail-de-fruits-25cl-3289196470041.html;Mini cocktail de fruits 25cl;3289196470041;;107;2026-08-13 12:12:57
1867;30167;Jus de betterave lactofermenté Vitamont 75cl;https://www.etiketbio.eu/jus-lactofermentes/7321-vitamont-pur-jus-de-betterave-lactofermente-75cl-3289196500618.html;Pur jus betterave lactofermenté Vitamont 75cl;3289196500618;;768;2026-08-13 12:13:48
1868;30167;Jus de betterave lactofermenté Vitamont 75cl;https://www.etiketbio.eu/jus-lactofermentes/14466-vitamont-pur-jus-de-legumes-lactofermentes-75cl-3289196500625.html;Pur jus de légumes lactofermentés 75cl Vitamont;3289196500625;;427;2026-08-13 12:13:48
1869;770;Jus de betterave Vitamont 75cl;https://www.etiketbio.eu/jus-lactofermentes/7321-vitamont-pur-jus-de-betterave-lactofermente-75cl-3289196500618.html;Pur jus betterave lactofermenté Vitamont 75cl;3289196500618;;480;2026-08-13 12:13:57
1870;770;Jus de betterave Vitamont 75cl;https://www.etiketbio.eu/jus-de-betterave/7289-vitamont-jus-de-betterave-normandie-75cl-3289196500052.html;Jus betterave Normandie Vitamont 75cl;3289196500052;;645;2026-08-13 12:13:57
1871;770;Jus de betterave Vitamont 75cl;https://www.etiketbio.eu/jus-lactofermentes/14466-vitamont-pur-jus-de-legumes-lactofermentes-75cl-3289196500625.html;Pur jus de légumes lactofermentés 75cl Vitamont;3289196500625;;341;2026-08-13 12:13:57
1872;766;Cockatil multifruits Vita12 Vitamont 75cl;https://www.etiketbio.eu/jus-multi-fruits/7303-vitamont-cocktail-vita-12-multifruits-75cl-3289196500328.html;Cocktail vita 12 (multifruits) 75cl;3289196500328;;314;2026-08-13 12:14:05
1873;766;Cockatil multifruits Vita12 Vitamont 75cl;https://www.etiketbio.eu/jus-multi-fruits/30658-bioc-multifruits-jaune-75cl-4015533067402.html;BioC Multifruits Jaune 75cl bio – Voelkel;4015533067402;;192;2026-08-13 12:14:06
1874;766;Cockatil multifruits Vita12 Vitamont 75cl;https://www.etiketbio.eu/jus-multi-fruits/14153-vitamont-cocktail-ananas-litchi-passion-75cl-3289196500175.html;Cocktail ananas litchi passion 75cl;3289196500175;;111;2026-08-13 12:14:06
1875;766;Cockatil multifruits Vita12 Vitamont 75cl;https://www.etiketbio.eu/jus-de-fruits/18884-vitamont-tetra-cocktail-junior-fraise-20cl-3289196260246.html;Cocktail Junior Fraise Bio 20cl – Vitamont;3289196260246;;107;2026-08-13 12:14:06
1876;766;Cockatil multifruits Vita12 Vitamont 75cl;https://www.etiketbio.eu/jus-multi-fruits/7302-vitamont-cocktail-fruits-rouges-75cl-3289196500311.html;Cocktail fruits rouges 75cl;3289196500311;;124;2026-08-13 12:14:06
1877;766;Cockatil multifruits Vita12 Vitamont 75cl;https://www.etiketbio.eu/jus-de-fruits/7318-vitamont-pur-jus-dananas-75cl-3289196500588.html;Pur jus d'ananas 75cl;3289196500588;;66;2026-08-13 12:14:06
1878;766;Cockatil multifruits Vita12 Vitamont 75cl;https://www.etiketbio.eu/jus-de-raisins/7272-vitamont-mini-pur-jus-de-raisin-25cl-3289196400185.html;Mini jus raisin bio Vitamont 25cl;3289196400185;;95;2026-08-13 12:14:06
1879;766;Cockatil multifruits Vita12 Vitamont 75cl;https://www.etiketbio.eu/jus-de-grenade-bio/7296-vitamont-pur-jus-de-grenade-non-filtre-1l-3289196500212.html;Pur jus grenade bio Vitamont 1L;3289196500212;;79;2026-08-13 12:14:06
1880;766;Cockatil multifruits Vita12 Vitamont 75cl;https://www.etiketbio.eu/jus-de-raisins/7256-vitamont-pur-jus-de-raisin-1l-3289196260338.html;Tetra jus raisin bio Vitamont 1L;3289196260338;;91;2026-08-13 12:14:07
1881;766;Cockatil multifruits Vita12 Vitamont 75cl;https://www.etiketbio.eu/jus-de-fruits/7311-vitamont-nectar-de-goyave-de-martinique-75cl-3289196500458.html;Nectar de goyave de martinique 75cl;3289196500458;;66;2026-08-13 12:14:07
1882;766;Cockatil multifruits Vita12 Vitamont 75cl;https://www.etiketbio.eu/petillants-a-base-de-fruits/7443-coteaux-nantais-apibul-pomme-fruits-de-la-passion-demeter-75cl-3301591001559.html;Apibul pomme passion Côteaux Nantais 75cl;3301591001559;;73;2026-08-13 12:14:07
1883;766;Cockatil multifruits Vita12 Vitamont 75cl;https://www.etiketbio.eu/jus-de-fruits/25858-vitamont-jus-clementine-citron-vert-gingembre-75cl-3289196501059.html;Jus clementine citron vert gingembre 75cl;3289196501059;;73;2026-08-13 12:14:07
1884;766;Cockatil multifruits Vita12 Vitamont 75cl;https://www.etiketbio.eu/petillants-a-base-de-fruits/7427-coteaux-nantais-apibul-myrtille-75cl-3301591000231.html;Apibul pommes myrtilles Côteaux Nantais 75cl;3301591000231;;71;2026-08-13 12:14:07
1885;766;Cockatil multifruits Vita12 Vitamont 75cl;https://www.etiketbio.eu/petillants-a-base-de-fruits/28713-apibul-nature-75cl-3301591000057.html;Apibul nature Côteaux Nantais 75cl;3301591000057;;91;2026-08-13 12:14:07
1886;766;Cockatil multifruits Vita12 Vitamont 75cl;https://www.etiketbio.eu/jus-d-orange-et-agrumes/7258-vitamont-tetra-cocktail-orange-carotte-citron-20cl-3289196260383.html;Tetra cocktail orange carotte citron 20cl;3289196260383;;0;2026-08-13 12:14:07
1887;766;Cockatil multifruits Vita12 Vitamont 75cl;https://www.etiketbio.eu/jus-multi-fruits/7280-vitamont-mini-cocktail-de-fruits-25cl-3289196470041.html;Mini cocktail de fruits 25cl;3289196470041;;0;2026-08-13 12:14:07
1888;766;Cockatil multifruits Vita12 Vitamont 75cl;https://www.etiketbio.eu/jus-multi-fruits/7262-vitamont-cocktail-junior-20cl-3289196260468.html;Cocktail junior 20cl;3289196260468;;0;2026-08-13 12:14:08
1889;766;Cockatil multifruits Vita12 Vitamont 75cl;https://www.etiketbio.eu/jus-de-fruits/28711-cocktail-5-fruits-1l-3289196500373.html;Cocktail 5 fruits 1l;3289196500373;;0;2026-08-13 12:14:08
1890;766;Cockatil multifruits Vita12 Vitamont 75cl;https://www.etiketbio.eu/jus-de-fruits/7279-vitamont-mini-pur-jus-dananas-25cl-3289196470034.html;Mini pur jus d'ananas 25cl;3289196470034;;0;2026-08-13 12:14:08
1891;766;Cockatil multifruits Vita12 Vitamont 75cl;https://www.etiketbio.eu/jus-lactofermentes/29522-cocktail-bien-etre-avec-des-jus-lactofermentes-demeter-70cl-4015533044588.html;Cocktail Bien-Être Lactofermenté 70 cl Voelkel;4015533044588;;0;2026-08-13 12:14:08
1892;766;Cockatil multifruits Vita12 Vitamont 75cl;https://www.etiketbio.eu/huiles/30272-huile-melange-3-noix-bio-250ml-3291960019417.html;Huile 3 noix bio 250 ml – Cocktail oméga 3-6-9 Émile Noël;3291960019417;;0;2026-08-13 12:14:08
1893;766;Cockatil multifruits Vita12 Vitamont 75cl;https://www.etiketbio.eu/melanges-de-fruits-secs-bio/22538-rapunzel-cocktail-etudiant-250g-4006040024804.html;Cocktail etudiant 250g;4006040024804;;0;2026-08-13 12:14:08
1894;766;Cockatil multifruits Vita12 Vitamont 75cl;https://www.etiketbio.eu/plats-prepares/9295-danival-salade-mexicaine-180g-3431590012727.html;Salade mexicaine 180g;3431590012727;;0;2026-08-13 12:14:08
1895;766;Cockatil multifruits Vita12 Vitamont 75cl;https://www.etiketbio.eu/huile-d-olive/7383-emile-noel-huile-vierge-colza-olive-1l-3291960009852.html;Huile vierge colza/olive bio Émile Noël 1L;3291960009852;;0;2026-08-13 12:14:08
1896;766;Cockatil multifruits Vita12 Vitamont 75cl;https://www.etiketbio.eu/jus-de-cranberry-bio/7805-pur-jus-de-cranberry-1l-3335880007717.html;Pur jus cranberry bio Prosain 1L;3335880007717;;0;2026-08-13 12:14:09
1897;766;Cockatil multifruits Vita12 Vitamont 75cl;https://www.etiketbio.eu/jus-de-tomate/24035-luce-jus-de-tomates-sans-sel-1l-3329489901576.html;Jus de tomates sans sel Luce 1L;3329489901576;;0;2026-08-13 12:14:09
1898;766;Cockatil multifruits Vita12 Vitamont 75cl;https://www.etiketbio.eu/jus-de-cranberry-bio/12017-prosain-jus-de-cranberry-50cl-3335880007816.html;Pur jus cranberry bio Prosain 50cl;3335880007816;;0;2026-08-13 12:14:09
1899;766;Cockatil multifruits Vita12 Vitamont 75cl;https://www.etiketbio.eu/sodas/6363-lemonaid-lemonaid-fruit-de-la-passion-33cl-0000042282143.html;Lemonaid fruit de la passion 33cl;0000042282143;;0;2026-08-13 12:14:09
1900;766;Cockatil multifruits Vita12 Vitamont 75cl;https://www.etiketbio.eu/huile-d-olive/7382-emile-noel-huile-colza-olive-bio-50cl-3291960009845.html;Huile colza/olive bio 50cl;3291960009845;;0;2026-08-13 12:14:09
1901;766;Cockatil multifruits Vita12 Vitamont 75cl;https://www.etiketbio.eu/collagene/29139-beauty-collagene-origine-marine-acide-hyaluronique-saveur-mojito-poudre-240-g-5400706618724.html;Collagène Marin Matcha Mojito 240g - Purasana;5400706618724;;0;2026-08-13 12:14:09
1902;766;Cockatil multifruits Vita12 Vitamont 75cl;https://www.etiketbio.eu/peaux-normales-soins-hydratant/17021-puraloe-creme-visage-intense-aloe-vera-50-ml-3464660001628.html;Creme visage intense aloe vera 50 ml;3464660001628;;0;2026-08-13 12:14:09
1903;766;Cockatil multifruits Vita12 Vitamont 75cl;https://www.etiketbio.eu/shampooing/22458-coslys-shampooing-douche-fruits-rouges-750ml-3538396154504.html;Shampooing douche fruits rouges 750ml;3538396154504;;0;2026-08-13 12:14:09
1905;30456;Pur jus de cranberry BIO Prosain 1L;https://www.etiketbio.eu/jus-de-cranberry-bio/7805-pur-jus-de-cranberry-1l-3335880007717.html;Pur jus cranberry bio Prosain 1L;3335880007717;;819;2026-08-13 12:19:20
1906;30456;Pur jus de cranberry BIO Prosain 1L;https://www.etiketbio.eu/jus-de-cranberry-bio/12017-prosain-jus-de-cranberry-50cl-3335880007816.html;Pur jus cranberry bio Prosain 50cl;3335880007816;;642;2026-08-13 12:19:20
1907;30456;Pur jus de cranberry BIO Prosain 1L;https://www.etiketbio.eu/jus-de-fruits/7810-prosain-pur-jus-5-superfruits-50cl-3335880007922.html;Pur jus 5 superfruits 50cl;3335880007922;;112;2026-08-13 12:19:20
1909;13218;Pur Jus de Cranberry bio Prosain 50CL;https://www.etiketbio.eu/jus-de-cranberry-bio/12017-prosain-jus-de-cranberry-50cl-3335880007816.html;Pur jus cranberry bio Prosain 50cl;3335880007816;;821;2026-08-13 12:20:11
1910;13218;Pur Jus de Cranberry bio Prosain 50CL;https://www.etiketbio.eu/jus-de-fruits/7810-prosain-pur-jus-5-superfruits-50cl-3335880007922.html;Pur jus 5 superfruits 50cl;3335880007922;;190;2026-08-13 12:20:11
1911;20374;Pur jus de cassis Prosain 50CL;https://www.etiketbio.eu/jus-de-fruits/7810-prosain-pur-jus-5-superfruits-50cl-3335880007922.html;Pur jus 5 superfruits 50cl;3335880007922;;250;2026-08-13 12:20:28
1912;20374;Pur jus de cassis Prosain 50CL;https://www.etiketbio.eu/jus-de-fruits/7809-prosain-jus-de-cassis-50cl-3335880007908.html;Jus de cassis 50cl;3335880007908;;500;2026-08-13 12:20:28
1914;30153;Haricots verts extra-fins  Prosain 345g;https://www.etiketbio.eu/haricots-verts-haricots-beurre-bio/18304-prosain-haricots-verts-extra-fins-hyposodes-345g-3335880004013.html;Haricots verts bio sans sel 345g – Prosain;3335880004013;;425;2026-08-13 12:22:24
1915;30153;Haricots verts extra-fins  Prosain 345g;https://www.etiketbio.eu/haricots-verts-haricots-beurre-bio/7741-prosain-haricots-verts-extra-fins-345g-3335880004624.html;Haricots verts bio Prosain 345g;3335880004624;;560;2026-08-13 12:22:25
1924;17328;Raviolis aux légumes sauce toscane Prosain 1kg;https://www.etiketbio.eu/plats-prepares/7793-prosain-ravioli-legumes-sauce-toscane-680g-3335880006512.html;Ravioli legumes sauce toscane 680g;3335880006512;;332;2026-08-13 12:26:22
1925;17328;Raviolis aux légumes sauce toscane Prosain 1kg;https://www.etiketbio.eu/plats-prepares/17687-prosain-raviolis-legumes-toscane-365g-3335880006369.html;Raviolis legumes toscane 365g;3335880006369;;297;2026-08-13 12:26:22
1926;17329;Couscous aux 7 légumes Prosain 1kg;https://www.etiketbio.eu/plats-prepares/7856-prosain-couscous-aux-7-legumes-1kg-3358800062399.html;Couscous aux 7 legumes 1kg;3358800062399;;722;2026-08-13 12:26:39
1927;17329;Couscous aux 7 légumes Prosain 1kg;https://www.etiketbio.eu/plats-prepares/7788-prosain-couscous-aux-7-legumes-680g-3335880006208.html;Couscous aux 7 legumes 680g;3335880006208;;525;2026-08-13 12:26:39
1930;92008;Karma Ginger beer Original 75CL;https://www.etiketbio.eu/chocolat-patissier-bio/9561-kaoka-chocolat-noir-dessert-patissier-cacao-200g-3477730001121.html;Chocolat noir pâtissier 58% Kaoka;3477730001121;;0;2026-08-13 12:27:21
1931;92008;Karma Ginger beer Original 75CL;https://www.etiketbio.eu/compote-bebe-bio/30229-banana-lama-gourde-banane-pomme-mangue-et-abricot-demeter-100g-7640161877214.html;Gourde bébé banane pomme mangue abricot 100g – Holle;7640161877214;;0;2026-08-13 12:27:21
1932;92008;Karma Ginger beer Original 75CL;https://www.etiketbio.eu/anti-fatigue-stimulant/30550-green-magma-100-jus-celnat-150g-3273120027616.html;Green Magma 100% jus bio 150g - Celnat;3273120027616;;0;2026-08-13 12:27:21
1933;92008;Karma Ginger beer Original 75CL;https://www.etiketbio.eu/barres/22534-rapunzel-barre-aux-fruits-ayurveda-40gr-4006040371311.html;Barre aux fruits ayurveda 40gr;4006040371311;;0;2026-08-13 12:27:22
1934;92008;Karma Ginger beer Original 75CL;https://www.etiketbio.eu/peau/30109-huile-essentielle-ylang-ylang10-ml-3760197413331.html;Huile essentielle Ylang Ylang bio Ad Naturam 10 ml;3760197413331;;0;2026-08-13 12:27:22
1942;1407;Aubergines cuisinées à la tomate Prosain 650g;https://www.etiketbio.eu/aubergine-bio-/7783-prosain-aubergines-cuisinees-a-la-tomate-650g-3335880006055.html;Aubergines cuisinees a la tomate 650g;3335880006055;;774;2026-08-13 12:29:13
1943;1407;Aubergines cuisinées à la tomate Prosain 650g;https://www.etiketbio.eu/plats-prepares/7779-prosain-riste-daubergines-650g-3335880005997.html;Riste d'aubergines 650g;3335880005997;;85;2026-08-13 12:29:13
1945;1406;Aubergines cuisinées à la tomate Prosain 345g;https://www.etiketbio.eu/aubergine-bio-/7855-prosain-aubergines-cuisinees-a-la-tomate-345g-3358800005112.html;Aubergines cuisinees a la tomate 345g;3358800005112;;774;2026-08-13 12:30:03
1946;1406;Aubergines cuisinées à la tomate Prosain 345g;https://www.etiketbio.eu/plats-prepares/7751-prosain-riste-daubergines-345g-3335880004785.html;Riste d'aubergines 345g;3335880004785;;85;2026-08-13 12:30:03
1950;1082;Tofou fumé au bois de hêtre bio Soy 2x100g;https://www.etiketbio.eu/plats-prepares/6851-soy-salade-de-lentilles-epeautre-tofu-fume-220g-3259011178919.html;Salade de lentilles, epeautre & tofu fume 220g;3259011178919;;120;2026-08-13 12:31:42
1951;1082;Tofou fumé au bois de hêtre bio Soy 2x100g;https://www.etiketbio.eu/vinaigres/19934-celnat-assaisonnement-au-riz-complet-3273120019581.html;Assaisonnement au riz complet bio Celnat 50cl;3273120019581;;77;2026-08-13 12:31:42
1952;1082;Tofou fumé au bois de hêtre bio Soy 2x100g;https://www.etiketbio.eu/riz-thai/22600-celnat-riz-thai-complet-500g-3273120017082.html;Riz thaï complet bio Celnat 500g;3273120017082;;48;2026-08-13 12:31:43
1953;1082;Tofou fumé au bois de hêtre bio Soy 2x100g;https://www.etiketbio.eu/riz-de-camargue-bio/8196-primeal-riz-de-camargue-rouge-500g-3380390010306.html;Riz de Camargue rouge IGP bio Priméal 500g;3380390010306;;101;2026-08-13 12:31:43
1954;1082;Tofou fumé au bois de hêtre bio Soy 2x100g;https://www.etiketbio.eu/herbes-aromates-bio/30764-herbes-de-provence-flocon-sans-marjolaine-20g-cook-arcadie-3417960022732.html;Herbes de Provence bio Cook 20g;3417960022732;;122;2026-08-13 12:31:43
1955;1082;Tofou fumé au bois de hêtre bio Soy 2x100g;https://www.etiketbio.eu/herbes-aromates-bio/8944-cook-sarriettte-feuilles-20g-3417960023074.html;Sarriette feuilles bio Cook 20g;3417960023074;;52;2026-08-13 12:31:43
1956;1082;Tofou fumé au bois de hêtre bio Soy 2x100g;https://www.etiketbio.eu/herbes-aromates-bio/30768-eco-recharge-herbes-de-provence-20g-cook-arcadie-3417960042051.html;Herbes de Provence bio Cook 20g;3417960042051;;122;2026-08-13 12:31:43
1957;1082;Tofou fumé au bois de hêtre bio Soy 2x100g;https://www.etiketbio.eu/melanges-epices-bio/16355-cook-tandoori-35g-3417960035367.html;Tandoori bio Cook 35g;3417960035367;;42;2026-08-13 12:31:43
1958;1082;Tofou fumé au bois de hêtre bio Soy 2x100g;https://www.etiketbio.eu/melanges-epices-bio/25595-cook-melange-grillades-40gr-3417960045199.html;Mélange grillades bio Cook 40g;3417960045199;;46;2026-08-13 12:31:43
1959;1082;Tofou fumé au bois de hêtre bio Soy 2x100g;https://www.etiketbio.eu/melanges-epices-bio/23759-cook-melange-marinade-55g-3417960039136.html;Mélange marinade bio Cook 55g;3417960039136;;44;2026-08-13 12:31:43
1960;1082;Tofou fumé au bois de hêtre bio Soy 2x100g;https://www.etiketbio.eu/sauce-soja-bio/30214-bumbu-indonesien-pour-nasi-goreng-200g-8713576003390.html;Bumbu nasi goreng bio TerraSana 200g;8713576003390;;54;2026-08-13 12:31:44
1961;1082;Tofou fumé au bois de hêtre bio Soy 2x100g;https://www.etiketbio.eu/mascara/27311-mascara-black-too-black-volume-extra-noir-8051411364832.html;Mascara Black Too Black PuroBio – volume extra;8051411364832;;0;2026-08-13 12:31:44
1962;1082;Tofou fumé au bois de hêtre bio Soy 2x100g;https://www.etiketbio.eu/specialites/30211-ramen-de-riz-blanc-280g-autour-du-riz-3760275572547.html;Ramen de riz blanc bio 280g Autour du Riz;3760275572547;;118;2026-08-13 12:31:44
1963;1082;Tofou fumé au bois de hêtre bio Soy 2x100g;https://www.etiketbio.eu/pois-chiches-bio-en-conserve/7744-prosain-pois-chiches-345g-3335880004655.html;Pois chiches bio Prosain 345g;3335880004655;;41;2026-08-13 12:31:44
1964;1082;Tofou fumé au bois de hêtre bio Soy 2x100g;https://www.etiketbio.eu/flageolets-bio-/7747-prosain-flageolets-prepares-345g-3335880004709.html;Flageolets bio 345g préparés – Prosain;3335880004709;;43;2026-08-13 12:31:44
1965;1082;Tofou fumé au bois de hêtre bio Soy 2x100g;https://www.etiketbio.eu/melanges-epices-bio/16357-cook-melange-thai-35g-3417960037941.html;Mélange thaï bio Cook 35g;3417960037941;;43;2026-08-13 12:31:44
1966;1082;Tofou fumé au bois de hêtre bio Soy 2x100g;https://www.etiketbio.eu/assaisonnements-bio/29887-sauce-umami-145ml-8713576271300.html;Sauce umami bio 145 ml TerraSana;8713576271300;;45;2026-08-13 12:31:44
1967;1082;Tofou fumé au bois de hêtre bio Soy 2x100g;https://www.etiketbio.eu/cereales-bio-grand-format/25316-markal-soja-jaune-3-kg-3329484511039.html;Soja jaune bio 3kg - Markal;3329484511039;;43;2026-08-13 12:31:44
1968;1082;Tofou fumé au bois de hêtre bio Soy 2x100g;https://www.etiketbio.eu/vinaigres/20513-lima-ume-su-vinaigre-de-prune-250ml-5411788048729.html;Ume-su vinaigre de prune bio 250ml Lima;5411788048729;;99;2026-08-13 12:31:45
1969;1082;Tofou fumé au bois de hêtre bio Soy 2x100g;https://www.etiketbio.eu/sauce-tomate-preparee/7772-prosain-sauce-tomate-au-basilic-200g-3335880005843.html;Sauce tomate basilic bio Prosain 200g;3335880005843;;56;2026-08-13 12:31:45
1970;1082;Tofou fumé au bois de hêtre bio Soy 2x100g;https://www.etiketbio.eu/aides-culinaires/30213-sauce-indienne-curry-tikka-masala-350g-8713576002812.html;Sauce tikka masala bio TerraSana 350g;8713576002812;;48;2026-08-13 12:31:45
1971;1082;Tofou fumé au bois de hêtre bio Soy 2x100g;https://www.etiketbio.eu/chocolat-noir-bio/14980-tablette-chocolat-noir-togo-85-80g-3396411233692.html;Chocolat noir Togo 85% Bonneterre;3396411233692;;0;2026-08-13 12:31:45
1972;1082;Tofou fumé au bois de hêtre bio Soy 2x100g;https://www.etiketbio.eu/melanges-prparations/27215-pot-tofu-celnat-250g-3273120031736.html;Pot - tofu celnat 250g;3273120031736;;0;2026-08-13 12:31:45
1973;1082;Tofou fumé au bois de hêtre bio Soy 2x100g;https://www.etiketbio.eu/soja-bio-/20841-soja-jaune-depellicule-france-500g-celnat-3273120012728.html;Soja jaune dépelliculé Celnat 500g;3273120012728;;0;2026-08-13 12:31:45
1974;1082;Tofou fumé au bois de hêtre bio Soy 2x100g;https://www.etiketbio.eu/sauce-tomate-preparee/25223-prosain-sauce-tomate-a-lail-roti-360gr-3335880007267.html;Sauce tomate ail rôti Prosain 360g;3335880007267;;0;2026-08-13 12:31:45
1975;1082;Tofou fumé au bois de hêtre bio Soy 2x100g;https://www.etiketbio.eu/plats-prepares/25186-soy-yakisoba-petits-legumes-tofu-citron-vert-gingembre-doypack-240gr-3175681295766.html;Yakisoba petits legumes tofu citron vert gingembre...;3175681295766;;0;2026-08-13 12:31:45
1976;1082;Tofou fumé au bois de hêtre bio Soy 2x100g;https://www.etiketbio.eu/plats-prepares/7726-prosain-cocotte-a-lindienne-360g-3335880004129.html;Cocotte a l'indienne 360g;3335880004129;;0;2026-08-13 12:31:46
1977;1082;Tofou fumé au bois de hêtre bio Soy 2x100g;https://www.etiketbio.eu/plats-prepares/23275-karine-et-jeff-moussaka-aubergines-tofu-360g-3760052237171.html;Moussaka aubergines tofu 360g;3760052237171;;0;2026-08-13 12:31:46
1978;1082;Tofou fumé au bois de hêtre bio Soy 2x100g;https://www.etiketbio.eu/granola-crunchy-krounchy/9028-grillon-dor-krounchy-too-chocolat-500g-3421557110214.html;Krounchy duo chocolat Grillon d’Or 500g;3421557110214;;0;2026-08-13 12:31:46
1979;1082;Tofou fumé au bois de hêtre bio Soy 2x100g;https://www.etiketbio.eu/plats-prepares/7794-prosain-raviolis-tofu-basilic-680g-3335880006529.html;Raviolis tofu/basilic 680g;3335880006529;;0;2026-08-13 12:31:46
1980;1082;Tofou fumé au bois de hêtre bio Soy 2x100g;https://www.etiketbio.eu/nigari/21875-celnat-nigari-kilo-3273120013671.html;Nigari Celnat 1kg – chlorure de magnésium;3273120013671;;38;2026-08-13 12:31:46
1981;1082;Tofou fumé au bois de hêtre bio Soy 2x100g;https://www.etiketbio.eu/soja-bio-/7597-markal-soja-jaune-non-depellicule-500g-3329484511206.html;Soja jaune non dépelliculé 500g Markal;3329484511206;;0;2026-08-13 12:31:46
1983;1081;Tofou nature bio Soy 2x125g;https://www.etiketbio.eu/riz-thai/22600-celnat-riz-thai-complet-500g-3273120017082.html;Riz thaï complet bio Celnat 500g;3273120017082;;79;2026-08-13 12:32:04
1984;1081;Tofou nature bio Soy 2x125g;https://www.etiketbio.eu/vinaigres/19934-celnat-assaisonnement-au-riz-complet-3273120019581.html;Assaisonnement au riz complet bio Celnat 50cl;3273120019581;;48;2026-08-13 12:32:04
1985;1081;Tofou nature bio Soy 2x125g;https://www.etiketbio.eu/riz-de-camargue-bio/8196-primeal-riz-de-camargue-rouge-500g-3380390010306.html;Riz de Camargue rouge IGP bio Priméal 500g;3380390010306;;54;2026-08-13 12:32:04
1986;1081;Tofou nature bio Soy 2x125g;https://www.etiketbio.eu/mascara/27311-mascara-black-too-black-volume-extra-noir-8051411364832.html;Mascara Black Too Black PuroBio – volume extra;8051411364832;;0;2026-08-13 12:32:04
1987;1081;Tofou nature bio Soy 2x125g;https://www.etiketbio.eu/specialites/30211-ramen-de-riz-blanc-280g-autour-du-riz-3760275572547.html;Ramen de riz blanc bio 280g Autour du Riz;3760275572547;;42;2026-08-13 12:32:04
1988;1081;Tofou nature bio Soy 2x125g;https://www.etiketbio.eu/herbes-aromates-bio/8944-cook-sarriettte-feuilles-20g-3417960023074.html;Sarriette feuilles bio Cook 20g;3417960023074;;83;2026-08-13 12:32:04
1989;1081;Tofou nature bio Soy 2x125g;https://www.etiketbio.eu/assaisonnements-bio/29887-sauce-umami-145ml-8713576271300.html;Sauce umami bio 145 ml TerraSana;8713576271300;;79;2026-08-13 12:32:04
1990;1081;Tofou nature bio Soy 2x125g;https://www.etiketbio.eu/vinaigres/20513-lima-ume-su-vinaigre-de-prune-250ml-5411788048729.html;Ume-su vinaigre de prune bio 250ml Lima;5411788048729;;53;2026-08-13 12:32:05
1991;1081;Tofou nature bio Soy 2x125g;https://www.etiketbio.eu/pois-chiches-bio-en-conserve/7744-prosain-pois-chiches-345g-3335880004655.html;Pois chiches bio Prosain 345g;3335880004655;;86;2026-08-13 12:32:05
1992;1081;Tofou nature bio Soy 2x125g;https://www.etiketbio.eu/flageolets-bio-/7747-prosain-flageolets-prepares-345g-3335880004709.html;Flageolets bio 345g préparés – Prosain;3335880004709;;89;2026-08-13 12:32:05
1993;1081;Tofou nature bio Soy 2x125g;https://www.etiketbio.eu/herbes-aromates-bio/30764-herbes-de-provence-flocon-sans-marjolaine-20g-cook-arcadie-3417960022732.html;Herbes de Provence bio Cook 20g;3417960022732;;69;2026-08-13 12:32:05
1994;1081;Tofou nature bio Soy 2x125g;https://www.etiketbio.eu/plats-prepares/6851-soy-salade-de-lentilles-epeautre-tofu-fume-220g-3259011178919.html;Salade de lentilles, epeautre & tofu fume 220g;3259011178919;;0;2026-08-13 12:32:05
1995;1081;Tofou nature bio Soy 2x125g;https://www.etiketbio.eu/herbes-aromates-bio/30768-eco-recharge-herbes-de-provence-20g-cook-arcadie-3417960042051.html;Herbes de Provence bio Cook 20g;3417960042051;;69;2026-08-13 12:32:05
1996;1081;Tofou nature bio Soy 2x125g;https://www.etiketbio.eu/melanges-epices-bio/16355-cook-tandoori-35g-3417960035367.html;Tandoori bio Cook 35g;3417960035367;;100;2026-08-13 12:32:05
1997;1081;Tofou nature bio Soy 2x125g;https://www.etiketbio.eu/melanges-epices-bio/16357-cook-melange-thai-35g-3417960037941.html;Mélange thaï bio Cook 35g;3417960037941;;85;2026-08-13 12:32:05
1998;1081;Tofou nature bio Soy 2x125g;https://www.etiketbio.eu/melanges-epices-bio/25595-cook-melange-grillades-40gr-3417960045199.html;Mélange grillades bio Cook 40g;3417960045199;;70;2026-08-13 12:32:06
1999;1081;Tofou nature bio Soy 2x125g;https://www.etiketbio.eu/melanges-epices-bio/23759-cook-melange-marinade-55g-3417960039136.html;Mélange marinade bio Cook 55g;3417960039136;;79;2026-08-13 12:32:06
2000;1081;Tofou nature bio Soy 2x125g;https://www.etiketbio.eu/cereales-bio-grand-format/25316-markal-soja-jaune-3-kg-3329484511039.html;Soja jaune bio 3kg - Markal;3329484511039;;92;2026-08-13 12:32:06
2001;1081;Tofou nature bio Soy 2x125g;https://www.etiketbio.eu/sauce-soja-bio/30214-bumbu-indonesien-pour-nasi-goreng-200g-8713576003390.html;Bumbu nasi goreng bio TerraSana 200g;8713576003390;;74;2026-08-13 12:32:06
2002;1081;Tofou nature bio Soy 2x125g;https://www.etiketbio.eu/sauce-tomate-preparee/7772-prosain-sauce-tomate-au-basilic-200g-3335880005843.html;Sauce tomate basilic bio Prosain 200g;3335880005843;;73;2026-08-13 12:32:06
2003;1081;Tofou nature bio Soy 2x125g;https://www.etiketbio.eu/aides-culinaires/30213-sauce-indienne-curry-tikka-masala-350g-8713576002812.html;Sauce tikka masala bio TerraSana 350g;8713576002812;;73;2026-08-13 12:32:06
2004;1081;Tofou nature bio Soy 2x125g;https://www.etiketbio.eu/chocolat-noir-bio/14980-tablette-chocolat-noir-togo-85-80g-3396411233692.html;Chocolat noir Togo 85% Bonneterre;3396411233692;;0;2026-08-13 12:32:06
2005;1081;Tofou nature bio Soy 2x125g;https://www.etiketbio.eu/melanges-prparations/27215-pot-tofu-celnat-250g-3273120031736.html;Pot - tofu celnat 250g;3273120031736;;0;2026-08-13 12:32:06
2006;1081;Tofou nature bio Soy 2x125g;https://www.etiketbio.eu/shampoing-solide-bio/8015-douce-nature-fleur-shampooing-cheveux-normaux-85g-cc-3380380058561.html;Fleur shampooing cheveux normaux 85g;3380380058561;;0;2026-08-13 12:32:07
2007;1081;Tofou nature bio Soy 2x125g;https://www.etiketbio.eu/soja-bio-/20841-soja-jaune-depellicule-france-500g-celnat-3273120012728.html;Soja jaune dépelliculé Celnat 500g;3273120012728;;0;2026-08-13 12:32:07
2008;1081;Tofou nature bio Soy 2x125g;https://www.etiketbio.eu/plats-prepares/25186-soy-yakisoba-petits-legumes-tofu-citron-vert-gingembre-doypack-240gr-3175681295766.html;Yakisoba petits legumes tofu citron vert gingembre...;3175681295766;;0;2026-08-13 12:32:07
2009;1081;Tofou nature bio Soy 2x125g;https://www.etiketbio.eu/granola-crunchy-krounchy/9028-grillon-dor-krounchy-too-chocolat-500g-3421557110214.html;Krounchy duo chocolat Grillon d’Or 500g;3421557110214;;0;2026-08-13 12:32:07
2010;1081;Tofou nature bio Soy 2x125g;https://www.etiketbio.eu/nigari/21875-celnat-nigari-kilo-3273120013671.html;Nigari Celnat 1kg – chlorure de magnésium;3273120013671;;0;2026-08-13 12:32:07
2011;1081;Tofou nature bio Soy 2x125g;https://www.etiketbio.eu/plats-prepares/23275-karine-et-jeff-moussaka-aubergines-tofu-360g-3760052237171.html;Moussaka aubergines tofu 360g;3760052237171;;0;2026-08-13 12:32:07
2012;1081;Tofou nature bio Soy 2x125g;https://www.etiketbio.eu/plats-prepares/7794-prosain-raviolis-tofu-basilic-680g-3335880006529.html;Raviolis tofu/basilic 680g;3335880006529;;0;2026-08-13 12:32:07
2013;1081;Tofou nature bio Soy 2x125g;https://www.etiketbio.eu/nigari/16863-celnat-nigari-100-g-3273120013688.html;Nigari 100 g;3273120013688;;0;2026-08-13 12:32:07
2014;1081;Tofou nature bio Soy 2x125g;https://www.etiketbio.eu/soja-bio-/7597-markal-soja-jaune-non-depellicule-500g-3329484511206.html;Soja jaune non dépelliculé 500g Markal;3329484511206;;0;2026-08-13 12:32:08
2015;17441;Tofou soyeux nature bio Soy 400g;https://www.etiketbio.eu/riz-thai/22600-celnat-riz-thai-complet-500g-3273120017082.html;Riz thaï complet bio Celnat 500g;3273120017082;;83;2026-08-13 12:32:26
2016;17441;Tofou soyeux nature bio Soy 400g;https://www.etiketbio.eu/vinaigres/19934-celnat-assaisonnement-au-riz-complet-3273120019581.html;Assaisonnement au riz complet bio Celnat 50cl;3273120019581;;48;2026-08-13 12:32:26
2017;17441;Tofou soyeux nature bio Soy 400g;https://www.etiketbio.eu/riz-de-camargue-bio/8196-primeal-riz-de-camargue-rouge-500g-3380390010306.html;Riz de Camargue rouge IGP bio Priméal 500g;3380390010306;;57;2026-08-13 12:32:26
2018;17441;Tofou soyeux nature bio Soy 400g;https://www.etiketbio.eu/mascara/27311-mascara-black-too-black-volume-extra-noir-8051411364832.html;Mascara Black Too Black PuroBio – volume extra;8051411364832;;0;2026-08-13 12:32:26
2019;17441;Tofou soyeux nature bio Soy 400g;https://www.etiketbio.eu/specialites/30211-ramen-de-riz-blanc-280g-autour-du-riz-3760275572547.html;Ramen de riz blanc bio 280g Autour du Riz;3760275572547;;40;2026-08-13 12:32:26
2020;17441;Tofou soyeux nature bio Soy 400g;https://www.etiketbio.eu/herbes-aromates-bio/8944-cook-sarriettte-feuilles-20g-3417960023074.html;Sarriette feuilles bio Cook 20g;3417960023074;;74;2026-08-13 12:32:26
2021;17441;Tofou soyeux nature bio Soy 400g;https://www.etiketbio.eu/assaisonnements-bio/29887-sauce-umami-145ml-8713576271300.html;Sauce umami bio 145 ml TerraSana;8713576271300;;68;2026-08-13 12:32:26
2022;17441;Tofou soyeux nature bio Soy 400g;https://www.etiketbio.eu/vinaigres/20513-lima-ume-su-vinaigre-de-prune-250ml-5411788048729.html;Ume-su vinaigre de prune bio 250ml Lima;5411788048729;;49;2026-08-13 12:32:27
2023;17441;Tofou soyeux nature bio Soy 400g;https://www.etiketbio.eu/pois-chiches-bio-en-conserve/7744-prosain-pois-chiches-345g-3335880004655.html;Pois chiches bio Prosain 345g;3335880004655;;71;2026-08-13 12:32:27
2024;17441;Tofou soyeux nature bio Soy 400g;https://www.etiketbio.eu/flageolets-bio-/7747-prosain-flageolets-prepares-345g-3335880004709.html;Flageolets bio 345g préparés – Prosain;3335880004709;;69;2026-08-13 12:32:27
2025;17441;Tofou soyeux nature bio Soy 400g;https://www.etiketbio.eu/herbes-aromates-bio/30764-herbes-de-provence-flocon-sans-marjolaine-20g-cook-arcadie-3417960022732.html;Herbes de Provence bio Cook 20g;3417960022732;;69;2026-08-13 12:32:27
2026;17441;Tofou soyeux nature bio Soy 400g;https://www.etiketbio.eu/plats-prepares/6851-soy-salade-de-lentilles-epeautre-tofu-fume-220g-3259011178919.html;Salade de lentilles, epeautre & tofu fume 220g;3259011178919;;0;2026-08-13 12:32:27
2027;17441;Tofou soyeux nature bio Soy 400g;https://www.etiketbio.eu/herbes-aromates-bio/30768-eco-recharge-herbes-de-provence-20g-cook-arcadie-3417960042051.html;Herbes de Provence bio Cook 20g;3417960042051;;69;2026-08-13 12:32:27
2028;17441;Tofou soyeux nature bio Soy 400g;https://www.etiketbio.eu/melanges-epices-bio/16355-cook-tandoori-35g-3417960035367.html;Tandoori bio Cook 35g;3417960035367;;75;2026-08-13 12:32:27
2029;17441;Tofou soyeux nature bio Soy 400g;https://www.etiketbio.eu/melanges-epices-bio/16357-cook-melange-thai-35g-3417960037941.html;Mélange thaï bio Cook 35g;3417960037941;;64;2026-08-13 12:32:27
2030;17441;Tofou soyeux nature bio Soy 400g;https://www.etiketbio.eu/melanges-epices-bio/25595-cook-melange-grillades-40gr-3417960045199.html;Mélange grillades bio Cook 40g;3417960045199;;70;2026-08-13 12:32:28
2031;17441;Tofou soyeux nature bio Soy 400g;https://www.etiketbio.eu/melanges-epices-bio/23759-cook-melange-marinade-55g-3417960039136.html;Mélange marinade bio Cook 55g;3417960039136;;60;2026-08-13 12:32:28
2032;17441;Tofou soyeux nature bio Soy 400g;https://www.etiketbio.eu/cereales-bio-grand-format/25316-markal-soja-jaune-3-kg-3329484511039.html;Soja jaune bio 3kg - Markal;3329484511039;;76;2026-08-13 12:32:28
2033;17441;Tofou soyeux nature bio Soy 400g;https://www.etiketbio.eu/sauce-soja-bio/30214-bumbu-indonesien-pour-nasi-goreng-200g-8713576003390.html;Bumbu nasi goreng bio TerraSana 200g;8713576003390;;74;2026-08-13 12:32:28
2034;17441;Tofou soyeux nature bio Soy 400g;https://www.etiketbio.eu/sauce-tomate-preparee/7772-prosain-sauce-tomate-au-basilic-200g-3335880005843.html;Sauce tomate basilic bio Prosain 200g;3335880005843;;77;2026-08-13 12:32:28
2035;17441;Tofou soyeux nature bio Soy 400g;https://www.etiketbio.eu/aides-culinaires/30213-sauce-indienne-curry-tikka-masala-350g-8713576002812.html;Sauce tikka masala bio TerraSana 350g;8713576002812;;68;2026-08-13 12:32:28
2036;17441;Tofou soyeux nature bio Soy 400g;https://www.etiketbio.eu/chocolat-noir-bio/14980-tablette-chocolat-noir-togo-85-80g-3396411233692.html;Chocolat noir Togo 85% Bonneterre;3396411233692;;0;2026-08-13 12:32:28
2037;17441;Tofou soyeux nature bio Soy 400g;https://www.etiketbio.eu/melanges-prparations/27215-pot-tofu-celnat-250g-3273120031736.html;Pot - tofu celnat 250g;3273120031736;;0;2026-08-13 12:32:28
2038;17441;Tofou soyeux nature bio Soy 400g;https://www.etiketbio.eu/shampoing-solide-bio/8015-douce-nature-fleur-shampooing-cheveux-normaux-85g-cc-3380380058561.html;Fleur shampooing cheveux normaux 85g;3380380058561;;0;2026-08-13 12:32:29
2039;17441;Tofou soyeux nature bio Soy 400g;https://www.etiketbio.eu/soja-bio-/20841-soja-jaune-depellicule-france-500g-celnat-3273120012728.html;Soja jaune dépelliculé Celnat 500g;3273120012728;;0;2026-08-13 12:32:29
2040;17441;Tofou soyeux nature bio Soy 400g;https://www.etiketbio.eu/plats-prepares/25186-soy-yakisoba-petits-legumes-tofu-citron-vert-gingembre-doypack-240gr-3175681295766.html;Yakisoba petits legumes tofu citron vert gingembre...;3175681295766;;0;2026-08-13 12:32:29
2041;17441;Tofou soyeux nature bio Soy 400g;https://www.etiketbio.eu/granola-crunchy-krounchy/9028-grillon-dor-krounchy-too-chocolat-500g-3421557110214.html;Krounchy duo chocolat Grillon d’Or 500g;3421557110214;;0;2026-08-13 12:32:29
2042;17441;Tofou soyeux nature bio Soy 400g;https://www.etiketbio.eu/nigari/21875-celnat-nigari-kilo-3273120013671.html;Nigari Celnat 1kg – chlorure de magnésium;3273120013671;;0;2026-08-13 12:32:29
2043;17441;Tofou soyeux nature bio Soy 400g;https://www.etiketbio.eu/plats-prepares/23275-karine-et-jeff-moussaka-aubergines-tofu-360g-3760052237171.html;Moussaka aubergines tofu 360g;3760052237171;;0;2026-08-13 12:32:29
2044;17441;Tofou soyeux nature bio Soy 400g;https://www.etiketbio.eu/plats-prepares/7794-prosain-raviolis-tofu-basilic-680g-3335880006529.html;Raviolis tofu/basilic 680g;3335880006529;;0;2026-08-13 12:32:29
2045;17441;Tofou soyeux nature bio Soy 400g;https://www.etiketbio.eu/nigari/16863-celnat-nigari-100-g-3273120013688.html;Nigari 100 g;3273120013688;;0;2026-08-13 12:32:29
2046;17441;Tofou soyeux nature bio Soy 400g;https://www.etiketbio.eu/soja-bio-/7597-markal-soja-jaune-non-depellicule-500g-3329484511206.html;Soja jaune non dépelliculé 500g Markal;3329484511206;;0;2026-08-13 12:32:30
2048;7099;Tofou aux herbes Soy 2x125g;https://www.etiketbio.eu/herbes-aromates-bio/30764-herbes-de-provence-flocon-sans-marjolaine-20g-cook-arcadie-3417960022732.html;Herbes de Provence bio Cook 20g;3417960022732;;69;2026-08-13 12:32:47
2049;7099;Tofou aux herbes Soy 2x125g;https://www.etiketbio.eu/herbes-aromates-bio/30768-eco-recharge-herbes-de-provence-20g-cook-arcadie-3417960042051.html;Herbes de Provence bio Cook 20g;3417960042051;;69;2026-08-13 12:32:47
2050;7099;Tofou aux herbes Soy 2x125g;https://www.etiketbio.eu/plats-prepares/6851-soy-salade-de-lentilles-epeautre-tofu-fume-220g-3259011178919.html;Salade de lentilles, epeautre & tofu fume 220g;3259011178919;;0;2026-08-13 12:32:47
2051;7099;Tofou aux herbes Soy 2x125g;https://www.etiketbio.eu/plats-prepares/7727-prosain-sarrasin-aux-legumes-350g-3335880004136.html;Sarrasin aux legumes 350g;3335880004136;;92;2026-08-13 12:32:47
2052;7099;Tofou aux herbes Soy 2x125g;https://www.etiketbio.eu/plats-prepares/25186-soy-yakisoba-petits-legumes-tofu-citron-vert-gingembre-doypack-240gr-3175681295766.html;Yakisoba petits legumes tofu citron vert gingembre...;3175681295766;;0;2026-08-13 12:32:47
2053;7099;Tofou aux herbes Soy 2x125g;https://www.etiketbio.eu/mascara/27311-mascara-black-too-black-volume-extra-noir-8051411364832.html;Mascara Black Too Black PuroBio – volume extra;8051411364832;;0;2026-08-13 12:32:47
2054;7099;Tofou aux herbes Soy 2x125g;https://www.etiketbio.eu/shampoing-solide-bio/8015-douce-nature-fleur-shampooing-cheveux-normaux-85g-cc-3380380058561.html;Fleur shampooing cheveux normaux 85g;3380380058561;;0;2026-08-13 12:32:48
2055;7099;Tofou aux herbes Soy 2x125g;https://www.etiketbio.eu/chocolat-noir-bio/14980-tablette-chocolat-noir-togo-85-80g-3396411233692.html;Chocolat noir Togo 85% Bonneterre;3396411233692;;0;2026-08-13 12:32:48
2056;7099;Tofou aux herbes Soy 2x125g;https://www.etiketbio.eu/herbes-aromates-bio/8944-cook-sarriettte-feuilles-20g-3417960023074.html;Sarriette feuilles bio Cook 20g;3417960023074;;0;2026-08-13 12:32:48
2057;7099;Tofou aux herbes Soy 2x125g;https://www.etiketbio.eu/melanges-prparations/27215-pot-tofu-celnat-250g-3273120031736.html;Pot - tofu celnat 250g;3273120031736;;0;2026-08-13 12:32:48
2058;7099;Tofou aux herbes Soy 2x125g;https://www.etiketbio.eu/plats-prepares/23275-karine-et-jeff-moussaka-aubergines-tofu-360g-3760052237171.html;Moussaka aubergines tofu 360g;3760052237171;;0;2026-08-13 12:32:48
2059;7099;Tofou aux herbes Soy 2x125g;https://www.etiketbio.eu/plats-prepares/7794-prosain-raviolis-tofu-basilic-680g-3335880006529.html;Raviolis tofu/basilic 680g;3335880006529;;0;2026-08-13 12:32:48
2060;7099;Tofou aux herbes Soy 2x125g;https://www.etiketbio.eu/plats-prepares/7726-prosain-cocotte-a-lindienne-360g-3335880004129.html;Cocotte a l'indienne 360g;3335880004129;;0;2026-08-13 12:32:48
2061;7099;Tofou aux herbes Soy 2x125g;https://www.etiketbio.eu/melanges-epices-bio/16357-cook-melange-thai-35g-3417960037941.html;Mélange thaï bio Cook 35g;3417960037941;;0;2026-08-13 12:32:48
2062;7099;Tofou aux herbes Soy 2x125g;https://www.etiketbio.eu/granola-crunchy-krounchy/9028-grillon-dor-krounchy-too-chocolat-500g-3421557110214.html;Krounchy duo chocolat Grillon d’Or 500g;3421557110214;;0;2026-08-13 12:32:49
2063;7099;Tofou aux herbes Soy 2x125g;https://www.etiketbio.eu/pois-chiches-bio-en-conserve/24529-prosain-pois-chiches-sans-sel-230g-3335880004273.html;Pois chiches sans sel Prosain 230g;3335880004273;;0;2026-08-13 12:32:49
2064;7099;Tofou aux herbes Soy 2x125g;https://www.etiketbio.eu/nigari/21875-celnat-nigari-kilo-3273120013671.html;Nigari Celnat 1kg – chlorure de magnésium;3273120013671;;0;2026-08-13 12:32:49
2065;7099;Tofou aux herbes Soy 2x125g;https://www.etiketbio.eu/riz-thai/22600-celnat-riz-thai-complet-500g-3273120017082.html;Riz thaï complet bio Celnat 500g;3273120017082;;0;2026-08-13 12:32:49
2066;7099;Tofou aux herbes Soy 2x125g;https://www.etiketbio.eu/omega-3/29602-omega-3-huile-de-poissons-sauvages-240ml-5690548867743.html;Oméga 3 huile de poissons sauvages Lysi 240 ml;5690548867743;;0;2026-08-13 12:32:49
2067;7099;Tofou aux herbes Soy 2x125g;https://www.etiketbio.eu/specialites/30211-ramen-de-riz-blanc-280g-autour-du-riz-3760275572547.html;Ramen de riz blanc bio 280g Autour du Riz;3760275572547;;0;2026-08-13 12:32:49
2068;7099;Tofou aux herbes Soy 2x125g;https://www.etiketbio.eu/soja-bio-/20841-soja-jaune-depellicule-france-500g-celnat-3273120012728.html;Soja jaune dépelliculé Celnat 500g;3273120012728;;0;2026-08-13 12:32:49
2069;7099;Tofou aux herbes Soy 2x125g;https://www.etiketbio.eu/assaisonnements-bio/29887-sauce-umami-145ml-8713576271300.html;Sauce umami bio 145 ml TerraSana;8713576271300;;0;2026-08-13 12:32:50
2070;7099;Tofou aux herbes Soy 2x125g;https://www.etiketbio.eu/soja-bio-/7597-markal-soja-jaune-non-depellicule-500g-3329484511206.html;Soja jaune non dépelliculé 500g Markal;3329484511206;;0;2026-08-13 12:32:50
2071;7099;Tofou aux herbes Soy 2x125g;https://www.etiketbio.eu/cereales-bio-grand-format/25316-markal-soja-jaune-3-kg-3329484511039.html;Soja jaune bio 3kg - Markal;3329484511039;;0;2026-08-13 12:32:50
2072;7099;Tofou aux herbes Soy 2x125g;https://www.etiketbio.eu/vinaigres/20513-lima-ume-su-vinaigre-de-prune-250ml-5411788048729.html;Ume-su vinaigre de prune bio 250ml Lima;5411788048729;;0;2026-08-13 12:32:50
2073;7099;Tofou aux herbes Soy 2x125g;https://www.etiketbio.eu/sauce-tomate-preparee/7765-prosain-sauce-tomate-au-basilic-370g-3335880005706.html;Sauce tomate basilic Prosain 370g;3335880005706;;0;2026-08-13 12:32:50
2074;7099;Tofou aux herbes Soy 2x125g;https://www.etiketbio.eu/riz-de-camargue-bio/8196-primeal-riz-de-camargue-rouge-500g-3380390010306.html;Riz de Camargue rouge IGP bio Priméal 500g;3380390010306;;0;2026-08-13 12:32:50
2075;7099;Tofou aux herbes Soy 2x125g;https://www.etiketbio.eu/vinaigres/19934-celnat-assaisonnement-au-riz-complet-3273120019581.html;Assaisonnement au riz complet bio Celnat 50cl;3273120019581;;0;2026-08-13 12:32:50
2076;7099;Tofou aux herbes Soy 2x125g;https://www.etiketbio.eu/sauce-soja-bio/30214-bumbu-indonesien-pour-nasi-goreng-200g-8713576003390.html;Bumbu nasi goreng bio TerraSana 200g;8713576003390;;0;2026-08-13 12:32:50
2077;7099;Tofou aux herbes Soy 2x125g;https://www.etiketbio.eu/pois-chiches-bio-en-conserve/7744-prosain-pois-chiches-345g-3335880004655.html;Pois chiches bio Prosain 345g;3335880004655;;0;2026-08-13 12:32:51
2078;7099;Tofou aux herbes Soy 2x125g;https://www.etiketbio.eu/sauce-tomate-preparee/7772-prosain-sauce-tomate-au-basilic-200g-3335880005843.html;Sauce tomate basilic bio Prosain 200g;3335880005843;;0;2026-08-13 12:32:51
2079;7099;Tofou aux herbes Soy 2x125g;https://www.etiketbio.eu/sauce-tomate-preparee/25223-prosain-sauce-tomate-a-lail-roti-360gr-3335880007267.html;Sauce tomate ail rôti Prosain 360g;3335880007267;;0;2026-08-13 12:32:51
2080;19384;Tofou soyeux bio Soy 2x120g;https://www.etiketbio.eu/vinaigres/19934-celnat-assaisonnement-au-riz-complet-3273120019581.html;Assaisonnement au riz complet bio Celnat 50cl;3273120019581;;40;2026-08-13 12:33:25
2081;19384;Tofou soyeux bio Soy 2x120g;https://www.etiketbio.eu/riz-thai/22600-celnat-riz-thai-complet-500g-3273120017082.html;Riz thaï complet bio Celnat 500g;3273120017082;;68;2026-08-13 12:33:25
2082;19384;Tofou soyeux bio Soy 2x120g;https://www.etiketbio.eu/riz-de-camargue-bio/8196-primeal-riz-de-camargue-rouge-500g-3380390010306.html;Riz de Camargue rouge IGP bio Priméal 500g;3380390010306;;43;2026-08-13 12:33:26
2083;19384;Tofou soyeux bio Soy 2x120g;https://www.etiketbio.eu/herbes-aromates-bio/8944-cook-sarriettte-feuilles-20g-3417960023074.html;Sarriette feuilles bio Cook 20g;3417960023074;;97;2026-08-13 12:33:26
2084;19384;Tofou soyeux bio Soy 2x120g;https://www.etiketbio.eu/mascara/27311-mascara-black-too-black-volume-extra-noir-8051411364832.html;Mascara Black Too Black PuroBio – volume extra;8051411364832;;0;2026-08-13 12:33:26
2085;19384;Tofou soyeux bio Soy 2x120g;https://www.etiketbio.eu/specialites/30211-ramen-de-riz-blanc-280g-autour-du-riz-3760275572547.html;Ramen de riz blanc bio 280g Autour du Riz;3760275572547;;39;2026-08-13 12:33:26
2086;19384;Tofou soyeux bio Soy 2x120g;https://www.etiketbio.eu/pois-chiches-bio-en-conserve/7744-prosain-pois-chiches-345g-3335880004655.html;Pois chiches bio Prosain 345g;3335880004655;;79;2026-08-13 12:33:26
2087;19384;Tofou soyeux bio Soy 2x120g;https://www.etiketbio.eu/flageolets-bio-/7747-prosain-flageolets-prepares-345g-3335880004709.html;Flageolets bio 345g préparés – Prosain;3335880004709;;70;2026-08-13 12:33:26
2088;19384;Tofou soyeux bio Soy 2x120g;https://www.etiketbio.eu/herbes-aromates-bio/30764-herbes-de-provence-flocon-sans-marjolaine-20g-cook-arcadie-3417960022732.html;Herbes de Provence bio Cook 20g;3417960022732;;75;2026-08-13 12:33:26
2089;19384;Tofou soyeux bio Soy 2x120g;https://www.etiketbio.eu/plats-prepares/6851-soy-salade-de-lentilles-epeautre-tofu-fume-220g-3259011178919.html;Salade de lentilles, epeautre & tofu fume 220g;3259011178919;;0;2026-08-13 12:33:26
2090;19384;Tofou soyeux bio Soy 2x120g;https://www.etiketbio.eu/herbes-aromates-bio/30768-eco-recharge-herbes-de-provence-20g-cook-arcadie-3417960042051.html;Herbes de Provence bio Cook 20g;3417960042051;;75;2026-08-13 12:33:27
2091;19384;Tofou soyeux bio Soy 2x120g;https://www.etiketbio.eu/melanges-epices-bio/16355-cook-tandoori-35g-3417960035367.html;Tandoori bio Cook 35g;3417960035367;;100;2026-08-13 12:33:27
2092;19384;Tofou soyeux bio Soy 2x120g;https://www.etiketbio.eu/melanges-epices-bio/16357-cook-melange-thai-35g-3417960037941.html;Mélange thaï bio Cook 35g;3417960037941;;85;2026-08-13 12:33:27
2093;19384;Tofou soyeux bio Soy 2x120g;https://www.etiketbio.eu/melanges-epices-bio/25595-cook-melange-grillades-40gr-3417960045199.html;Mélange grillades bio Cook 40g;3417960045199;;77;2026-08-13 12:33:27
2094;19384;Tofou soyeux bio Soy 2x120g;https://www.etiketbio.eu/melanges-epices-bio/23759-cook-melange-marinade-55g-3417960039136.html;Mélange marinade bio Cook 55g;3417960039136;;71;2026-08-13 12:33:27
2095;19384;Tofou soyeux bio Soy 2x120g;https://www.etiketbio.eu/assaisonnements-bio/29887-sauce-umami-145ml-8713576271300.html;Sauce umami bio 145 ml TerraSana;8713576271300;;68;2026-08-13 12:33:27
2096;19384;Tofou soyeux bio Soy 2x120g;https://www.etiketbio.eu/cereales-bio-grand-format/25316-markal-soja-jaune-3-kg-3329484511039.html;Soja jaune bio 3kg - Markal;3329484511039;;69;2026-08-13 12:33:27
2097;19384;Tofou soyeux bio Soy 2x120g;https://www.etiketbio.eu/vinaigres/20513-lima-ume-su-vinaigre-de-prune-250ml-5411788048729.html;Ume-su vinaigre de prune bio 250ml Lima;5411788048729;;45;2026-08-13 12:33:28
2098;19384;Tofou soyeux bio Soy 2x120g;https://www.etiketbio.eu/sauce-soja-bio/30214-bumbu-indonesien-pour-nasi-goreng-200g-8713576003390.html;Bumbu nasi goreng bio TerraSana 200g;8713576003390;;69;2026-08-13 12:33:28
2099;19384;Tofou soyeux bio Soy 2x120g;https://www.etiketbio.eu/sauce-tomate-preparee/7772-prosain-sauce-tomate-au-basilic-200g-3335880005843.html;Sauce tomate basilic bio Prosain 200g;3335880005843;;78;2026-08-13 12:33:28
2100;19384;Tofou soyeux bio Soy 2x120g;https://www.etiketbio.eu/aides-culinaires/30213-sauce-indienne-curry-tikka-masala-350g-8713576002812.html;Sauce tikka masala bio TerraSana 350g;8713576002812;;68;2026-08-13 12:33:28
2101;19384;Tofou soyeux bio Soy 2x120g;https://www.etiketbio.eu/chocolat-noir-bio/14980-tablette-chocolat-noir-togo-85-80g-3396411233692.html;Chocolat noir Togo 85% Bonneterre;3396411233692;;0;2026-08-13 12:33:28
2102;19384;Tofou soyeux bio Soy 2x120g;https://www.etiketbio.eu/melanges-prparations/27215-pot-tofu-celnat-250g-3273120031736.html;Pot - tofu celnat 250g;3273120031736;;0;2026-08-13 12:33:28
2103;19384;Tofou soyeux bio Soy 2x120g;https://www.etiketbio.eu/soja-bio-/20841-soja-jaune-depellicule-france-500g-celnat-3273120012728.html;Soja jaune dépelliculé Celnat 500g;3273120012728;;0;2026-08-13 12:33:28
2104;19384;Tofou soyeux bio Soy 2x120g;https://www.etiketbio.eu/plats-prepares/25186-soy-yakisoba-petits-legumes-tofu-citron-vert-gingembre-doypack-240gr-3175681295766.html;Yakisoba petits legumes tofu citron vert gingembre...;3175681295766;;0;2026-08-13 12:33:28
2105;19384;Tofou soyeux bio Soy 2x120g;https://www.etiketbio.eu/plats-prepares/23275-karine-et-jeff-moussaka-aubergines-tofu-360g-3760052237171.html;Moussaka aubergines tofu 360g;3760052237171;;0;2026-08-13 12:33:29
2106;19384;Tofou soyeux bio Soy 2x120g;https://www.etiketbio.eu/plats-prepares/7794-prosain-raviolis-tofu-basilic-680g-3335880006529.html;Raviolis tofu/basilic 680g;3335880006529;;0;2026-08-13 12:33:29
2107;19384;Tofou soyeux bio Soy 2x120g;https://www.etiketbio.eu/nigari/21875-celnat-nigari-kilo-3273120013671.html;Nigari Celnat 1kg – chlorure de magnésium;3273120013671;;0;2026-08-13 12:33:29
2108;19384;Tofou soyeux bio Soy 2x120g;https://www.etiketbio.eu/soja-bio-/7597-markal-soja-jaune-non-depellicule-500g-3329484511206.html;Soja jaune non dépelliculé 500g Markal;3329484511206;;0;2026-08-13 12:33:29
2109;19384;Tofou soyeux bio Soy 2x120g;https://www.etiketbio.eu/shampoing-solide-bio/8015-douce-nature-fleur-shampooing-cheveux-normaux-85g-cc-3380380058561.html;Fleur shampooing cheveux normaux 85g;3380380058561;;0;2026-08-13 12:33:29
2110;19384;Tofou soyeux bio Soy 2x120g;https://www.etiketbio.eu/plats-prepares/23247-karine-et-jeff-mousseline-de-brocolis-350g-3760052231360.html;Mousseline brocolis Karine & Jeff 350g;3760052231360;;0;2026-08-13 12:33:29
2111;19384;Tofou soyeux bio Soy 2x120g;https://www.etiketbio.eu/sauce-tomate-preparee/7765-prosain-sauce-tomate-au-basilic-370g-3335880005706.html;Sauce tomate basilic Prosain 370g;3335880005706;;0;2026-08-13 12:33:29
2112;123311;Tofu Séoul Soy 290g;https://www.etiketbio.eu/plats-prepares/23275-karine-et-jeff-moussaka-aubergines-tofu-360g-3760052237171.html;Moussaka aubergines tofu 360g;3760052237171;;125;2026-08-13 12:33:46
2113;123311;Tofu Séoul Soy 290g;https://www.etiketbio.eu/pois-chiches-bio-en-conserve/24529-prosain-pois-chiches-sans-sel-230g-3335880004273.html;Pois chiches sans sel Prosain 230g;3335880004273;;0;2026-08-13 12:33:46
2114;123311;Tofu Séoul Soy 290g;https://www.etiketbio.eu/vinaigres/20513-lima-ume-su-vinaigre-de-prune-250ml-5411788048729.html;Ume-su vinaigre de prune bio 250ml Lima;5411788048729;;0;2026-08-13 12:33:47
2115;123311;Tofu Séoul Soy 290g;https://www.etiketbio.eu/assaisonnements-bio/29887-sauce-umami-145ml-8713576271300.html;Sauce umami bio 145 ml TerraSana;8713576271300;;0;2026-08-13 12:33:47
2116;123311;Tofu Séoul Soy 290g;https://www.etiketbio.eu/sauce-tomate-preparee/7765-prosain-sauce-tomate-au-basilic-370g-3335880005706.html;Sauce tomate basilic Prosain 370g;3335880005706;;0;2026-08-13 12:33:47
2117;123311;Tofu Séoul Soy 290g;https://www.etiketbio.eu/sauce-tomate-preparee/7772-prosain-sauce-tomate-au-basilic-200g-3335880005843.html;Sauce tomate basilic bio Prosain 200g;3335880005843;;0;2026-08-13 12:33:47
2118;123311;Tofu Séoul Soy 290g;https://www.etiketbio.eu/sauce-tomate-preparee/25867-prosain-sauce-tomate-basilic-hyposodee-200g-3335880003962.html;Sauce basilic hyposodée Prosain 200g;3335880003962;;0;2026-08-13 12:33:47
2119;123311;Tofu Séoul Soy 290g;https://www.etiketbio.eu/plats-prepares/23247-karine-et-jeff-mousseline-de-brocolis-350g-3760052231360.html;Mousseline brocolis Karine & Jeff 350g;3760052231360;;0;2026-08-13 12:33:47
2120;123311;Tofu Séoul Soy 290g;https://www.etiketbio.eu/plats-prepares/25215-prosain-tikka-masala-360g-3335880004990.html;Tikka masala 360g;3335880004990;;0;2026-08-13 12:33:47
2121;123311;Tofu Séoul Soy 290g;https://www.etiketbio.eu/melanges-epices-bio/25595-cook-melange-grillades-40gr-3417960045199.html;Mélange grillades bio Cook 40g;3417960045199;;0;2026-08-13 12:33:47
2122;123311;Tofu Séoul Soy 290g;https://www.etiketbio.eu/nigari/21875-celnat-nigari-kilo-3273120013671.html;Nigari Celnat 1kg – chlorure de magnésium;3273120013671;;0;2026-08-13 12:33:48
2123;123311;Tofu Séoul Soy 290g;https://www.etiketbio.eu/riz-de-camargue-bio/8196-primeal-riz-de-camargue-rouge-500g-3380390010306.html;Riz de Camargue rouge IGP bio Priméal 500g;3380390010306;;0;2026-08-13 12:33:48
2124;123311;Tofu Séoul Soy 290g;https://www.etiketbio.eu/nigari/16863-celnat-nigari-100-g-3273120013688.html;Nigari 100 g;3273120013688;;0;2026-08-13 12:33:48
2126;22340;Haricots beurre Prosain 345g;https://www.etiketbio.eu/haricots-verts-haricots-beurre-bio/18304-prosain-haricots-verts-extra-fins-hyposodes-345g-3335880004013.html;Haricots verts bio sans sel 345g – Prosain;3335880004013;;290;2026-08-13 12:35:03
2127;22340;Haricots beurre Prosain 345g;https://www.etiketbio.eu/haricots-verts-haricots-beurre-bio/7741-prosain-haricots-verts-extra-fins-345g-3335880004624.html;Haricots verts bio Prosain 345g;3335880004624;;468;2026-08-13 12:35:03
2133;12903;Tofou nature vegan Soy 500g;https://www.etiketbio.eu/granola-crunchy-krounchy/9028-grillon-dor-krounchy-too-chocolat-500g-3421557110214.html;Krounchy duo chocolat Grillon d’Or 500g;3421557110214;;77;2026-08-13 12:37:42
2134;12903;Tofou nature vegan Soy 500g;https://www.etiketbio.eu/soja-bio-/20841-soja-jaune-depellicule-france-500g-celnat-3273120012728.html;Soja jaune dépelliculé Celnat 500g;3273120012728;;92;2026-08-13 12:37:42
2135;12903;Tofou nature vegan Soy 500g;https://www.etiketbio.eu/soja-bio-/7597-markal-soja-jaune-non-depellicule-500g-3329484511206.html;Soja jaune non dépelliculé 500g Markal;3329484511206;;67;2026-08-13 12:37:42
2136;12903;Tofou nature vegan Soy 500g;https://www.etiketbio.eu/riz-de-camargue-bio/8196-primeal-riz-de-camargue-rouge-500g-3380390010306.html;Riz de Camargue rouge IGP bio Priméal 500g;3380390010306;;51;2026-08-13 12:37:42
2137;12903;Tofou nature vegan Soy 500g;https://www.etiketbio.eu/riz-thai/22600-celnat-riz-thai-complet-500g-3273120017082.html;Riz thaï complet bio Celnat 500g;3273120017082;;73;2026-08-13 12:37:42
2138;12903;Tofou nature vegan Soy 500g;https://www.etiketbio.eu/plats-prepares/6851-soy-salade-de-lentilles-epeautre-tofu-fume-220g-3259011178919.html;Salade de lentilles, epeautre & tofu fume 220g;3259011178919;;0;2026-08-13 12:37:43
2139;12903;Tofou nature vegan Soy 500g;https://www.etiketbio.eu/mascara/27311-mascara-black-too-black-volume-extra-noir-8051411364832.html;Mascara Black Too Black PuroBio – volume extra;8051411364832;;0;2026-08-13 12:37:43
2140;12903;Tofou nature vegan Soy 500g;https://www.etiketbio.eu/plats-prepares/25186-soy-yakisoba-petits-legumes-tofu-citron-vert-gingembre-doypack-240gr-3175681295766.html;Yakisoba petits legumes tofu citron vert gingembre...;3175681295766;;0;2026-08-13 12:37:43
2141;12903;Tofou nature vegan Soy 500g;https://www.etiketbio.eu/vinaigres/20513-lima-ume-su-vinaigre-de-prune-250ml-5411788048729.html;Ume-su vinaigre de prune bio 250ml Lima;5411788048729;;0;2026-08-13 12:37:43
2142;12903;Tofou nature vegan Soy 500g;https://www.etiketbio.eu/chocolat-noir-bio/14980-tablette-chocolat-noir-togo-85-80g-3396411233692.html;Chocolat noir Togo 85% Bonneterre;3396411233692;;0;2026-08-13 12:37:43
2143;12903;Tofou nature vegan Soy 500g;https://www.etiketbio.eu/melanges-prparations/27215-pot-tofu-celnat-250g-3273120031736.html;Pot - tofu celnat 250g;3273120031736;;0;2026-08-13 12:37:43
2144;12903;Tofou nature vegan Soy 500g;https://www.etiketbio.eu/plats-prepares/23275-karine-et-jeff-moussaka-aubergines-tofu-360g-3760052237171.html;Moussaka aubergines tofu 360g;3760052237171;;0;2026-08-13 12:37:43
2145;12903;Tofou nature vegan Soy 500g;https://www.etiketbio.eu/plats-prepares/7794-prosain-raviolis-tofu-basilic-680g-3335880006529.html;Raviolis tofu/basilic 680g;3335880006529;;0;2026-08-13 12:37:44
2146;12903;Tofou nature vegan Soy 500g;https://www.etiketbio.eu/shampoing-solide-bio/8015-douce-nature-fleur-shampooing-cheveux-normaux-85g-cc-3380380058561.html;Fleur shampooing cheveux normaux 85g;3380380058561;;0;2026-08-13 12:37:44
2147;12903;Tofou nature vegan Soy 500g;https://www.etiketbio.eu/sauce-soja-bio/30214-bumbu-indonesien-pour-nasi-goreng-200g-8713576003390.html;Bumbu nasi goreng bio TerraSana 200g;8713576003390;;0;2026-08-13 12:37:44
2148;12903;Tofou nature vegan Soy 500g;https://www.etiketbio.eu/pois-chiches-bio-en-conserve/7744-prosain-pois-chiches-345g-3335880004655.html;Pois chiches bio Prosain 345g;3335880004655;;0;2026-08-13 12:37:44
2149;12903;Tofou nature vegan Soy 500g;https://www.etiketbio.eu/aides-culinaires/30213-sauce-indienne-curry-tikka-masala-350g-8713576002812.html;Sauce tikka masala bio TerraSana 350g;8713576002812;;0;2026-08-13 12:37:44
2150;12903;Tofou nature vegan Soy 500g;https://www.etiketbio.eu/assaisonnements-bio/29887-sauce-umami-145ml-8713576271300.html;Sauce umami bio 145 ml TerraSana;8713576271300;;0;2026-08-13 12:37:44
2151;12903;Tofou nature vegan Soy 500g;https://www.etiketbio.eu/nigari/21875-celnat-nigari-kilo-3273120013671.html;Nigari Celnat 1kg – chlorure de magnésium;3273120013671;;0;2026-08-13 12:37:44
2152;12903;Tofou nature vegan Soy 500g;https://www.etiketbio.eu/specialites/30211-ramen-de-riz-blanc-280g-autour-du-riz-3760275572547.html;Ramen de riz blanc bio 280g Autour du Riz;3760275572547;;0;2026-08-13 12:37:45
2153;12903;Tofou nature vegan Soy 500g;https://www.etiketbio.eu/nigari/16863-celnat-nigari-100-g-3273120013688.html;Nigari 100 g;3273120013688;;0;2026-08-13 12:37:45
2154;12903;Tofou nature vegan Soy 500g;https://www.etiketbio.eu/cereales-bio-grand-format/25316-markal-soja-jaune-3-kg-3329484511039.html;Soja jaune bio 3kg - Markal;3329484511039;;0;2026-08-13 12:37:45
2155;12903;Tofou nature vegan Soy 500g;https://www.etiketbio.eu/sauce-tomate-preparee/7765-prosain-sauce-tomate-au-basilic-370g-3335880005706.html;Sauce tomate basilic Prosain 370g;3335880005706;;0;2026-08-13 12:37:45
2156;12903;Tofou nature vegan Soy 500g;https://www.etiketbio.eu/vinaigres/19934-celnat-assaisonnement-au-riz-complet-3273120019581.html;Assaisonnement au riz complet bio Celnat 50cl;3273120019581;;0;2026-08-13 12:37:45
2157;12903;Tofou nature vegan Soy 500g;https://www.etiketbio.eu/sauce-tomate-preparee/7772-prosain-sauce-tomate-au-basilic-200g-3335880005843.html;Sauce tomate basilic bio Prosain 200g;3335880005843;;0;2026-08-13 12:37:45
2158;12903;Tofou nature vegan Soy 500g;https://www.etiketbio.eu/sauce-tomate-preparee/25223-prosain-sauce-tomate-a-lail-roti-360gr-3335880007267.html;Sauce tomate ail rôti Prosain 360g;3335880007267;;0;2026-08-13 12:37:45
2159;12903;Tofou nature vegan Soy 500g;https://www.etiketbio.eu/melanges-epices-bio/23760-cook-melange-pour-wok-saveur-asie-30g-3417960041689.html;Melange pour wok saveur asie 30g;3417960041689;;0;2026-08-13 12:37:45
2160;12903;Tofou nature vegan Soy 500g;https://www.etiketbio.eu/herbes-aromates-bio/30764-herbes-de-provence-flocon-sans-marjolaine-20g-cook-arcadie-3417960022732.html;Herbes de Provence bio Cook 20g;3417960022732;;0;2026-08-13 12:37:46
2161;12903;Tofou nature vegan Soy 500g;https://www.etiketbio.eu/sauce-tomate-preparee/25867-prosain-sauce-tomate-basilic-hyposodee-200g-3335880003962.html;Sauce basilic hyposodée Prosain 200g;3335880003962;;0;2026-08-13 12:37:46
2162;12903;Tofou nature vegan Soy 500g;https://www.etiketbio.eu/omega-3/28133-super-omega-3-1000mg-3700195661983.html;Super Oméga 3 1000 mg Vit'All+ 120 capsules;3700195661983;;0;2026-08-13 12:37:46
2163;12903;Tofou nature vegan Soy 500g;https://www.etiketbio.eu/plats-prepares/7726-prosain-cocotte-a-lindienne-360g-3335880004129.html;Cocotte a l'indienne 360g;3335880004129;;0;2026-08-13 12:37:46
2164;12903;Tofou nature vegan Soy 500g;https://www.etiketbio.eu/plats-prepares/23247-karine-et-jeff-mousseline-de-brocolis-350g-3760052231360.html;Mousseline brocolis Karine & Jeff 350g;3760052231360;;0;2026-08-13 12:37:46
2168;37496;Escalope sans viande tomate et basilic vegan Soy 176g;https://www.etiketbio.eu/plats-prepares/23255-karine-et-jeff-escale-a-chypre-350gr-3760052239878.html;Escale a chypre 350gr;3760052239878;;0;2026-08-13 12:38:37
2169;37496;Escalope sans viande tomate et basilic vegan Soy 176g;https://www.etiketbio.eu/tisanes-en-sachets/24410-destination-infusion-escale-zen-x20-3700110056641.html;Infusion escale zen x20;3700110056641;;0;2026-08-13 12:38:37
2170;37496;Escalope sans viande tomate et basilic vegan Soy 176g;https://www.etiketbio.eu/couscous-bio/20682-primeal-taboule-thai-300g-3380380092671.html;Taboule thai 300g;3380380092671;;0;2026-08-13 12:38:37
2173;1297;Sauce tomate au basilic Prosain 200g;https://www.etiketbio.eu/sauce-tomate-preparee/7772-prosain-sauce-tomate-au-basilic-200g-3335880005843.html;Sauce tomate basilic bio Prosain 200g;3335880005843;;753;2026-08-13 12:39:19
2174;1297;Sauce tomate au basilic Prosain 200g;https://www.etiketbio.eu/sauce-tomate-nature/7724-prosain-sauce-tomate-sans-sel-ajoute-200g-3335880003986.html;Sauce tomate sans sel Prosain 200g;3335880003986;;476;2026-08-13 12:39:19
2175;1297;Sauce tomate au basilic Prosain 200g;https://www.etiketbio.eu/sauce-tomate-preparee/7768-prosain-sauce-tomate-aux-plantes-aromatiques-200g-3335880005805.html;Sauce tomate aromates Prosain 200g;3335880005805;;552;2026-08-13 12:39:19
2176;1297;Sauce tomate au basilic Prosain 200g;https://www.etiketbio.eu/sauce-tomate-preparee/25867-prosain-sauce-tomate-basilic-hyposodee-200g-3335880003962.html;Sauce basilic hyposodée Prosain 200g;3335880003962;;481;2026-08-13 12:39:19
2187;61890;Tofou mariné citron frais Soy 2x140g;https://www.etiketbio.eu/plats-prepares/25186-soy-yakisoba-petits-legumes-tofu-citron-vert-gingembre-doypack-240gr-3175681295766.html;Yakisoba petits legumes tofu citron vert gingembre...;3175681295766;;60;2026-08-13 12:42:51
2188;61890;Tofou mariné citron frais Soy 2x140g;https://www.etiketbio.eu/plats-prepares/6851-soy-salade-de-lentilles-epeautre-tofu-fume-220g-3259011178919.html;Salade de lentilles, epeautre & tofu fume 220g;3259011178919;;0;2026-08-13 12:42:51
2189;61890;Tofou mariné citron frais Soy 2x140g;https://www.etiketbio.eu/plats-prepares/7794-prosain-raviolis-tofu-basilic-680g-3335880006529.html;Raviolis tofu/basilic 680g;3335880006529;;0;2026-08-13 12:42:51
2190;61890;Tofou mariné citron frais Soy 2x140g;https://www.etiketbio.eu/chocolat-noir-bio/14980-tablette-chocolat-noir-togo-85-80g-3396411233692.html;Chocolat noir Togo 85% Bonneterre;3396411233692;;0;2026-08-13 12:42:52
2191;61890;Tofou mariné citron frais Soy 2x140g;https://www.etiketbio.eu/melanges-epices-bio/16357-cook-melange-thai-35g-3417960037941.html;Mélange thaï bio Cook 35g;3417960037941;;0;2026-08-13 12:42:52
2192;61890;Tofou mariné citron frais Soy 2x140g;https://www.etiketbio.eu/mascara/27311-mascara-black-too-black-volume-extra-noir-8051411364832.html;Mascara Black Too Black PuroBio – volume extra;8051411364832;;0;2026-08-13 12:42:52
2193;61890;Tofou mariné citron frais Soy 2x140g;https://www.etiketbio.eu/melanges-prparations/27215-pot-tofu-celnat-250g-3273120031736.html;Pot - tofu celnat 250g;3273120031736;;0;2026-08-13 12:42:52
2194;61890;Tofou mariné citron frais Soy 2x140g;https://www.etiketbio.eu/plats-prepares/23275-karine-et-jeff-moussaka-aubergines-tofu-360g-3760052237171.html;Moussaka aubergines tofu 360g;3760052237171;;0;2026-08-13 12:42:52
2195;61890;Tofou mariné citron frais Soy 2x140g;https://www.etiketbio.eu/nigari/21875-celnat-nigari-kilo-3273120013671.html;Nigari Celnat 1kg – chlorure de magnésium;3273120013671;;0;2026-08-13 12:42:52
2196;61890;Tofou mariné citron frais Soy 2x140g;https://www.etiketbio.eu/omega-3/28133-super-omega-3-1000mg-3700195661983.html;Super Oméga 3 1000 mg Vit'All+ 120 capsules;3700195661983;;0;2026-08-13 12:42:52
2197;61890;Tofou mariné citron frais Soy 2x140g;https://www.etiketbio.eu/omega-3/29602-omega-3-huile-de-poissons-sauvages-240ml-5690548867743.html;Oméga 3 huile de poissons sauvages Lysi 240 ml;5690548867743;;0;2026-08-13 12:42:53
2198;61890;Tofou mariné citron frais Soy 2x140g;https://www.etiketbio.eu/melanges-epices-bio/16355-cook-tandoori-35g-3417960035367.html;Tandoori bio Cook 35g;3417960035367;;0;2026-08-13 12:42:53
2199;61890;Tofou mariné citron frais Soy 2x140g;https://www.etiketbio.eu/melanges-epices-bio/23759-cook-melange-marinade-55g-3417960039136.html;Mélange marinade bio Cook 55g;3417960039136;;0;2026-08-13 12:42:53
2200;61890;Tofou mariné citron frais Soy 2x140g;https://www.etiketbio.eu/assaisonnements-bio/29887-sauce-umami-145ml-8713576271300.html;Sauce umami bio 145 ml TerraSana;8713576271300;;0;2026-08-13 12:42:53
2201;61890;Tofou mariné citron frais Soy 2x140g;https://www.etiketbio.eu/soja-bio-/20841-soja-jaune-depellicule-france-500g-celnat-3273120012728.html;Soja jaune dépelliculé Celnat 500g;3273120012728;;0;2026-08-13 12:42:53
2202;61890;Tofou mariné citron frais Soy 2x140g;https://www.etiketbio.eu/soja-bio-/7597-markal-soja-jaune-non-depellicule-500g-3329484511206.html;Soja jaune non dépelliculé 500g Markal;3329484511206;;0;2026-08-13 12:42:53
2203;61890;Tofou mariné citron frais Soy 2x140g;https://www.etiketbio.eu/cereales-bio-grand-format/25316-markal-soja-jaune-3-kg-3329484511039.html;Soja jaune bio 3kg - Markal;3329484511039;;0;2026-08-13 12:42:53
2204;61890;Tofou mariné citron frais Soy 2x140g;https://www.etiketbio.eu/vinaigres/20513-lima-ume-su-vinaigre-de-prune-250ml-5411788048729.html;Ume-su vinaigre de prune bio 250ml Lima;5411788048729;;0;2026-08-13 12:42:53
2205;61890;Tofou mariné citron frais Soy 2x140g;https://www.etiketbio.eu/sauce-tomate-preparee/7765-prosain-sauce-tomate-au-basilic-370g-3335880005706.html;Sauce tomate basilic Prosain 370g;3335880005706;;0;2026-08-13 12:42:54
2206;61890;Tofou mariné citron frais Soy 2x140g;https://www.etiketbio.eu/specialites/30211-ramen-de-riz-blanc-280g-autour-du-riz-3760275572547.html;Ramen de riz blanc bio 280g Autour du Riz;3760275572547;;0;2026-08-13 12:42:54
2207;61890;Tofou mariné citron frais Soy 2x140g;https://www.etiketbio.eu/riz-de-camargue-bio/8196-primeal-riz-de-camargue-rouge-500g-3380390010306.html;Riz de Camargue rouge IGP bio Priméal 500g;3380390010306;;0;2026-08-13 12:42:54
2208;61890;Tofou mariné citron frais Soy 2x140g;https://www.etiketbio.eu/shampoing-solide-bio/8015-douce-nature-fleur-shampooing-cheveux-normaux-85g-cc-3380380058561.html;Fleur shampooing cheveux normaux 85g;3380380058561;;0;2026-08-13 12:42:54
2209;61890;Tofou mariné citron frais Soy 2x140g;https://www.etiketbio.eu/vinaigres/19934-celnat-assaisonnement-au-riz-complet-3273120019581.html;Assaisonnement au riz complet bio Celnat 50cl;3273120019581;;0;2026-08-13 12:42:54
2210;61890;Tofou mariné citron frais Soy 2x140g;https://www.etiketbio.eu/sauce-soja-bio/30214-bumbu-indonesien-pour-nasi-goreng-200g-8713576003390.html;Bumbu nasi goreng bio TerraSana 200g;8713576003390;;0;2026-08-13 12:42:54
2211;61890;Tofou mariné citron frais Soy 2x140g;https://www.etiketbio.eu/pois-chiches-bio-en-conserve/7744-prosain-pois-chiches-345g-3335880004655.html;Pois chiches bio Prosain 345g;3335880004655;;0;2026-08-13 12:42:54
2212;61890;Tofou mariné citron frais Soy 2x140g;https://www.etiketbio.eu/sauce-tomate-preparee/7772-prosain-sauce-tomate-au-basilic-200g-3335880005843.html;Sauce tomate basilic bio Prosain 200g;3335880005843;;0;2026-08-13 12:42:54
2213;61890;Tofou mariné citron frais Soy 2x140g;https://www.etiketbio.eu/sauce-tomate-preparee/25223-prosain-sauce-tomate-a-lail-roti-360gr-3335880007267.html;Sauce tomate ail rôti Prosain 360g;3335880007267;;0;2026-08-13 12:42:55
2214;61890;Tofou mariné citron frais Soy 2x140g;https://www.etiketbio.eu/riz-thai/22600-celnat-riz-thai-complet-500g-3273120017082.html;Riz thaï complet bio Celnat 500g;3273120017082;;0;2026-08-13 12:42:55
2215;61890;Tofou mariné citron frais Soy 2x140g;https://www.etiketbio.eu/melanges-epices-bio/23760-cook-melange-pour-wok-saveur-asie-30g-3417960041689.html;Melange pour wok saveur asie 30g;3417960041689;;0;2026-08-13 12:42:55
2216;61890;Tofou mariné citron frais Soy 2x140g;https://www.etiketbio.eu/herbes-aromates-bio/30764-herbes-de-provence-flocon-sans-marjolaine-20g-cook-arcadie-3417960022732.html;Herbes de Provence bio Cook 20g;3417960022732;;0;2026-08-13 12:42:55
2217;61890;Tofou mariné citron frais Soy 2x140g;https://www.etiketbio.eu/sauce-tomate-preparee/25867-prosain-sauce-tomate-basilic-hyposodee-200g-3335880003962.html;Sauce basilic hyposodée Prosain 200g;3335880003962;;0;2026-08-13 12:42:55
2218;61890;Tofou mariné citron frais Soy 2x140g;https://www.etiketbio.eu/plats-prepares/7726-prosain-cocotte-a-lindienne-360g-3335880004129.html;Cocotte a l'indienne 360g;3335880004129;;0;2026-08-13 12:42:55
2220;17073;Thé vert cru naturel Thés de la Pagode 100g;https://www.etiketbio.eu/the-vert-parfume/25660-the-vert-menthe-100g-3363790000207.html;Thé Vert Menthe Bio 100g Les Thés de la Pagode;3363790000207;;566;2026-08-13 12:54:20
2221;17073;Thé vert cru naturel Thés de la Pagode 100g;https://www.etiketbio.eu/the-blanc-bio/25675-the-blanc-fleur-d-oranger-bio-100g-3363791412399.html;Thé Blanc Fleur d'Oranger Bio Les Thés de la Pagode;3363791412399;;290;2026-08-13 12:54:20
2222;28816;Thé vert parfumé bergamote Les Jardins de Gaïa 100g;https://www.etiketbio.eu/the-vert-parfume/9835-jardins-gaia-earl-grey-vert-100g-3582810868126.html;Thé vert Earl Grey Gaïa 100g;3582810868126;;270;2026-08-13 12:54:47
2223;28816;Thé vert parfumé bergamote Les Jardins de Gaïa 100g;https://www.etiketbio.eu/the-noir-bio/9830-jardins-gaia-babouchka-100g-3582810473320.html;Babouchka Jardins de Gaïa 100g;3582810473320;;263;2026-08-13 12:54:48
2224;17074;Thé vert menthe Thés de la Pagode 100g;https://www.etiketbio.eu/the-vert-parfume/25660-the-vert-menthe-100g-3363790000207.html;Thé Vert Menthe Bio 100g Les Thés de la Pagode;3363790000207;;724;2026-08-13 12:54:56
2225;17074;Thé vert menthe Thés de la Pagode 100g;https://www.etiketbio.eu/the-vert-parfume/25661-the-vert-agrumes-100g-3363790000214.html;Thé Vert Agrumes 100g Les Thés de la Pagode;3363790000214;;634;2026-08-13 12:54:56
2226;17074;Thé vert menthe Thés de la Pagode 100g;https://www.etiketbio.eu/the-vert-parfume/25671-the-vert-du-dragon-100g-3363790807110.html;Thé Vert du Dragon 100g Les Thés de la Pagode;3363790807110;;557;2026-08-13 12:54:56
2227;17074;Thé vert menthe Thés de la Pagode 100g;https://www.etiketbio.eu/the-vert-parfume/25665-the-vert-fruits-rouges-100g-3363790000702.html;Thé Vert Fruits Rouges Les Thés de la Pagode;3363790000702;;455;2026-08-13 12:54:56
2228;17074;Thé vert menthe Thés de la Pagode 100g;https://www.etiketbio.eu/the-vert-parfume/30011-the-vert-delice-du-levant-bio-100gr-3363790000542.html;Thé vert Délices du Levant bio Thés Pagode;3363790000542;;362;2026-08-13 12:54:56
2229;17074;Thé vert menthe Thés de la Pagode 100g;https://www.etiketbio.eu/the-vert-parfume/25673-the-vert-litchi-noix-de-coco-100g-3363790808087.html;Thé vert Litchi Coco Pagode 100g;3363790808087;;357;2026-08-13 12:54:57
2232;79812;Nuïlong sommeil Thés de la Pagode x18;https://www.etiketbio.eu/thes-bio/25666-lyn-don-bio-30-infusettes-75g-3363790101010.html;Thé Lyn Don Pagode 30 infusettes;3363790101010;;70;2026-08-13 12:55:32
2233;79812;Nuïlong sommeil Thés de la Pagode x18;https://www.etiketbio.eu/thes-bio/25874-the-lyn-don-90-infusettes-3363790202021.html;Thé Lyn Don Pagode 90 infusettes;3363790202021;;70;2026-08-13 12:55:32
2234;79812;Nuïlong sommeil Thés de la Pagode x18;https://www.etiketbio.eu/thes-bio/25676-the-hao-ling-90-infusions-3363793000013.html;Thé Hao Ling Pagode 90 infusions;3363793000013;;83;2026-08-13 12:55:32
2235;79812;Nuïlong sommeil Thés de la Pagode x18;https://www.etiketbio.eu/the-vert-nature-bio/25679-sou-tsian-detox-90-infusettes-3363790808049.html;Sou Tsian Détox Pagode 90 infusettes;3363790808049;;70;2026-08-13 12:55:32
2236;79812;Nuïlong sommeil Thés de la Pagode x18;https://www.etiketbio.eu/the-vert-nature-bio/25682-sou-tsian-detox-30-infusettes-3363790808032.html;Sou Tsian Détox Pagode 30 infusettes;3363790808032;;70;2026-08-13 12:55:32
2238;102960;Rooibos Bio Digestao Thés de la Pagode 18 sachets;https://www.etiketbio.eu/the-vert-parfume/25660-the-vert-menthe-100g-3363790000207.html;Thé Vert Menthe Bio 100g Les Thés de la Pagode;3363790000207;;284;2026-08-13 12:55:49
2239;102960;Rooibos Bio Digestao Thés de la Pagode 18 sachets;https://www.etiketbio.eu/the-vert-nature-bio/25663-the-vert-naturel-100g-3363790000245.html;Thé Vert Naturel 100g Les Thés de la Pagode;3363790000245;;232;2026-08-13 12:55:49
2240;102960;Rooibos Bio Digestao Thés de la Pagode 18 sachets;https://www.etiketbio.eu/thes-bio/25676-the-hao-ling-90-infusions-3363793000013.html;Thé Hao Ling Pagode 90 infusions;3363793000013;;52;2026-08-13 12:55:50
2241;102960;Rooibos Bio Digestao Thés de la Pagode 18 sachets;https://www.etiketbio.eu/tisanes-en-vrac/27934-rooibos-bio-feuille-75g-3481899003629.html;Rooibos bio feuille 75g;3481899003629;;105;2026-08-13 12:55:50
2242;102960;Rooibos Bio Digestao Thés de la Pagode 18 sachets;https://www.etiketbio.eu/mate-bio/30854-mate-digest-100g-3582811030225.html;Maté Digest bio 100g - Les Jardins de Gaïa;3582811030225;;140;2026-08-13 12:55:50
2243;28830;Thé blanc Les Jardins de Gaïa 50g;https://www.etiketbio.eu/the-blanc-bio/9850-jardins-gaia-the-blanc-avec-les-anges-50g-3582811202066.html;Thé blanc Avec les Anges Gaïa 50g;3582811202066;;476;2026-08-13 12:55:58
2244;28830;Thé blanc Les Jardins de Gaïa 50g;https://www.etiketbio.eu/the-blanc-bio/28476-the-blanc-a-la-voile-au-rythme-du-vent-50g-3582810650769.html;The blanc a la voile au rythme du vent (50g);3582810650769;;160;2026-08-13 12:55:58
2247;28810;Thé vert parfumé jasmin  Les Jardins de Gaïa 100g;https://www.etiketbio.eu/the-vert-parfume/9828-jardins-gaia-the-vert-jasmin-flowers-100g-3582810373620.html;Thé vert Jasmin Flowers Gaïa 100g;3582810373620;;370;2026-08-13 12:56:50
2248;28810;Thé vert parfumé jasmin  Les Jardins de Gaïa 100g;https://www.etiketbio.eu/the-vert-parfume/9853-jardins-gaia-the-vert-parfum-de-medina-100g-3582811769323.html;Thé vert Parfum de Médina Gaïa 100g;3582811769323;;442;2026-08-13 12:56:50
2249;28810;Thé vert parfumé jasmin  Les Jardins de Gaïa 100g;https://www.etiketbio.eu/the-vert-parfume/9835-jardins-gaia-earl-grey-vert-100g-3582810868126.html;Thé vert Earl Grey Gaïa 100g;3582810868126;;269;2026-08-13 12:56:50
2250;28810;Thé vert parfumé jasmin  Les Jardins de Gaïa 100g;https://www.etiketbio.eu/the-vert-parfume/9837-jardins-gaia-printemps-a-kyoto-100g-3582810869529.html;Thé vert Printemps à Kyoto Gaïa 100g;3582810869529;;265;2026-08-13 12:56:50
2251;28810;Thé vert parfumé jasmin  Les Jardins de Gaïa 100g;https://www.etiketbio.eu/the-vert-parfume/9823-jardins-gaia-selimbong-green-100g-3582810333020.html;Thé vert Selimbong Green Gaïa 100g;3582810333020;;271;2026-08-13 12:56:50
2252;28810;Thé vert parfumé jasmin  Les Jardins de Gaïa 100g;https://www.etiketbio.eu/the-vert-parfume/9836-jardins-gaia-lo-a-la-bouche-100g-3582810868225.html;Thé vert L’O à la bouche Gaïa 100g;3582810868225;;263;2026-08-13 12:56:50
2253;28810;Thé vert parfumé jasmin  Les Jardins de Gaïa 100g;https://www.etiketbio.eu/the-vert-parfume/9856-jardins-gaia-lumiere-dorient-100g-3582813569129.html;Thé vert Lumière d’Orient Gaïa 100g;3582813569129;;293;2026-08-13 12:56:51
2263;76720;Huile essentielle citron Herbes et Tradition 30ml;https://www.etiketbio.eu/moustiques/26159-herbe-et-traditions-huile-essentielle-eucalyptus-citronne-30ml-3700006517577.html;Huile essentielle eucalyptus citronne 30ml;3700006517577;;311;2026-08-13 13:00:00
2264;76720;Huile essentielle citron Herbes et Tradition 30ml;https://www.etiketbio.eu/digestion/26055-herbe-et-traditions-huile-essentielle-citron-30ml-3700006515696.html;Huile essentielle citron 30ml;3700006515696;;425;2026-08-13 13:00:00
2265;76720;Huile essentielle citron Herbes et Tradition 30ml;https://www.etiketbio.eu/petits-bobos/26854-huile-essentielle-geranium-rosat-30ml-3700006519199.html;Huile essentielle geranium rosat 30ml;3700006519199;;289;2026-08-13 13:00:00
2277;61564;Boisson végétale avoine Markal 1L;https://www.etiketbio.eu/boisson-a-l-avoine-bio/19709-markal-boisson-avoine-nature-1l-3329489070043.html;Boisson avoine nature 1L - Markal;3329489070043;;675;2026-08-13 13:15:32
2278;61564;Boisson végétale avoine Markal 1L;https://www.etiketbio.eu/muesli-nature/15414-markal-muesli-crunchy-500g-3329483371207.html;Muesli crunchy bio Markal 500 g;3329483371207;;78;2026-08-13 13:15:33
2282;22154;Thon au naturel Phare d'Eckmühl 112g;https://www.etiketbio.eu/thon-bio-en-conserves/6888-phare-deckmuhl-thon-albacore-au-naturel160g-pne-112g-3263670033458.html;Thon albacore naturel Phare d’Eckmühl;3263670033458;;545;2026-08-13 13:16:15
2283;22154;Thon au naturel Phare d'Eckmühl 112g;https://www.etiketbio.eu/thon-bio-en-conserves/12222-phare-deckmuhl-thon-listao-naturel-112g-cc-3263670451016.html;Thon listao naturel Phare d’Eckmühl;3263670451016;;522;2026-08-13 13:16:15
2284;22154;Thon au naturel Phare d'Eckmühl 112g;https://www.etiketbio.eu/thon-bio-en-conserves/25852-phare-deckmuhl-thon-germon-au-naturel-112gr-3263670793956.html;Thon germon naturel Phare d’Eckmühl;3263670793956;;522;2026-08-13 13:16:15
2285;22154;Thon au naturel Phare d'Eckmühl 112g;https://www.etiketbio.eu/thon-bio-en-conserves/25197-phare-deckmuhl-thon-blanc-naturel-reduit-en-sel-112g-3263670003468.html;Thon blanc naturel reduit en sel 112g;3263670003468;;286;2026-08-13 13:16:15
2294;971;Farine de blé grise type 110 Markal 1kg;https://www.etiketbio.eu/farines-de-ble/15466-markal-farine-de-ble-t80-1kg-3329486241125.html;Farine de blé T80 1kg - Markal;3329486241125;;485;2026-08-13 13:18:26
2295;971;Farine de blé grise type 110 Markal 1kg;https://www.etiketbio.eu/farines-de-ble/22583-celnat-farine-de-ble-t80-1kg-3273120011479.html;Farine de blé T80 Celnat 1kg;3273120011479;;284;2026-08-13 13:18:26
2296;971;Farine de blé grise type 110 Markal 1kg;https://www.etiketbio.eu/farines-de-ble/12169-primeal-farine-de-ble-france-t80-1kg-3380390127301.html;Farine de Blé T80 Bio 1kg Priméal;3380390127301;;347;2026-08-13 13:18:26
2297;971;Farine de blé grise type 110 Markal 1kg;https://www.etiketbio.eu/farine-de-petit-epeautre-bio/24202-farine-de-petit-epeautre-1kg-3760294960721.html;Farine de petit épeautre bio Elibio 1kg;3760294960721;;183;2026-08-13 13:18:26
2298;971;Farine de blé grise type 110 Markal 1kg;https://www.etiketbio.eu/farines-de-ble/24210-elibio-farine-de-ble-t80-3760294960974.html;Farine de blé T80 Elibio;3760294960974;;179;2026-08-13 13:18:26
2299;971;Farine de blé grise type 110 Markal 1kg;https://www.etiketbio.eu/farines-de-ble/12395-primeal-farine-de-ble-t80-5kg-3380390127202.html;Farine de Blé T80 Bio 5kg Priméal;3380390127202;;250;2026-08-13 13:18:26
2300;971;Farine de blé grise type 110 Markal 1kg;https://www.etiketbio.eu/biscuit-aux-fruits/8486-bonneterre-lunettes-a-la-fraise-200g-3396410024970.html;Lunettes fraise Bonneterre 200g;3396410024970;;0;2026-08-13 13:18:27
2301;971;Farine de blé grise type 110 Markal 1kg;https://www.etiketbio.eu/tartines-craquantes-et-biscottes/6938-moulin-du-pivert-pain-grille-250g-3268350120091.html;Pain grillé complet Pivert 250g;3268350120091;;0;2026-08-13 13:18:27
2302;971;Farine de blé grise type 110 Markal 1kg;https://www.etiketbio.eu/tartines-craquantes-et-biscottes/6934-moulin-du-pivert-biscottes-bises-a-l-huile-d-olive-270g-3268350120053.html;Biscottes bises huile d’olive 270g Pivert;3268350120053;;0;2026-08-13 13:18:27
2303;971;Farine de blé grise type 110 Markal 1kg;https://www.etiketbio.eu/biscuits-aperitif/13057-puraliment-crusty-chia-200g-3184340161052.html;CRUSTY CHIA 200G;3184340161052;;0;2026-08-13 13:18:27
2304;971;Farine de blé grise type 110 Markal 1kg;https://www.etiketbio.eu/galettes-de-riz-et-de-cereales/16043-primeal-tartines-craquantes-froment-250g-3380380087752.html;Tartines craquantes froment Priméal;3380380087752;;0;2026-08-13 13:18:27
2305;971;Farine de blé grise type 110 Markal 1kg;https://www.etiketbio.eu/specialites/12600-alb-natur-mie-noodles-avec-oeuf-250g-4018722305736.html;Mie noodles à l’œuf bio 250g Alb-Gold;4018722305736;;0;2026-08-13 13:18:27
2306;971;Farine de blé grise type 110 Markal 1kg;https://www.etiketbio.eu/specialites/12601-alb-natur-mienoodles-epeautre-sans-oeuf-250g-4018722308942.html;Mie noodles épeautre bio 250g Alb-Gold;4018722308942;;0;2026-08-13 13:18:27
2307;971;Farine de blé grise type 110 Markal 1kg;https://www.etiketbio.eu/farine-et-mix-sans-gluten/8009-ma-vie-sans-gluten-mix-patisserie-500g-3380380057663.html;Mix pâtisserie Ma Vie Sans Gluten 500g;3380380057663;;0;2026-08-13 13:18:27
2308;971;Farine de blé grise type 110 Markal 1kg;https://www.etiketbio.eu/pain-azyme-bio/30364-pain-azyme-epeautre-200gr-3226980002040.html;Pain azyme épeautre 200 g bio – Heumann;3226980002040;;0;2026-08-13 13:18:28
2309;94264;Thon blanc naturel Phare d'Eckmühl 112g;https://www.etiketbio.eu/thon-bio-en-conserves/25852-phare-deckmuhl-thon-germon-au-naturel-112gr-3263670793956.html;Thon germon naturel Phare d’Eckmühl;3263670793956;;500;2026-08-13 13:18:53
2310;94264;Thon blanc naturel Phare d'Eckmühl 112g;https://www.etiketbio.eu/thon-bio-en-conserves/25197-phare-deckmuhl-thon-blanc-naturel-reduit-en-sel-112g-3263670003468.html;Thon blanc naturel reduit en sel 112g;3263670003468;;427;2026-08-13 13:18:53
2315;873;Sarrasin décortiqué Markal 500G;https://www.etiketbio.eu/sarrasin-bio/15407-markal-sarrasin-decortique-grille-kasha-500g-3329482541205.html;Sarrasin décortiqué grillé Kasha bio 500g – Markal;3329482541205;;448;2026-08-13 13:20:08
2316;873;Sarrasin décortiqué Markal 500G;https://www.etiketbio.eu/sarrasin-bio/7573-markal-sarrasin-decortique-500g-3329482511208.html;Sarrasin décortiqué 500g - Markal;3329482511208;;1000;2026-08-13 13:20:09
2320;7520;Quinoa blanc Markal 500g;https://www.etiketbio.eu/quinoa-bio/15509-markal-quinoa-rouge-et-blanc-500-g-3329488661204.html;Duo de quinoa rouge et blanc 500g - Markal;3329488661204;;375;2026-08-13 13:20:43
2321;7520;Quinoa blanc Markal 500g;https://www.etiketbio.eu/quinoa-bio/15505-markal-quinoa-real-blanc-500g-3329488610011.html;Quinoa blanc 500g - Markal;3329488610011;;1000;2026-08-13 13:20:43
2322;7520;Quinoa blanc Markal 500g;https://www.etiketbio.eu/riz/15508-markal-melange-riz-long-blanc-etuve-quinoa-rouge-500g-3329488651205.html;Mélange riz/quinoa 500g - Markal;3329488651205;;400;2026-08-13 13:20:43
2323;7520;Quinoa blanc Markal 500g;https://www.etiketbio.eu/quinoa-bio/28717-trio-de-quinoa-500g-3329488115004.html;Trio de quinoa 500g - Markal;3329488115004;;456;2026-08-13 13:20:43
2327;26912;Couscous maïs et riz sans gluten Markal 500g;https://www.etiketbio.eu/semoule-couscous-sans-gluten/24014-markal-couscous-mais-riz-sans-gluten-500g-3329486495009.html;Couscous maïs riz 500g - Markal;3329486495009;;497;2026-08-13 13:21:17
2328;26912;Couscous maïs et riz sans gluten Markal 500g;https://www.etiketbio.eu/polenta-et-semoule-de-mais-bio/15476-markal-polenta-500g-3329486371204.html;Polenta bio 500g – Semoule de maïs – Markal;3329486371204;;208;2026-08-13 13:21:17
2329;26912;Couscous maïs et riz sans gluten Markal 500g;https://www.etiketbio.eu/polenta-et-semoule-de-mais-bio/15472-markal-semoule-de-mais-fine-500g-3329486311200.html;Semoule de maïs fine 500g - Markal;3329486311200;;217;2026-08-13 13:21:17
2330;26912;Couscous maïs et riz sans gluten Markal 500g;https://www.etiketbio.eu/polenta-et-semoule-de-mais-bio/15477-markal-semoule-de-mais-grosse-500g-3329486381203.html;Semoule de maïs grosse 500g - Markal;3329486381203;;221;2026-08-13 13:21:17
2331;26912;Couscous maïs et riz sans gluten Markal 500g;https://www.etiketbio.eu/semoule-de-ble-dur-bio/15473-markal-semoule-blanche-de-ble-dur-grosse-500g-3329486321209.html;Semoule blanche grosse 500g - Markal;3329486321209;;122;2026-08-13 13:21:18
2332;22145;Sardine à l'huile d'olive Phare d'Eckmühl 135g;https://www.etiketbio.eu/sardines/6883-phare-deckmuhl-sardine-a-lhuile-dolive-135g-3263670011456.html;Sardines huile d’olive Phare d’Eckmühl;3263670011456;;380;2026-08-13 13:21:44
2333;22145;Sardine à l'huile d'olive Phare d'Eckmühl 135g;https://www.etiketbio.eu/sardines/12220-phare-deckmuhl-sardinesa-lhuile-dolive-et-a-la-tomate-135g-3263670014457.html;Sardines tomate olive Phare d’Eckmühl;3263670014457;;203;2026-08-13 13:21:44
2334;22145;Sardine à l'huile d'olive Phare d'Eckmühl 135g;https://www.etiketbio.eu/sardines/6884-phare-deckmuhl-sardine-huile-olive-et-citron-boite-135g-3263670012453.html;Sardines olive citron Phare d’Eckmühl;3263670012453;;210;2026-08-13 13:21:44
2335;22145;Sardine à l'huile d'olive Phare d'Eckmühl 135g;https://www.etiketbio.eu/sardines/24441-phare-deckmuhl-sardine-herbe-de-provence-huile-dolive-135gr-3263670793659.html;Sardine herbe de provence huile d'olive 135gr;3263670793659;;210;2026-08-13 13:21:44
2338;844;Couscous blanc BIO Markal 500G;https://www.etiketbio.eu/couscous-bio/15483-markal-couscous-blanc-500g-3329486421206.html;Couscous blanc 500g Markal;3329486421206;;743;2026-08-13 13:22:10
2339;844;Couscous blanc BIO Markal 500G;https://www.etiketbio.eu/semoule-de-ble-dur-bio/15473-markal-semoule-blanche-de-ble-dur-grosse-500g-3329486321209.html;Semoule blanche grosse 500g - Markal;3329486321209;;262;2026-08-13 13:22:10
2340;844;Couscous blanc BIO Markal 500G;https://www.etiketbio.eu/semoule-de-ble-dur-bio/15475-markal-semoule-blanche-de-ble-dur-fine-500g-3329486341207.html;Semoule blanche fine 500g - Markal;3329486341207;;232;2026-08-13 13:22:10
2344;18832;Couscous d'épeautre Markal 500g;https://www.etiketbio.eu/couscous-bio/15484-markal-couscous-d-epeautre-500g-3329486471201.html;Couscous d’épeautre 500g - Markal;3329486471201;;1000;2026-08-13 13:22:44
2345;18832;Couscous d'épeautre Markal 500g;https://www.etiketbio.eu/boulgour-bio/14271-markal-boulghour-depeautre-500g-3329482030013.html;Boulghour d’épeautre 500g - Markal;3329482030013;;639;2026-08-13 13:22:44
2348;837;Boulgour gros Markal 500G;https://www.etiketbio.eu/boulgour-bio/14267-markal-boulgour-gros-500g-3329482010015.html;Boulgour gros 500g - Markal;3329482010015;;1000;2026-08-13 13:23:20
2349;837;Boulgour gros Markal 500G;https://www.etiketbio.eu/boulgour-bio/14272-markal-barly-500g-3329482060010.html;boulgour orge (barly) 500g Markal;3329482060010;;429;2026-08-13 13:23:20
2350;837;Boulgour gros Markal 500G;https://www.etiketbio.eu/polenta-et-semoule-de-mais-bio/15477-markal-semoule-de-mais-grosse-500g-3329486381203.html;Semoule de maïs grosse 500g - Markal;3329486381203;;192;2026-08-13 13:23:20
2351;837;Boulgour gros Markal 500G;https://www.etiketbio.eu/semoule-de-ble-dur-bio/15473-markal-semoule-blanche-de-ble-dur-grosse-500g-3329486321209.html;Semoule blanche grosse 500g - Markal;3329486321209;;258;2026-08-13 13:23:20
2354;938;Semoule blanche de blé dur fine Markal 500g;https://www.etiketbio.eu/semoule-de-ble-dur-bio/15475-markal-semoule-blanche-de-ble-dur-fine-500g-3329486341207.html;Semoule blanche fine 500g - Markal;3329486341207;;533;2026-08-13 13:23:55
2355;938;Semoule blanche de blé dur fine Markal 500g;https://www.etiketbio.eu/pate-blanche/24306-markal-tagliatelle-blanche-500gr-3329489117151.html;Tagliatelles blanches 500g - Markal;3329489117151;;151;2026-08-13 13:23:55
2359;864;Orge mondé Markal 500g;https://www.etiketbio.eu/orge-bio/15400-orge-monde-500g-3329482211207.html;Orge mondé 500g - Markal;3329482211207;;1000;2026-08-13 13:24:29
2360;864;Orge mondé Markal 500g;https://www.etiketbio.eu/boulgour-bio/14272-markal-barly-500g-3329482060010.html;boulgour orge (barly) 500g Markal;3329482060010;;362;2026-08-13 13:24:29
2368;3240;Petit épeautre Markal 500g;https://www.etiketbio.eu/farine-de-petit-epeautre-bio/7650-markal-farine-de-petit-epeautre-integrale-500g-3329486731206.html;Farine de petit épeautre intégrale  500g – Markal;3329486731206;;413;2026-08-13 13:25:55
2369;3240;Petit épeautre Markal 500g;https://www.etiketbio.eu/epeautre-petit-epeautre-bio/15403-markal-veritable-petit-epeautre-500g-3329482321203.html;Petit épeautre véritable 500g - Markal;3329482321203;;671;2026-08-13 13:25:55
2370;3240;Petit épeautre Markal 500g;https://www.etiketbio.eu/epeautre-petit-epeautre-bio/15398-markal-epeautre-precuit-500g-3329482080018.html;Épeautre précuit 500g - Markal;3329482080018;;694;2026-08-13 13:25:55
2371;3240;Petit épeautre Markal 500g;https://www.etiketbio.eu/epeautre-petit-epeautre-bio/15402-markal-epeautre-du-nord-500g-3329482311204.html;Épeautre du Nord 500g - Markal;3329482311204;;467;2026-08-13 13:25:55
2373;122909;Boulgour gros Markal 500g;https://www.etiketbio.eu/boulgour-bio/14267-markal-boulgour-gros-500g-3329482010015.html;Boulgour gros 500g - Markal;3329482010015;;1000;2026-08-13 13:26:13
2374;122909;Boulgour gros Markal 500g;https://www.etiketbio.eu/boulgour-bio/14272-markal-barly-500g-3329482060010.html;boulgour orge (barly) 500g Markal;3329482060010;;429;2026-08-13 13:26:13
2375;122909;Boulgour gros Markal 500g;https://www.etiketbio.eu/polenta-et-semoule-de-mais-bio/15477-markal-semoule-de-mais-grosse-500g-3329486381203.html;Semoule de maïs grosse 500g - Markal;3329486381203;;192;2026-08-13 13:26:13
2376;122909;Boulgour gros Markal 500g;https://www.etiketbio.eu/semoule-de-ble-dur-bio/15473-markal-semoule-blanche-de-ble-dur-grosse-500g-3329486321209.html;Semoule blanche grosse 500g - Markal;3329486321209;;258;2026-08-13 13:26:13
2378;122910;Couscous blanc Markal 500g;https://www.etiketbio.eu/couscous-bio/15483-markal-couscous-blanc-500g-3329486421206.html;Couscous blanc 500g Markal;3329486421206;;1000;2026-08-13 13:26:30
2379;122910;Couscous blanc Markal 500g;https://www.etiketbio.eu/semoule-de-ble-dur-bio/15473-markal-semoule-blanche-de-ble-dur-grosse-500g-3329486321209.html;Semoule blanche grosse 500g - Markal;3329486321209;;280;2026-08-13 13:26:30
2380;122910;Couscous blanc Markal 500g;https://www.etiketbio.eu/semoule-de-ble-dur-bio/15475-markal-semoule-blanche-de-ble-dur-fine-500g-3329486341207.html;Semoule blanche fine 500g - Markal;3329486341207;;248;2026-08-13 13:26:30
2381;122911;Couscous complet Markal 500g;https://www.etiketbio.eu/couscous-bio/15481-markal-couscous-complet-500g-3329486411207.html;Couscous complet 500g - Markal;3329486411207;;1000;2026-08-13 13:26:47
2382;122911;Couscous complet Markal 500g;https://www.etiketbio.eu/couscous-bio/7642-markal-couscous-1-2-complet-500g-3329486485000.html;Couscous 1/2 complet 500g - Markal;3329486485000;;622;2026-08-13 13:26:47
2383;122911;Couscous complet Markal 500g;https://www.etiketbio.eu/couscous-bio/15461-markal-couscous-quinoa-farro-500g-3329486000166.html;Couscous quinoa farro 500g - Markal;3329486000166;;393;2026-08-13 13:26:47
2384;122911;Couscous complet Markal 500g;https://www.etiketbio.eu/boulgour-bio/14269-markal-boulgour-fin-500g-3329482020014.html;Boulgour fin 500g Markal;3329482020014;;308;2026-08-13 13:26:48
2385;122911;Couscous complet Markal 500g;https://www.etiketbio.eu/semoule-de-ble-dur-bio/15474-markal-semoule-complete-de-ble-dur-fine-500g-3329486331208.html;Semoule complète fine 500g - Markal;3329486331208;;262;2026-08-13 13:26:48
2388;11497;Filets de truites aux trois huiles Phare d'Eckmühl 130G;https://www.etiketbio.eu/maquereau/25582-phare-deckmuhl-filet-de-maquereau-marine-au-citron-bio-151g-3263670798807.html;Filets maquereaux citron Phare d’Eckmühl;3263670798807;;179;2026-08-13 13:27:30
2389;11497;Filets de truites aux trois huiles Phare d'Eckmühl 130G;https://www.etiketbio.eu/saumon-et-poissons/20622-phare-deckmuhl-filets-de-truite-huile-olive-citron-130gr-3263670976717.html;Filets de truite huile olive citron 130gr;3263670976717;;145;2026-08-13 13:27:30
2390;11497;Filets de truites aux trois huiles Phare d'Eckmühl 130G;https://www.etiketbio.eu/saumon-et-poissons/15112-bonne-nature-filet-de-truite-citron-aneth-115g-3188720004311.html;Filets truite citron aneth Bonne Nature;3188720004311;;55;2026-08-13 13:27:30
2392;11824;Tartines craquantes au sarrasin Le Pain des Fleurs 150g;https://www.etiketbio.eu/biscottes-et-tartines/10578-le-pain-des-fleurs-tartines-craquantes-sarrasin-150g-3760116257107.html;Tartines craquantes sarrasin 150g;3760116257107;;333;2026-08-13 13:28:04
2393;11824;Tartines craquantes au sarrasin Le Pain des Fleurs 150g;https://www.etiketbio.eu/biscottes-et-tartines/8058-le-pain-des-fleurs-pdf-tartines-multicereales-150g-3380380068539.html;Tartines multicéréales Pain des Fleurs;3380380068539;;258;2026-08-13 13:28:04
2394;963;Pois cassés verts Markal 500g;https://www.etiketbio.eu/pois-casses-bio-/7600-markal-duo-de-pois-casses-verts-et-jaunes-500g-3329484635001.html;Duo de pois cassés verts et jaunes bio 500g – Markal;3329484635001;;367;2026-08-13 13:28:13
2395;963;Pois cassés verts Markal 500g;https://www.etiketbio.eu/pois-casses-bio-/15433-markal-pois-casses-verts-500g-3329484611203.html;Pois cassés verts 500g - Markal;3329484611203;;1000;2026-08-13 13:28:13
2416;122925;Sésame décortiqué Markal 250g;https://www.etiketbio.eu/graines-de-sesame-bio/15504-sesame-decortique-grille-250g-3329488551253.html;Sésame décortiqué grillé 250g Markal;3329488551253;;714;2026-08-13 13:32:11
2417;122925;Sésame décortiqué Markal 250g;https://www.etiketbio.eu/graines-de-sesame-bio/15502-markal-sesame-decortique-250g-3329488521256.html;Sésame décortiqué bio 250g - Markal;3329488521256;;748;2026-08-13 13:32:12
2418;122916;Lentilles corail Markal 500g;https://www.etiketbio.eu/lentilles-bio/15430-markal-lentilles-corail-500g-3329484441206.html;Lentilles corail 500g - Markal;3329484441206;;1000;2026-08-13 13:32:20
2419;122916;Lentilles corail Markal 500g;https://www.etiketbio.eu/melanges-prparations/7621-markal-trio-gourmet-500g-3329485835004.html;Trio Gourmet bio 500g – Mélange de céréales – Markal;3329485835004;;125;2026-08-13 13:32:20
2427;1177;Levure maltée paillettée Markal 250g;https://www.etiketbio.eu/levures-alimentaires/7649-markal-levure-de-biere-malte-paillette-250g-cc-3329486701254.html;Levure de bière maltée en paillettes 250g - Markal;3329486701254;;417;2026-08-13 13:34:10
2428;1177;Levure maltée paillettée Markal 250g;https://www.etiketbio.eu/grands-formats/25326-markal-levure-maltee-3-kg-3329486701032.html;Levure maltée 3kg  Markal;3329486701032;;440;2026-08-13 13:34:10
2430;17083;Son d'avoine Markal 500g;https://www.etiketbio.eu/son/7578-son-d-avoine-500g-3329482685008.html;Son d’avoine bio Markal 500g;3329482685008;;736;2026-08-13 13:34:27
2431;17083;Son d'avoine Markal 500g;https://www.etiketbio.eu/flocons-d-avoine-bio/7586-markal-flocons-avoine-gros-500g-3329483611204.html;Flocons d'avoine gros 500g - Markal;3329483611204;;415;2026-08-13 13:34:27
2432;17083;Son d'avoine Markal 500g;https://www.etiketbio.eu/flocons-d-avoine-bio/7585-markal-flocons-davoine-petits-500g-cc-3329483601205.html;Flocons d'avoine petits 500g - Markal;3329483601205;;442;2026-08-13 13:34:27
2433;17083;Son d'avoine Markal 500g;https://www.etiketbio.eu/flocons-de-legumineuses-bio/30623-flocons-de-soja-toastes-500g-markal-3329480002920.html;Flocons de soja toasté 500g bio - Markal;3329480002920;;169;2026-08-13 13:34:27
2435;877;Flocons 5 céréales Markal 500g;https://www.etiketbio.eu/flocons/7580-markal-flocons-5-cereales-500g-3329483101200.html;Flocons 5 céréales bio 500g – Markal;3329483101200;;781;2026-08-13 13:34:44
2436;877;Flocons 5 céréales Markal 500g;https://www.etiketbio.eu/flocons/15420-markal-flocons-orge-500g-3329483501208.html;Flocons d’orge bio 500g – Markal;3329483501208;;447;2026-08-13 13:34:45
2437;877;Flocons 5 céréales Markal 500g;https://www.etiketbio.eu/flocons/15422-markal-flocons-de-seigle-500g-3329483801209.html;Flocons de seigle 500g - Markal;3329483801209;;427;2026-08-13 13:34:45
2438;877;Flocons 5 céréales Markal 500g;https://www.etiketbio.eu/flocons/24298-markal-flocons-depeautre-500g-3329483211206.html;Flocons d’épeautre 500g - Markal;3329483211206;;488;2026-08-13 13:34:45
2439;877;Flocons 5 céréales Markal 500g;https://www.etiketbio.eu/flocons/23588-markal-flocons-de-quinoa-500g-3329483231204.html;Flocons de quinoa 500g - Markal;3329483231204;;427;2026-08-13 13:34:45
2440;877;Flocons 5 céréales Markal 500g;https://www.etiketbio.eu/flocons-d-avoine-bio/7585-markal-flocons-davoine-petits-500g-cc-3329483601205.html;Flocons d'avoine petits 500g - Markal;3329483601205;;412;2026-08-13 13:34:45
2441;823;Muesli gourmand Markal 500g;https://www.etiketbio.eu/muesli-nature/7582-markal-muesli-500g-3329483301204.html;Muesli gourmand 500g - Markal;3329483301204;;1000;2026-08-13 13:34:54
2442;823;Muesli gourmand Markal 500g;https://www.etiketbio.eu/graines-de-courge-bio/25866-markal-graines-de-courge-toastees-500g-3329488225000.html;Graines de courge toastées Markal 500g;3329488225000;;205;2026-08-13 13:34:54
2443;823;Muesli gourmand Markal 500g;https://www.etiketbio.eu/graines-de-tournesol/15499-markal-graines-de-tournesol-3329488411205.html;Graines de tournesol bio Markal 500g;3329488411205;;222;2026-08-13 13:34:54
2445;884;Flocons de riz Markal 500g;https://www.etiketbio.eu/flocons-de-riz-et-de-quinoa-bio/15421-markal-flocons-de-riz-500g-3329483701202.html;Flocons de riz 500g - Markal;3329483701202;;1000;2026-08-13 13:35:19
2446;884;Flocons de riz Markal 500g;https://www.etiketbio.eu/flocons/15420-markal-flocons-orge-500g-3329483501208.html;Flocons d’orge bio 500g – Markal;3329483501208;;480;2026-08-13 13:35:19
2447;884;Flocons de riz Markal 500g;https://www.etiketbio.eu/flocons/15422-markal-flocons-de-seigle-500g-3329483801209.html;Flocons de seigle 500g - Markal;3329483801209;;698;2026-08-13 13:35:20
2448;884;Flocons de riz Markal 500g;https://www.etiketbio.eu/flocons/24298-markal-flocons-depeautre-500g-3329483211206.html;Flocons d’épeautre 500g - Markal;3329483211206;;480;2026-08-13 13:35:20
2449;884;Flocons de riz Markal 500g;https://www.etiketbio.eu/flocons/23588-markal-flocons-de-quinoa-500g-3329483231204.html;Flocons de quinoa 500g - Markal;3329483231204;;698;2026-08-13 13:35:20
2450;884;Flocons de riz Markal 500g;https://www.etiketbio.eu/flocons/7580-markal-flocons-5-cereales-500g-3329483101200.html;Flocons 5 céréales bio 500g – Markal;3329483101200;;350;2026-08-13 13:35:20
2451;884;Flocons de riz Markal 500g;https://www.etiketbio.eu/flocons-d-avoine-bio/7585-markal-flocons-davoine-petits-500g-cc-3329483601205.html;Flocons d'avoine petits 500g - Markal;3329483601205;;480;2026-08-13 13:35:20
2467;14223;Riz rouge complet Markal 500g;https://www.etiketbio.eu/riz-rouge-riz-noir-riz-sauvage/15440-markal-riz-rouge-complet-500g-3329485191209.html;Riz rouge complet 500g - Markal;3329485191209;;1000;2026-08-13 13:40:16
2468;14223;Riz rouge complet Markal 500g;https://www.etiketbio.eu/riz-rouge-riz-noir-riz-sauvage/15454-markal-riz-noir-complet-thai-500g-3329485551201.html;Riz noir complet thaï bio 500g – Markal;3329485551201;;416;2026-08-13 13:40:16
2476;5787;Pâtes à potage blanches Markal 500g;https://www.etiketbio.eu/pate-blanche/24304-markal-pates-a-potage-blanches-500g-3329489109156.html;Pates a potage blanches 500g;3329489109156;;741;2026-08-13 13:42:57
2477;5787;Pâtes à potage blanches Markal 500g;https://www.etiketbio.eu/pate-blanche/24019-markal-farfalline-blancs-500gr-3329489106162.html;Farfalline blanches 500g - Markal;3329489106162;;318;2026-08-13 13:42:57
2478;7918;Farine de blé grise T110 Markal 5kg;https://www.etiketbio.eu/farines-de-ble/15466-markal-farine-de-ble-t80-1kg-3329486241125.html;Farine de blé T80 1kg - Markal;3329486241125;;472;2026-08-13 13:43:39
2479;7918;Farine de blé grise T110 Markal 5kg;https://www.etiketbio.eu/farines-de-ble/12395-primeal-farine-de-ble-t80-5kg-3380390127202.html;Farine de Blé T80 Bio 5kg Priméal;3380390127202;;437;2026-08-13 13:43:39
2480;7918;Farine de blé grise T110 Markal 5kg;https://www.etiketbio.eu/farines-de-ble/22583-celnat-farine-de-ble-t80-1kg-3273120011479.html;Farine de blé T80 Celnat 1kg;3273120011479;;259;2026-08-13 13:43:39
2481;7918;Farine de blé grise T110 Markal 5kg;https://www.etiketbio.eu/farines-de-ble/24210-elibio-farine-de-ble-t80-3760294960974.html;Farine de blé T80 Elibio;3760294960974;;232;2026-08-13 13:43:39
2482;7918;Farine de blé grise T110 Markal 5kg;https://www.etiketbio.eu/farines-de-ble/12169-primeal-farine-de-ble-france-t80-1kg-3380390127301.html;Farine de Blé T80 Bio 1kg Priméal;3380390127301;;315;2026-08-13 13:43:39
2483;7918;Farine de blé grise T110 Markal 5kg;https://www.etiketbio.eu/farine-de-petit-epeautre-bio/24202-farine-de-petit-epeautre-1kg-3760294960721.html;Farine de petit épeautre bio Elibio 1kg;3760294960721;;131;2026-08-13 13:43:39
2484;7918;Farine de blé grise T110 Markal 5kg;https://www.etiketbio.eu/biscuit-aux-fruits/8486-bonneterre-lunettes-a-la-fraise-200g-3396410024970.html;Lunettes fraise Bonneterre 200g;3396410024970;;0;2026-08-13 13:43:40
2485;7918;Farine de blé grise T110 Markal 5kg;https://www.etiketbio.eu/tartines-craquantes-et-biscottes/6938-moulin-du-pivert-pain-grille-250g-3268350120091.html;Pain grillé complet Pivert 250g;3268350120091;;0;2026-08-13 13:43:40
2486;7918;Farine de blé grise T110 Markal 5kg;https://www.etiketbio.eu/tartines-craquantes-et-biscottes/6934-moulin-du-pivert-biscottes-bises-a-l-huile-d-olive-270g-3268350120053.html;Biscottes bises huile d’olive 270g Pivert;3268350120053;;0;2026-08-13 13:43:40
2487;7918;Farine de blé grise T110 Markal 5kg;https://www.etiketbio.eu/biscuits-aperitif/13057-puraliment-crusty-chia-200g-3184340161052.html;CRUSTY CHIA 200G;3184340161052;;0;2026-08-13 13:43:40
2488;7918;Farine de blé grise T110 Markal 5kg;https://www.etiketbio.eu/galettes-de-riz-et-de-cereales/16043-primeal-tartines-craquantes-froment-250g-3380380087752.html;Tartines craquantes froment Priméal;3380380087752;;0;2026-08-13 13:43:40
2489;7918;Farine de blé grise T110 Markal 5kg;https://www.etiketbio.eu/specialites/12600-alb-natur-mie-noodles-avec-oeuf-250g-4018722305736.html;Mie noodles à l’œuf bio 250g Alb-Gold;4018722305736;;0;2026-08-13 13:43:40
2490;7918;Farine de blé grise T110 Markal 5kg;https://www.etiketbio.eu/specialites/12601-alb-natur-mienoodles-epeautre-sans-oeuf-250g-4018722308942.html;Mie noodles épeautre bio 250g Alb-Gold;4018722308942;;0;2026-08-13 13:43:40
2491;7918;Farine de blé grise T110 Markal 5kg;https://www.etiketbio.eu/farine-et-mix-sans-gluten/8009-ma-vie-sans-gluten-mix-patisserie-500g-3380380057663.html;Mix pâtisserie Ma Vie Sans Gluten 500g;3380380057663;;0;2026-08-13 13:43:41
2492;7918;Farine de blé grise T110 Markal 5kg;https://www.etiketbio.eu/pain-azyme-bio/30364-pain-azyme-epeautre-200gr-3226980002040.html;Pain azyme épeautre 200 g bio – Heumann;3226980002040;;0;2026-08-13 13:43:41
2494;940;Semoule de maïs fine Markal 500G;https://www.etiketbio.eu/polenta-et-semoule-de-mais-bio/15472-markal-semoule-de-mais-fine-500g-3329486311200.html;Semoule de maïs fine 500g - Markal;3329486311200;;1000;2026-08-13 13:44:45
2495;940;Semoule de maïs fine Markal 500G;https://www.etiketbio.eu/pate-blanche/24306-markal-tagliatelle-blanche-500gr-3329489117151.html;Tagliatelles blanches 500g - Markal;3329489117151;;195;2026-08-13 13:44:45
2497;847;Couscous complet Markal 500G;https://www.etiketbio.eu/couscous-bio/15481-markal-couscous-complet-500g-3329486411207.html;Couscous complet 500g - Markal;3329486411207;;1000;2026-08-13 13:45:11
2498;847;Couscous complet Markal 500G;https://www.etiketbio.eu/couscous-bio/7642-markal-couscous-1-2-complet-500g-3329486485000.html;Couscous 1/2 complet 500g - Markal;3329486485000;;622;2026-08-13 13:45:11
2499;847;Couscous complet Markal 500G;https://www.etiketbio.eu/couscous-bio/15461-markal-couscous-quinoa-farro-500g-3329486000166.html;Couscous quinoa farro 500g - Markal;3329486000166;;393;2026-08-13 13:45:11
2500;847;Couscous complet Markal 500G;https://www.etiketbio.eu/boulgour-bio/14269-markal-boulgour-fin-500g-3329482020014.html;Boulgour fin 500g Markal;3329482020014;;308;2026-08-13 13:45:11
2501;847;Couscous complet Markal 500G;https://www.etiketbio.eu/semoule-de-ble-dur-bio/15474-markal-semoule-complete-de-ble-dur-fine-500g-3329486331208.html;Semoule complète fine 500g - Markal;3329486331208;;262;2026-08-13 13:45:11
2502;24187;Pennes complètes Markal 500g;https://www.etiketbio.eu/pate-complete/24022-markal-pennes-completes-500g-3329489207159.html;Pennes complètes 500g - Markal;3329489207159;;1000;2026-08-13 13:45:20
2503;24187;Pennes complètes Markal 500g;https://www.etiketbio.eu/pate-demi-complete/24027-markal-penne-1-2-completes-500gr-cc-3329489307156.html;Penne 1/2 completes 500gr Markal;3329489307156;;300;2026-08-13 13:45:20
2506;26132;Farfallines blanc Markal 500g;https://www.etiketbio.eu/pate-blanche/24019-markal-farfalline-blancs-500gr-3329489106162.html;Farfalline blanches 500g - Markal;3329489106162;;467;2026-08-13 13:45:54
2507;26132;Farfallines blanc Markal 500g;https://www.etiketbio.eu/pates-sans-gluten/25883-ma-vie-sans-gluten-farfalle-riz-complet-250gr-3380380105067.html;Farfalle riz complet 250gr;3380380105067;;0;2026-08-13 13:45:54
2510;11489;Riz de Camargue long complet Markal 1KG;https://www.etiketbio.eu/riz-de-camargue-bio/15435-markal-riz-long-complet-camargue-igp-1kg-3329485111122.html;Riz long complet Camargue 1kg - Markal;3329485111122;;823;2026-08-13 13:46:28
2511;11489;Riz de Camargue long complet Markal 1KG;https://www.etiketbio.eu/riz-de-camargue-bio/15437-markal-riz-long-1-2-complet-camargue-1kg-3329485121121.html;Riz long 1/2 complet Camargue 1kg - Markal;3329485121121;;684;2026-08-13 13:46:28
2514;14134;Spaghetti complet Markal 500g;https://www.etiketbio.eu/pate-demi-complete/24029-markal-spaghettis-1-2-complets-500g-3329489312150.html;Spaghettis 1/2 complets 500g - Markal;3329489312150;;302;2026-08-13 13:46:53
2515;14134;Spaghetti complet Markal 500g;https://www.etiketbio.eu/pate-complete/24307-spaghettis-complets-500g-3329489212153.html;Spaghettis complets 500g - Markal;3329489212153;;483;2026-08-13 13:46:53
2516;83122;Kéfit citron Le Labo Dumoulin 75cl;https://www.etiketbio.eu/farine-de-petit-epeautre-bio/18346-moulin-des-moines-farine-petit-epeautre-blc-t70-500-gr-3347431770353.html;Farine petit épeautre T70 bio 500g – Moulin des Moines;3347431770353;;0;2026-08-14 08:09:03
2517;83122;Kéfit citron Le Labo Dumoulin 75cl;https://www.etiketbio.eu/farine-de-petit-epeautre-bio/30704-farine-de-petit-epeautre-complete-extraction-98-t150-500g-3347430022620.html;Farine petit épeautre 500g T150 Moulin des Moines;3347430022620;;0;2026-08-14 08:09:04
2518;83122;Kéfit citron Le Labo Dumoulin 75cl;https://www.etiketbio.eu/biscuit-petit-dejeuner/6957-moulin-du-pivert-pti-dej-miel-3268350120534.html;Biscuits petit déjeuner 4 céréales, miel et chocolat bio...;3268350120534;;0;2026-08-14 08:09:04
2519;83122;Kéfit citron Le Labo Dumoulin 75cl;https://www.etiketbio.eu/biscuit-petit-dejeuner/6974-moulin-du-pivert-ptit-dej-mulitcereales-et-graines-190g-3268350120817.html;Biscuits petit déjeuner bio multicéréales & graines 190g...;3268350120817;;0;2026-08-14 08:09:04
2520;83122;Kéfit citron Le Labo Dumoulin 75cl;https://www.etiketbio.eu/biscuit-petit-dejeuner/6973-moulin-du-pivert-ptit-dej-figues-raisins-graines-190g-3268350120800.html;P’tit Dej figues raisins graines bio 190g – Moulin du Pivert;3268350120800;;0;2026-08-14 08:09:04
2521;83122;Kéfit citron Le Labo Dumoulin 75cl;https://www.etiketbio.eu/tartines-craquantes-et-biscottes/6937-moulin-du-pivert-biscottes-completes-huile-dolive-270g-3268350120084.html;Biscottes complètes bio huile d’olive 270g Moulin du Pivert;3268350120084;;0;2026-08-14 08:09:04
2522;83122;Kéfit citron Le Labo Dumoulin 75cl;https://www.etiketbio.eu/tartines-craquantes-et-biscottes/6936-moulin-du-pivert-biscottes-bises-sans-sel-270g-3268350120077.html;Biscottes bises sans sel bio 270g Moulin du Pivert;3268350120077;;0;2026-08-14 08:09:04
2523;83122;Kéfit citron Le Labo Dumoulin 75cl;https://www.etiketbio.eu/biscuits-au-chocolat/6941-moulin-du-pivert-twibio-fourre-chocolat-150g-3268350120145.html;Twibio fourré chocolat bio Moulin du Pivert 150g;3268350120145;;0;2026-08-14 08:09:04
2524;83122;Kéfit citron Le Labo Dumoulin 75cl;https://www.etiketbio.eu/tartines-craquantes-et-biscottes/6935-moulin-du-pivert-biscottes-blanches-a-l-huile-d-olive-270-3268350120060.html;Biscottes blanches huile d’olive 270g Moulin du Pivert;3268350120060;;0;2026-08-14 08:09:04
2525;83122;Kéfit citron Le Labo Dumoulin 75cl;https://www.etiketbio.eu/tartines-craquantes-et-biscottes/6966-moulin-du-pivert-biscottes-completes-aux-graines-de-lin-2-3268350120688.html;Biscottes complètes lin bio 270g Moulin du Pivert;3268350120688;;0;2026-08-14 08:09:04
2526;83122;Kéfit citron Le Labo Dumoulin 75cl;https://www.etiketbio.eu/biscuit-aux-fruits/6949-moulin-du-pivert-biscuits-crocs-ptits-beurre-au-lait-3268350120305.html;Petits beurre lait Moulin du Pivert 125g;3268350120305;;0;2026-08-14 08:09:05
2527;83122;Kéfit citron Le Labo Dumoulin 75cl;https://www.etiketbio.eu/tartines-craquantes-et-biscottes/6950-moulin-du-pivert-petit-pain-grille-miel-et-raisins-225g-3268350120336.html;Petits pains grillés miel raisins bio 225g Moulin du Pivert;3268350120336;;0;2026-08-14 08:09:05
2528;83122;Kéfit citron Le Labo Dumoulin 75cl;https://www.etiketbio.eu/biscuit-aux-fruits/6944-moulin-du-pivert-twibio-fourre-figue-150g-3268350120220.html;Twibio fourré figue bio Moulin du Pivert 150 g;3268350120220;;0;2026-08-14 08:09:05
2529;83122;Kéfit citron Le Labo Dumoulin 75cl;https://www.etiketbio.eu/tartines-craquantes-et-biscottes/7844-biscottes-d-epeautre-400-gr-3347437756313.html;Biscottes d’épeautre bio – Moulin des Moines;3347437756313;;0;2026-08-14 08:09:05
2530;83122;Kéfit citron Le Labo Dumoulin 75cl;https://www.etiketbio.eu/galettes-de-riz-et-de-cereales/12371-moulin-des-moines-galettes-de-petit-epeautre-nappees-chocolat-150-g-3347439950412.html;Galettes de petit epeautre nappees chocolat 150 g;3347439950412;;0;2026-08-14 08:09:05
2531;83122;Kéfit citron Le Labo Dumoulin 75cl;https://www.etiketbio.eu/biscuit-petit-dejeuner/6968-moulin-du-pivert-ptit-dej-cereales-et-fruits-rouges-190g-3268350120718.html;Biscuits 4 céréales fruits rouges Pivert 190g;3268350120718;;0;2026-08-14 08:09:05
2532;83122;Kéfit citron Le Labo Dumoulin 75cl;https://www.etiketbio.eu/plats-prepares/25904-danival-taboule-du-moulin-620g-3431590002742.html;Taboule du moulin 620g;3431590002742;;0;2026-08-14 08:09:05
2533;83122;Kéfit citron Le Labo Dumoulin 75cl;https://www.etiketbio.eu/biscuits-au-chocolat/6959-moulin-du-pivert-biscuits-ptit-dej-cereales-chocolat-190g-3268350120558.html;Biscuits p'tit dej cereales chocolat 190g;3268350120558;;0;2026-08-14 08:09:05
2534;83122;Kéfit citron Le Labo Dumoulin 75cl;https://www.etiketbio.eu/tartines-craquantes-et-biscottes/6934-moulin-du-pivert-biscottes-bises-a-l-huile-d-olive-270g-3268350120053.html;Biscottes bises huile d’olive 270g Pivert;3268350120053;;0;2026-08-14 08:09:05
2535;83122;Kéfit citron Le Labo Dumoulin 75cl;https://www.etiketbio.eu/biscuit-aux-fruits/6929-moulin-du-pivert-twibio-fourre-fraise-150g-3268350000126.html;Twibio fourre fraise 150g;3268350000126;;0;2026-08-14 08:09:06
2536;83122;Kéfit citron Le Labo Dumoulin 75cl;https://www.etiketbio.eu/biscuits-au-chocolat/6969-moulin-du-pivert-biscuits-ptiwi-chocolat-noir-125g-3268350120732.html;Biscuits p'tiwi chocolat noir 125g;3268350120732;;0;2026-08-14 08:09:06
2537;83122;Kéfit citron Le Labo Dumoulin 75cl;https://www.etiketbio.eu/tartines-craquantes-et-biscottes/6938-moulin-du-pivert-pain-grille-250g-3268350120091.html;Pain grillé complet Pivert 250g;3268350120091;;0;2026-08-14 08:09:06
2538;83122;Kéfit citron Le Labo Dumoulin 75cl;https://www.etiketbio.eu/pains/24004-petits-pains-grilles-epeautre-225g-3268350120930.html;Petits pains grillés épeautre 225g Pivert;3268350120930;;0;2026-08-14 08:09:06
2539;83122;Kéfit citron Le Labo Dumoulin 75cl;https://www.etiketbio.eu/tartines-craquantes-et-biscottes/24003-moulin-du-pivert-petits-pains-grilles-cereales-et-graines-225g-3268350120268.html;Petits pains grillés céréales graines bio 225g Pivert;3268350120268;;0;2026-08-14 08:09:06
2540;83122;Kéfit citron Le Labo Dumoulin 75cl;https://www.etiketbio.eu/biscuit-aux-fruits/6961-moulin-du-pivert-twibio-fourre-framboise-150g-3268350120572.html;Twibio fourre framboise 150g;3268350120572;;0;2026-08-14 08:09:06
2541;83123;Kéfit framboise Le Labo Dumoulin 75cl;https://www.etiketbio.eu/biscuit-aux-fruits/6961-moulin-du-pivert-twibio-fourre-framboise-150g-3268350120572.html;Twibio fourre framboise 150g;3268350120572;;92;2026-08-14 08:09:23
2542;83123;Kéfit framboise Le Labo Dumoulin 75cl;https://www.etiketbio.eu/farine-de-petit-epeautre-bio/18346-moulin-des-moines-farine-petit-epeautre-blc-t70-500-gr-3347431770353.html;Farine petit épeautre T70 bio 500g – Moulin des Moines;3347431770353;;0;2026-08-14 08:09:23
2543;83123;Kéfit framboise Le Labo Dumoulin 75cl;https://www.etiketbio.eu/farine-de-petit-epeautre-bio/30704-farine-de-petit-epeautre-complete-extraction-98-t150-500g-3347430022620.html;Farine petit épeautre 500g T150 Moulin des Moines;3347430022620;;0;2026-08-14 08:09:23
2544;83123;Kéfit framboise Le Labo Dumoulin 75cl;https://www.etiketbio.eu/biscuit-petit-dejeuner/6957-moulin-du-pivert-pti-dej-miel-3268350120534.html;Biscuits petit déjeuner 4 céréales, miel et chocolat bio...;3268350120534;;0;2026-08-14 08:09:23
2545;83123;Kéfit framboise Le Labo Dumoulin 75cl;https://www.etiketbio.eu/biscuit-petit-dejeuner/6974-moulin-du-pivert-ptit-dej-mulitcereales-et-graines-190g-3268350120817.html;Biscuits petit déjeuner bio multicéréales & graines 190g...;3268350120817;;0;2026-08-14 08:09:24
2546;83123;Kéfit framboise Le Labo Dumoulin 75cl;https://www.etiketbio.eu/biscuit-petit-dejeuner/6973-moulin-du-pivert-ptit-dej-figues-raisins-graines-190g-3268350120800.html;P’tit Dej figues raisins graines bio 190g – Moulin du Pivert;3268350120800;;0;2026-08-14 08:09:24
2547;83123;Kéfit framboise Le Labo Dumoulin 75cl;https://www.etiketbio.eu/tartines-craquantes-et-biscottes/6937-moulin-du-pivert-biscottes-completes-huile-dolive-270g-3268350120084.html;Biscottes complètes bio huile d’olive 270g Moulin du Pivert;3268350120084;;0;2026-08-14 08:09:24
2548;83123;Kéfit framboise Le Labo Dumoulin 75cl;https://www.etiketbio.eu/tartines-craquantes-et-biscottes/6936-moulin-du-pivert-biscottes-bises-sans-sel-270g-3268350120077.html;Biscottes bises sans sel bio 270g Moulin du Pivert;3268350120077;;0;2026-08-14 08:09:24
2549;83123;Kéfit framboise Le Labo Dumoulin 75cl;https://www.etiketbio.eu/biscuits-au-chocolat/6941-moulin-du-pivert-twibio-fourre-chocolat-150g-3268350120145.html;Twibio fourré chocolat bio Moulin du Pivert 150g;3268350120145;;0;2026-08-14 08:09:24
2550;83123;Kéfit framboise Le Labo Dumoulin 75cl;https://www.etiketbio.eu/tartines-craquantes-et-biscottes/6935-moulin-du-pivert-biscottes-blanches-a-l-huile-d-olive-270-3268350120060.html;Biscottes blanches huile d’olive 270g Moulin du Pivert;3268350120060;;0;2026-08-14 08:09:24
2551;83123;Kéfit framboise Le Labo Dumoulin 75cl;https://www.etiketbio.eu/tartines-craquantes-et-biscottes/6966-moulin-du-pivert-biscottes-completes-aux-graines-de-lin-2-3268350120688.html;Biscottes complètes lin bio 270g Moulin du Pivert;3268350120688;;0;2026-08-14 08:09:24
2552;83123;Kéfit framboise Le Labo Dumoulin 75cl;https://www.etiketbio.eu/biscuit-aux-fruits/6949-moulin-du-pivert-biscuits-crocs-ptits-beurre-au-lait-3268350120305.html;Petits beurre lait Moulin du Pivert 125g;3268350120305;;0;2026-08-14 08:09:24
2553;83123;Kéfit framboise Le Labo Dumoulin 75cl;https://www.etiketbio.eu/tartines-craquantes-et-biscottes/6950-moulin-du-pivert-petit-pain-grille-miel-et-raisins-225g-3268350120336.html;Petits pains grillés miel raisins bio 225g Moulin du Pivert;3268350120336;;0;2026-08-14 08:09:25
2554;83123;Kéfit framboise Le Labo Dumoulin 75cl;https://www.etiketbio.eu/biscuit-petit-dejeuner/6968-moulin-du-pivert-ptit-dej-cereales-et-fruits-rouges-190g-3268350120718.html;Biscuits 4 céréales fruits rouges Pivert 190g;3268350120718;;0;2026-08-14 08:09:25
2555;83123;Kéfit framboise Le Labo Dumoulin 75cl;https://www.etiketbio.eu/biscuit-aux-fruits/6944-moulin-du-pivert-twibio-fourre-figue-150g-3268350120220.html;Twibio fourré figue bio Moulin du Pivert 150 g;3268350120220;;0;2026-08-14 08:09:25
2556;83123;Kéfit framboise Le Labo Dumoulin 75cl;https://www.etiketbio.eu/tartines-craquantes-et-biscottes/7844-biscottes-d-epeautre-400-gr-3347437756313.html;Biscottes d’épeautre bio – Moulin des Moines;3347437756313;;0;2026-08-14 08:09:25
2557;83123;Kéfit framboise Le Labo Dumoulin 75cl;https://www.etiketbio.eu/galettes-de-riz-et-de-cereales/12371-moulin-des-moines-galettes-de-petit-epeautre-nappees-chocolat-150-g-3347439950412.html;Galettes de petit epeautre nappees chocolat 150 g;3347439950412;;0;2026-08-14 08:09:25
2558;83123;Kéfit framboise Le Labo Dumoulin 75cl;https://www.etiketbio.eu/plats-prepares/25904-danival-taboule-du-moulin-620g-3431590002742.html;Taboule du moulin 620g;3431590002742;;0;2026-08-14 08:09:25
2559;83123;Kéfit framboise Le Labo Dumoulin 75cl;https://www.etiketbio.eu/biscuits-au-chocolat/6959-moulin-du-pivert-biscuits-ptit-dej-cereales-chocolat-190g-3268350120558.html;Biscuits p'tit dej cereales chocolat 190g;3268350120558;;0;2026-08-14 08:09:25
2560;83123;Kéfit framboise Le Labo Dumoulin 75cl;https://www.etiketbio.eu/tartines-craquantes-et-biscottes/6934-moulin-du-pivert-biscottes-bises-a-l-huile-d-olive-270g-3268350120053.html;Biscottes bises huile d’olive 270g Pivert;3268350120053;;0;2026-08-14 08:09:25
2561;83123;Kéfit framboise Le Labo Dumoulin 75cl;https://www.etiketbio.eu/biscuit-aux-fruits/6929-moulin-du-pivert-twibio-fourre-fraise-150g-3268350000126.html;Twibio fourre fraise 150g;3268350000126;;0;2026-08-14 08:09:26
2562;83123;Kéfit framboise Le Labo Dumoulin 75cl;https://www.etiketbio.eu/biscuits-au-chocolat/6969-moulin-du-pivert-biscuits-ptiwi-chocolat-noir-125g-3268350120732.html;Biscuits p'tiwi chocolat noir 125g;3268350120732;;0;2026-08-14 08:09:26
2563;83123;Kéfit framboise Le Labo Dumoulin 75cl;https://www.etiketbio.eu/tartines-craquantes-et-biscottes/6938-moulin-du-pivert-pain-grille-250g-3268350120091.html;Pain grillé complet Pivert 250g;3268350120091;;0;2026-08-14 08:09:26
2564;83123;Kéfit framboise Le Labo Dumoulin 75cl;https://www.etiketbio.eu/pains/24004-petits-pains-grilles-epeautre-225g-3268350120930.html;Petits pains grillés épeautre 225g Pivert;3268350120930;;0;2026-08-14 08:09:26
2565;83123;Kéfit framboise Le Labo Dumoulin 75cl;https://www.etiketbio.eu/tartines-craquantes-et-biscottes/24003-moulin-du-pivert-petits-pains-grilles-cereales-et-graines-225g-3268350120268.html;Petits pains grillés céréales graines bio 225g Pivert;3268350120268;;0;2026-08-14 08:09:26
2566;83124;Kéfit gingembre Le Labo Dumoulin 75cl;https://www.etiketbio.eu/farine-de-petit-epeautre-bio/18346-moulin-des-moines-farine-petit-epeautre-blc-t70-500-gr-3347431770353.html;Farine petit épeautre T70 bio 500g – Moulin des Moines;3347431770353;;0;2026-08-14 08:09:43
2567;83124;Kéfit gingembre Le Labo Dumoulin 75cl;https://www.etiketbio.eu/farine-de-petit-epeautre-bio/30704-farine-de-petit-epeautre-complete-extraction-98-t150-500g-3347430022620.html;Farine petit épeautre 500g T150 Moulin des Moines;3347430022620;;0;2026-08-14 08:09:43
2568;83124;Kéfit gingembre Le Labo Dumoulin 75cl;https://www.etiketbio.eu/biscuit-petit-dejeuner/6957-moulin-du-pivert-pti-dej-miel-3268350120534.html;Biscuits petit déjeuner 4 céréales, miel et chocolat bio...;3268350120534;;0;2026-08-14 08:09:43
2569;83124;Kéfit gingembre Le Labo Dumoulin 75cl;https://www.etiketbio.eu/biscuit-petit-dejeuner/6974-moulin-du-pivert-ptit-dej-mulitcereales-et-graines-190g-3268350120817.html;Biscuits petit déjeuner bio multicéréales & graines 190g...;3268350120817;;0;2026-08-14 08:09:43
2570;83124;Kéfit gingembre Le Labo Dumoulin 75cl;https://www.etiketbio.eu/biscuit-petit-dejeuner/6973-moulin-du-pivert-ptit-dej-figues-raisins-graines-190g-3268350120800.html;P’tit Dej figues raisins graines bio 190g – Moulin du Pivert;3268350120800;;0;2026-08-14 08:09:43
2571;83124;Kéfit gingembre Le Labo Dumoulin 75cl;https://www.etiketbio.eu/tartines-craquantes-et-biscottes/6937-moulin-du-pivert-biscottes-completes-huile-dolive-270g-3268350120084.html;Biscottes complètes bio huile d’olive 270g Moulin du Pivert;3268350120084;;0;2026-08-14 08:09:43
2572;83124;Kéfit gingembre Le Labo Dumoulin 75cl;https://www.etiketbio.eu/tartines-craquantes-et-biscottes/6936-moulin-du-pivert-biscottes-bises-sans-sel-270g-3268350120077.html;Biscottes bises sans sel bio 270g Moulin du Pivert;3268350120077;;0;2026-08-14 08:09:44
2573;83124;Kéfit gingembre Le Labo Dumoulin 75cl;https://www.etiketbio.eu/biscuits-au-chocolat/6941-moulin-du-pivert-twibio-fourre-chocolat-150g-3268350120145.html;Twibio fourré chocolat bio Moulin du Pivert 150g;3268350120145;;0;2026-08-14 08:09:44
2574;83124;Kéfit gingembre Le Labo Dumoulin 75cl;https://www.etiketbio.eu/tartines-craquantes-et-biscottes/6935-moulin-du-pivert-biscottes-blanches-a-l-huile-d-olive-270-3268350120060.html;Biscottes blanches huile d’olive 270g Moulin du Pivert;3268350120060;;0;2026-08-14 08:09:44
2575;83124;Kéfit gingembre Le Labo Dumoulin 75cl;https://www.etiketbio.eu/tartines-craquantes-et-biscottes/6966-moulin-du-pivert-biscottes-completes-aux-graines-de-lin-2-3268350120688.html;Biscottes complètes lin bio 270g Moulin du Pivert;3268350120688;;0;2026-08-14 08:09:44
2576;83124;Kéfit gingembre Le Labo Dumoulin 75cl;https://www.etiketbio.eu/biscuit-aux-fruits/6949-moulin-du-pivert-biscuits-crocs-ptits-beurre-au-lait-3268350120305.html;Petits beurre lait Moulin du Pivert 125g;3268350120305;;0;2026-08-14 08:09:44
2577;83124;Kéfit gingembre Le Labo Dumoulin 75cl;https://www.etiketbio.eu/tartines-craquantes-et-biscottes/6950-moulin-du-pivert-petit-pain-grille-miel-et-raisins-225g-3268350120336.html;Petits pains grillés miel raisins bio 225g Moulin du Pivert;3268350120336;;0;2026-08-14 08:09:44
2578;83124;Kéfit gingembre Le Labo Dumoulin 75cl;https://www.etiketbio.eu/biscuit-aux-fruits/6944-moulin-du-pivert-twibio-fourre-figue-150g-3268350120220.html;Twibio fourré figue bio Moulin du Pivert 150 g;3268350120220;;0;2026-08-14 08:09:44
2579;83124;Kéfit gingembre Le Labo Dumoulin 75cl;https://www.etiketbio.eu/tartines-craquantes-et-biscottes/7844-biscottes-d-epeautre-400-gr-3347437756313.html;Biscottes d’épeautre bio – Moulin des Moines;3347437756313;;0;2026-08-14 08:09:44
2580;83124;Kéfit gingembre Le Labo Dumoulin 75cl;https://www.etiketbio.eu/galettes-de-riz-et-de-cereales/12371-moulin-des-moines-galettes-de-petit-epeautre-nappees-chocolat-150-g-3347439950412.html;Galettes de petit epeautre nappees chocolat 150 g;3347439950412;;0;2026-08-14 08:09:44
2581;83124;Kéfit gingembre Le Labo Dumoulin 75cl;https://www.etiketbio.eu/biscuit-petit-dejeuner/6968-moulin-du-pivert-ptit-dej-cereales-et-fruits-rouges-190g-3268350120718.html;Biscuits 4 céréales fruits rouges Pivert 190g;3268350120718;;0;2026-08-14 08:09:45
2582;83124;Kéfit gingembre Le Labo Dumoulin 75cl;https://www.etiketbio.eu/plats-prepares/25904-danival-taboule-du-moulin-620g-3431590002742.html;Taboule du moulin 620g;3431590002742;;0;2026-08-14 08:09:45
2583;83124;Kéfit gingembre Le Labo Dumoulin 75cl;https://www.etiketbio.eu/biscuits-au-chocolat/6959-moulin-du-pivert-biscuits-ptit-dej-cereales-chocolat-190g-3268350120558.html;Biscuits p'tit dej cereales chocolat 190g;3268350120558;;0;2026-08-14 08:09:45
2584;83124;Kéfit gingembre Le Labo Dumoulin 75cl;https://www.etiketbio.eu/tartines-craquantes-et-biscottes/6934-moulin-du-pivert-biscottes-bises-a-l-huile-d-olive-270g-3268350120053.html;Biscottes bises huile d’olive 270g Pivert;3268350120053;;0;2026-08-14 08:09:45
2585;83124;Kéfit gingembre Le Labo Dumoulin 75cl;https://www.etiketbio.eu/biscuit-aux-fruits/6929-moulin-du-pivert-twibio-fourre-fraise-150g-3268350000126.html;Twibio fourre fraise 150g;3268350000126;;0;2026-08-14 08:09:45
2586;83124;Kéfit gingembre Le Labo Dumoulin 75cl;https://www.etiketbio.eu/biscuits-au-chocolat/6969-moulin-du-pivert-biscuits-ptiwi-chocolat-noir-125g-3268350120732.html;Biscuits p'tiwi chocolat noir 125g;3268350120732;;0;2026-08-14 08:09:45
2587;83124;Kéfit gingembre Le Labo Dumoulin 75cl;https://www.etiketbio.eu/tartines-craquantes-et-biscottes/6938-moulin-du-pivert-pain-grille-250g-3268350120091.html;Pain grillé complet Pivert 250g;3268350120091;;0;2026-08-14 08:09:45
2588;83124;Kéfit gingembre Le Labo Dumoulin 75cl;https://www.etiketbio.eu/pains/24004-petits-pains-grilles-epeautre-225g-3268350120930.html;Petits pains grillés épeautre 225g Pivert;3268350120930;;0;2026-08-14 08:09:46
2589;83124;Kéfit gingembre Le Labo Dumoulin 75cl;https://www.etiketbio.eu/tartines-craquantes-et-biscottes/24003-moulin-du-pivert-petits-pains-grilles-cereales-et-graines-225g-3268350120268.html;Petits pains grillés céréales graines bio 225g Pivert;3268350120268;;0;2026-08-14 08:09:46
2590;83124;Kéfit gingembre Le Labo Dumoulin 75cl;https://www.etiketbio.eu/biscuit-aux-fruits/6961-moulin-du-pivert-twibio-fourre-framboise-150g-3268350120572.html;Twibio fourre framboise 150g;3268350120572;;0;2026-08-14 08:09:46
2591;28527;Huiles essentielles pamplemousse Herbes et Tradition 10ml;https://www.etiketbio.eu/huiles-essentielles-a-diffuser/26862-huile-essentielle-pamplemousse-10ml-3700006527989.html;Huile Essentielle Pamplemousse Bio 10ml – H&T;3700006527989;;214;2026-08-14 09:08:27
2592;19048;Klamath Flamant Vert 120 comprimés;https://www.etiketbio.eu/prevenir/24095-flamant-vert-klamath-120comp-3476500881208.html;Klamath Flamant Vert 120 comprimés;3476500881208;;1000;2026-08-14 09:08:28
2593;21592;Quatuor digestion SuperDiet 20 ampoules;https://www.etiketbio.eu/foie-vesicule-biliaire/9184-super-diet-quatuor-chardon-marie-digestion-bio-20-ampoules-3428881238102.html;Quatuor Foie Bio Superdiet 20 ampoules;3428881238102;;554;2026-08-14 09:08:28
2594;24349;Mélatonine SuperDiet 120 gélules;https://www.etiketbio.eu/melatonine/23132-super-diet-melatonine-120gels-3428881162506.html;Mélatonine Superdiet 120 gélules;3428881162506;;1000;2026-08-14 09:08:29
2595;121551;Recharge liquide vaisselle amande Pimpant 25g;https://www.etiketbio.eu/liquide-vaisselle/29014-liquide-vaisselle-amande-stick-25g-3770013543562.html;Stick recharge liquide vaisselle amande 25g;3770013543562;;701;2026-08-14 09:08:30
2596;13210;Cractines sarrasin riz Valpibio 250g;https://www.etiketbio.eu/tisanes-en-vrac/8847-herbier-de-france-bardane-racines-50-g-3417960005759.html;Bardane racines L’Herbier 50g;3417960005759;;0;2026-08-14 09:08:34
2597;13210;Cractines sarrasin riz Valpibio 250g;https://www.etiketbio.eu/tisanes-en-vrac/8853-herbier-de-france-pissenlit-racines-50-g-3417960005865.html;Pissenlit racines L’Herbier de France 50g;3417960005865;;0;2026-08-14 09:08:34
2598;13210;Cractines sarrasin riz Valpibio 250g;https://www.etiketbio.eu/shampooing/29862-shampooing-sec-en-poudre-framboise-50g-3537090019287.html;Shampooing sec framboise Centifolia 50 g;3537090019287;;0;2026-08-14 09:08:34
2599;13210;Cractines sarrasin riz Valpibio 250g;https://www.etiketbio.eu/colorations-permanentes-naturelles/27339-spray-retouche-delicato-chatain-clair-75-ml-8030243014214.html;Spray retouche delicato chatain clair 75 ml;8030243014214;;0;2026-08-14 09:08:35
2600;13210;Cractines sarrasin riz Valpibio 250g;https://www.etiketbio.eu/shampooing/25175-lavera-shampooing-reparateur-expert-et-soin-profond-250ml-4021457655212.html;Shampooing reparateur expert et soin profond 250ml;4021457655212;;0;2026-08-14 09:08:35
2601;13210;Cractines sarrasin riz Valpibio 250g;https://www.etiketbio.eu/shampooing/25386-khadi-shampooing-ayurvedique-amla-volume-200ml-4260672890101.html;Shampooing ayurvédique Amla Volume 200ml - Khadi;4260672890101;;0;2026-08-14 09:08:35
2602;13210;Cractines sarrasin riz Valpibio 250g;https://www.etiketbio.eu/colorations-permanentes-naturelles/27338-spray-retouche-delicato-chatain-fonce-75-ml-8030243014207.html;Spray retouche delicato chatain fonce 75 ml;8030243014207;;0;2026-08-14 09:08:35
2603;13210;Cractines sarrasin riz Valpibio 250g;https://www.etiketbio.eu/plantes-en-comprimes/22639-vitall-shatavari-bio-300mg-60gel-3700195678813.html;Shatavari bio 300 mg 60 gélules Vit'all+;3700195678813;;0;2026-08-14 09:08:35
2604;13210;Cractines sarrasin riz Valpibio 250g;https://www.etiketbio.eu/soin-des-cheveux/28414-lotion-pour-les-cheveux-100-ml-4020829077515.html;Lotion pour les cheveux 100 ml Dr. Hauschka;4020829077515;;0;2026-08-14 09:08:35
2605;13210;Cractines sarrasin riz Valpibio 250g;https://www.etiketbio.eu/chicoree-bio/23879-destination-chicoree-nature-200g-3700110050700.html;Chicorée nature bio 200g Destination;3700110050700;;0;2026-08-14 09:08:35
2606;13210;Cractines sarrasin riz Valpibio 250g;https://www.etiketbio.eu/soin-des-cheveux/22471-khadi-huile-capillaire-strong-amla-50ml-4260378042217.html;Huile capillaire Strong Amla 50ml - Khadi;4260378042217;;0;2026-08-14 09:08:35
2607;13210;Cractines sarrasin riz Valpibio 250g;https://www.etiketbio.eu/gemmotherapie-bio/30951-synergie-confort-masculin-herbes-et-traditions-3700006507110.html;Synergie Confort Masculin Herbes et Traditions;3700006507110;;0;2026-08-14 09:08:35
2608;13210;Cractines sarrasin riz Valpibio 250g;https://www.etiketbio.eu/gemmotherapie-bio/30943-synergie-bourgeons-sommeil-herbes-et-traditions-3700006506762.html;Synergie Bourgeons Sommeil Herbes et Traditions;3700006506762;;0;2026-08-14 09:08:36
2609;13210;Cractines sarrasin riz Valpibio 250g;https://www.etiketbio.eu/shampooing/28642-logona-shampooing-fortifiant-cafeine-250ml-4017645032156.html;Logona shampooing fortifiant caféine 250ml;4017645032156;;0;2026-08-14 09:08:36
2610;13210;Cractines sarrasin riz Valpibio 250g;https://www.etiketbio.eu/digestion-estomac/10939-dr-theiss-elixir-suedois-20-bio-350ml-4016369521045.html;Elixir suedois  20% bio 350ml;4016369521045;;0;2026-08-14 09:08:36
2611;13210;Cractines sarrasin riz Valpibio 250g;https://www.etiketbio.eu/digestion/30162-huile-essentielle-angelique-5-ml-3760197415076.html;Huile essentielle Angélique Ad Naturam 5 ml;3760197415076;;0;2026-08-14 09:08:36
2612;13210;Cractines sarrasin riz Valpibio 250g;https://www.etiketbio.eu/sommeil/30143-huile-essentielle-vetiver-5-ml-3760197414727.html;Huile essentielle Vétiver bio 5 ml Ad Naturam;3760197414727;;0;2026-08-14 09:08:36
2613;13210;Cractines sarrasin riz Valpibio 250g;https://www.etiketbio.eu/chicoree-bio/17731-destination-chicoree-instantanee-bocal-100g-3700110045775.html;Chicorée instantanée bio 100g Destination;3700110045775;;0;2026-08-14 09:08:36
2614;13210;Cractines sarrasin riz Valpibio 250g;https://www.etiketbio.eu/soin-des-cheveux/29990-soin-capillaire-poudre-vitalite-100g-3701311403685.html;Soin capillaire poudre Vitalité Emblica 100g;3701311403685;;0;2026-08-14 09:08:36
2615;13210;Cractines sarrasin riz Valpibio 250g;https://www.etiketbio.eu/soin-des-cheveux/28745-spray-tonique-capillaire-100-ml-4260378049131.html;Spray tonique capillaire Khadi;4260378049131;;0;2026-08-14 09:08:36
2616;13210;Cractines sarrasin riz Valpibio 250g;https://www.etiketbio.eu/ayurvedique-bio/14227-yogi-tea-yogi-tea-chai-doux-sweet-tchai-34g-4012824402638.html;Yogi tea chai doux/sweet tchai 34g;4012824402638;;0;2026-08-14 09:08:37
2617;13210;Cractines sarrasin riz Valpibio 250g;https://www.etiketbio.eu/soin-des-cheveux/29811-serum-anti-chute-50ml-3567730341027.html;Sérum anti chute cheveux bio Dermaclay;3567730341027;;0;2026-08-14 09:08:37
2618;13210;Cractines sarrasin riz Valpibio 250g;https://www.etiketbio.eu/soin-des-cheveux/29992-serum-capillaire-brillance-50ml-emblica-3701311403708.html;Sérum capillaire brillance Emblica 50ml;3701311403708;;0;2026-08-14 09:08:37
2619;13210;Cractines sarrasin riz Valpibio 250g;https://www.etiketbio.eu/masques-cheveux-bio/30351-masque-argiles-plantes-ayurvediques-cheveux-gras-bio-200g-bio-t-3700616301849.html;Masque cheveux gras bio 200g – Bio-T;3700616301849;;0;2026-08-14 09:08:37
2620;13210;Cractines sarrasin riz Valpibio 250g;https://www.etiketbio.eu/laits/15363-grandeur-nature-lait-de-vache-entier-brique-1l-3252920034321.html;Lait de vache entier brique 1l;3252920034321;;0;2026-08-14 09:08:37
2621;13210;Cractines sarrasin riz Valpibio 250g;https://www.etiketbio.eu/colorations-permanentes-naturelles/29828-herbatint-7n-blond-8016744807791.html;Herbatint 7N Blond Herbatint;8016744807791;;0;2026-08-14 09:08:37
2622;13210;Cractines sarrasin riz Valpibio 250g;https://www.etiketbio.eu/colorations-permanentes-naturelles/29827-herbatint-6n-blond-fonce-8016744807784.html;Coloration 6N Blond Foncé Herbatint;8016744807784;;0;2026-08-14 09:08:37
2623;74712;Chapelure de maïs Valpibio 200g;https://www.etiketbio.eu/farine-et-mix-sans-gluten/20739-valpibio-chapelure-nouveau-3259011202751.html;Chapelure maïs Valpibio 200g;3259011202751;;759;2026-08-14 09:08:37
2624;36192;Gaufrettes au cacao sans gluten Valpibio 100g;https://www.etiketbio.eu/biscuits-secs/30422-gaufrettes-cacao-100g-valpibio-3259011199570.html;Gaufrettes cacao 100g bio sans gluten – Valpibio;3259011199570;;810;2026-08-14 09:08:38
2625;23531;Nouilles de riz complètes Terra Sana 250g;https://www.etiketbio.eu/pate-complete/29485-nouilles-chinoises-de-riz-noir-250g-8713576282528.html;Nouilles Riz Noir 250g Terrasana;8713576282528;;294;2026-08-14 09:08:43
2626;23531;Nouilles de riz complètes Terra Sana 250g;https://www.etiketbio.eu/pate-complete/29480-nouilles-pad-thai-de-riz-complet-250g-8713576003727.html;Nouilles Pad Thaï Riz Complet 250g Terrasana;8713576003727;;333;2026-08-14 09:08:43
2627;23532;Nouilles de riz thaï Terra Sana 250g;https://www.etiketbio.eu/pate-complete/29480-nouilles-pad-thai-de-riz-complet-250g-8713576003727.html;Nouilles Pad Thaï Riz Complet 250g Terrasana;8713576003727;;429;2026-08-14 09:08:43
2628;23532;Nouilles de riz thaï Terra Sana 250g;https://www.etiketbio.eu/specialites/12146-terra-sana-nouilles-chinoises-riz-thai-250g-8713576282511.html;Nouilles de riz thaï bio 250g TerraSana;8713576282511;;590;2026-08-14 09:08:43
2629;29532;Couscous de riz sans gluten Valpibio 375g;https://www.etiketbio.eu/semoule-couscous-sans-gluten/23324-valpibio-couscous-riz-vpb-375gr-3259011182381.html;Couscous de riz Valpibio 375g;3259011182381;;592;2026-08-14 09:08:44
2630;36234;Farfalle riz brun sans gluten Valpibio 250g;https://www.etiketbio.eu/pates-sans-gluten/23327-valpibio-farfalle-riz-brun-250g-3259011215430.html;Farfalle riz brun Valpibio 250g;3259011215430;;598;2026-08-14 09:08:51
2631;27749;Linguine Sarrasin Valpibio 500g;https://www.etiketbio.eu/pates-sans-gluten/24230-valpibio-linguine-sarrasin-500g-3259011176335.html;Linguine sarrasin Valpibio 500g;3259011176335;;1000;2026-08-14 09:09:00
2632;24453;Spaghetti de Riz Brun Valpibio 500g;https://www.etiketbio.eu/pates-sans-gluten/23319-valpibio-spaghetti-de-riz-brun-500-g-3259011141753.html;Spaghetti riz brun Valpibio 500g;3259011141753;;796;2026-08-14 09:09:08
2633;28741;Torsades Riz pois chiches Valpibio 250g;https://www.etiketbio.eu/pates-sans-gluten/20736-valpibio-torsades-riz-pois-chiche-vpb-250gr-3259011192830.html;Torsades riz pois chiche Valpibio 250g;3259011192830;;823;2026-08-14 09:09:08
2634;26764;Lasagnes Riz Maïs  Valpibio 250g;https://www.etiketbio.eu/pates-sans-gluten/23323-valpibio-lasagne-riz-mais-vpb-250gr-3259011176304.html;Lasagnes maïs riz Valpibio 250g;3259011176304;;1000;2026-08-14 09:09:08
2635;25272;Coquillettes maïs riz quinoa Valpibio 500g;https://www.etiketbio.eu/pates-sans-gluten/24229-valpibio-coquillette-mais-riz-quinoa-500g-3259011168767.html;Coquillettes maïs riz quinoa Valpibio 500g;3259011168767;;1000;2026-08-14 09:09:08
2636;97773;Coudes de riz complet Valpibio 250g;https://www.etiketbio.eu/pates-sans-gluten/23326-valpibio-coudes-riz-complet-3175681258518.html;Coudes riz complet Valpibio 250g;3175681258518;;796;2026-08-14 09:09:09
2637;30546;Petits cakes châtaigne sans gluten Valpibio 220g;https://www.etiketbio.eu/gateaux-sans-gluten/20737-p-tits-cakes-chataigne-220g-valpibio-3259011194087.html;Cakes châtaigne 220g Valpibio;3259011194087;;430;2026-08-14 09:09:09
2638;84921;Biscuits coeur vanille Valpibio 225g;https://www.etiketbio.eu/biscuits-secs/30420-biscuits-coeur-vanille-225g-valpibio-3175681264335.html;Biscuits cœur vanille 225g bio sans gluten – Valpibio;3175681264335;;395;2026-08-14 09:09:09
2639;24452;Fusilli sarrasin Valpibio 500g;https://www.etiketbio.eu/pates-sans-gluten/20881-valpibio-fusilli-sarrasin-500gr-3259011141722.html;Fusilli sarrasin Valpibio 500g;3259011141722;;1000;2026-08-14 09:09:10
2640;108681;Lasagnes de petits pois  Valpibio 250g;https://www.etiketbio.eu/pates-sans-gluten/30421-feuilles-de-lasagnes-petits-pois-250g-valpibio-3175681290426.html;Lasagnes petits pois 250g bio sans gluten – Valpibio;3175681290426;;517;2026-08-14 09:09:10
2641;30089;Tagliatelles riz brun ValpiBio 250g;https://www.etiketbio.eu/pates-sans-gluten/28704-tagliatelle-riz-brun-250g-3259011200955.html;Tagliatelles riz brun Valpibio 250g;3259011200955;;1000;2026-08-14 09:09:10
2642;11104;Coquillettes de riz  Valpibio 500g;https://www.etiketbio.eu/pates-sans-gluten/24229-valpibio-coquillette-mais-riz-quinoa-500g-3259011168767.html;Coquillettes maïs riz quinoa Valpibio 500g;3259011168767;;551;2026-08-14 09:09:17
2643;11104;Coquillettes de riz  Valpibio 500g;https://www.etiketbio.eu/pates-sans-gluten/25931-coquillettes-riz-vpb-500gr-3760038707506.html;Coquillettes riz Valpibio 500g;3760038707506;;762;2026-08-14 09:09:17
2644;114951;Cardons pelés Cal Valls 660g;https://www.etiketbio.eu/the-vert-parfume/24290-terra-etica-the-vert-citron-x20-3483981900465.html;The vert citron x20;3483981900465;;0;2026-08-14 09:09:25
2645;12028;Betterave rouge lacto fermentée Nutriform 380g;https://www.etiketbio.eu/legumes-lactofermentes/6545-nutriforme-betteraves-rouges-lacto-fermentees-380g-3022820420711.html;Betteraves rouges lacto-fermentees 380g;3022820420711;;282;2026-08-14 09:09:25
2646;69657;Farine de pois chiche origine France Celnat 500g;https://www.etiketbio.eu/farines-autres/22602-celnat-farine-de-pois-chiches-3273120017129.html;Farine de Pois Chiches Bio Celnat 500g;3273120017129;;480;2026-08-14 09:18:47
2647;15759;Carotte lacto-fermenté bio Nutriform 380g;https://www.etiketbio.eu/legumes-lactofermentes/17646-nutriforme-carottes-lacto-fermentees-380g-3022820420612.html;Carottes lacto-fermentees 380g;3022820420612;;254;2026-08-14 09:09:26
2648;71473;Mouisse pois carrés à la marocaine Clac 100g;https://www.etiketbio.eu/tisane-sommeil-detente-bio/8826-herbier-de-france-melisse-feuilles-30-g-3417960000358.html;Mélisse feuilles L’Herbier de France 30g;3417960000358;;0;2026-08-14 09:19:20
2649;71473;Mouisse pois carrés à la marocaine Clac 100g;https://www.etiketbio.eu/tisane-sommeil-detente-bio/26823-aromandise-infusion-relaxante-vrac-3560467790250.html;Tisane Relaxante Hildegarde Vrac  Aromandise;3560467790250;;0;2026-08-14 09:19:20
2650;71473;Mouisse pois carrés à la marocaine Clac 100g;https://www.etiketbio.eu/colorations-permanentes-naturelles/29829-herbatint-8n-blond-clair-8016744807807.html;Herbatint 8N Blond Clair Herbatint;8016744807807;;0;2026-08-14 09:19:20
2651;71473;Mouisse pois carrés à la marocaine Clac 100g;https://www.etiketbio.eu/tisanes-en-vrac/27912-melisse-bio-feuille-france-25g-3481899002936.html;Melisse bio feuille france 25g;3481899002936;;0;2026-08-14 09:19:21
2652;71473;Mouisse pois carrés à la marocaine Clac 100g;https://www.etiketbio.eu/tisanes-en-vrac/17695-herbier-de-france-passiflore-40-g-3417960009122.html;Passiflore L’Herbier de France 40g;3417960009122;;0;2026-08-14 09:19:21
2653;71473;Mouisse pois carrés à la marocaine Clac 100g;https://www.etiketbio.eu/tisanes-en-vrac/19182-herbier-de-france-melange-sommeil-biopartenaire-35g-3417960009061.html;Tisane sommeil L’Herbier de France 35g;3417960009061;;0;2026-08-14 09:19:21
2654;71473;Mouisse pois carrés à la marocaine Clac 100g;https://www.etiketbio.eu/tisane-allaitement-bio/27960-tisane-allaitement-bio-50g-3481899005104.html;Tisane allaitement bio 50g;3481899005104;;0;2026-08-14 09:19:21
2655;71473;Mouisse pois carrés à la marocaine Clac 100g;https://www.etiketbio.eu/tisane-sommeil-detente-bio/9844-jardins-gaia-bonne-nuit-50g-3582811005025.html;Tisane Bonne Nuit Jardins de Gaïa 50g;3582811005025;;0;2026-08-14 09:19:21
2656;71473;Mouisse pois carrés à la marocaine Clac 100g;https://www.etiketbio.eu/tisanes-en-vrac/8856-herbier-de-france-oranger-feuilles-25g-3417960007005.html;Oranger feuilles L’Herbier 25g;3417960007005;;0;2026-08-14 09:19:21
2657;71473;Mouisse pois carrés à la marocaine Clac 100g;https://www.etiketbio.eu/tisane-sommeil-detente-bio/17696-herbier-de-france-oranger-boutons-20-g-3417960009801.html;Oranger boutons L’Herbier 20g;3417960009801;;0;2026-08-14 09:19:21
2658;71473;Mouisse pois carrés à la marocaine Clac 100g;https://www.etiketbio.eu/epices-patisserie-bio/25895-cook-melange-speculoos-poudre-35gr-3417960044840.html;Mélange spéculoos bio Cook 35g;3417960044840;;0;2026-08-14 09:19:21
2659;71473;Mouisse pois carrés à la marocaine Clac 100g;https://www.etiketbio.eu/tisane-bien-etre-feminin-bio/30821-tisane-melange-cycle-feminin-30g-arcadie-herbier-de-france-3417960044796.html;Tisane Cycle Féminin bio 30g – L’Herbier de France;3417960044796;;0;2026-08-14 09:19:22
2660;24097;Cottage cheese sans lactose Zuger 150g;https://www.etiketbio.eu/soupes-lyophilisees/6642-natali-potabio-au-panais-17g-3176800031876.html;Potage instantané panais bio Natali;3176800031876;;0;2026-08-14 09:19:30
2661;104300;Boreks chèvre épinards Les Ptits Chefs du Bio 150g;https://www.etiketbio.eu/fruits-seches-deshydrates-bio/20439-pepite-bananes-philippines-chips-125ga-3760159010455.html;Bananes chips bio Philippines 125g Pépite;3760159010455;;54;2026-08-14 09:20:12
2662;4872;Pain essène blé Gaia 500g;https://www.etiketbio.eu/pains/9501-gaia-pain-essene-ble-amandes-500g-3464872889038.html;Pain essene ble amandes 500g;3464872889038;;604;2026-08-14 09:20:54
2663;4872;Pain essène blé Gaia 500g;https://www.etiketbio.eu/biscottes-tartines-craquantes-et-pains-frais/16049-gaia-pain-essene-ble-raisins-abricots-500g-3464872889045.html;PAIN ESSENE BLE RAISINS ABRICOTS 500G;3464872889045;;473;2026-08-14 09:20:54
2664;4872;Pain essène blé Gaia 500g;https://www.etiketbio.eu/pains/9503-gaia-pain-essene-seigle-500g-3464872889052.html;Pain essene seigle 500g;3464872889052;;400;2026-08-14 09:20:54
2665;17779;Tisane détox Le Comptoir d'Herboristerie 80g;https://www.etiketbio.eu/tisane-minceur-detox-bio/27956-tisane-detox-bio-80g-3481899005043.html;Tisane detox bio 80g;3481899005043;;286;2026-08-14 10:05:14
2666;17778;Tisane articulation Le Comptoir d'Herboristerie 80G;https://www.etiketbio.eu/tisanes-en-vrac/27953-tisane-articulations-bio-80g-3481899005012.html;Tisane articulations bio 80g;3481899005012;;222;2026-08-14 10:05:48
2667;17782;Tisane nuit paisible Le Comptoir d'Herboristerie 50G;https://www.etiketbio.eu/tisane-sommeil-detente-bio/28590-tisane-nuit-paisible-bio-50g-3481899005135.html;Tisane nuit paisible bio 50g;3481899005135;;391;2026-08-14 10:06:21
2668;17784;Tisane voies respiratoires Le Comptoir d'Herboristerie 60G;https://www.etiketbio.eu/tisane-gorge-hiver-bio/27968-tisane-voies-respiratoires-bio-60g-3481899005272.html;Tisane voies respiratoires bio 60g;3481899005272;;414;2026-08-14 10:06:38
2669;2226;Tisane aubier tilleul Le Comptoir d'Herboristerie 50G;https://www.etiketbio.eu/tisane-sommeil-detente-bio/27946-tilleul-bio-aubier-coupe-1cm-france-50g-3481899003988.html;Tilleul bio aubier coupe 1cm france 50g;3481899003988;;235;2026-08-14 10:06:54
2670;2242;Tisane mélisse Le Comptoir d'Herboristerie 25G;https://www.etiketbio.eu/tisanes-en-vrac/27912-melisse-bio-feuille-france-25g-3481899002936.html;Melisse bio feuille france 25g;3481899002936;;169;2026-08-14 10:07:27
2671;11930;Tisane menthe poivrée Le Comptoir d'Herboristerie 100G;https://www.etiketbio.eu/tisane-digestion-bio/27984-menthe-poivree-bio-feuille-maxi-paquet-france-100g-3481899012973.html;Menthe poivree bio feuille maxi paquet france 100g;3481899012973;;204;2026-08-14 10:07:44
2672;64523;Protéines super vegan Iswari 250g;https://www.etiketbio.eu/proteines-en-poudre-bio/29965-proteines-super-vegan-250g-iswari-5600872803898.html;Protéines Super Vegan Iswari 250g;5600872803898;;1000;2026-08-14 10:08:01
2673;64523;Protéines super vegan Iswari 250g;https://www.etiketbio.eu/petit-dejeuner-instantane-bio/29886-super-vegan-protein-cacau-bio-250g-5600872806271.html;Super Vegan Protein cacao bio 250gr Iswari;5600872806271;;354;2026-08-14 10:08:01
2674;64523;Protéines super vegan Iswari 250g;https://www.etiketbio.eu/proteines-en-poudre-bio/29945-super-vegan-proteine-banane-250g-5600872806264.html;Protéine vegan banane bio Iswari 250g;5600872806264;;371;2026-08-14 10:08:01
2675;35746;Eveil du Bouddha chanvre Iswari 360g;https://www.etiketbio.eu/petit-dejeuner-instantane-bio/21865-eveil-du-bouddha-chanvre-5600317472719.html;Éveil du Bouddha Chanvre 360g  Iswari;5600317472719;;1000;2026-08-14 10:08:34
2676;35747;Eveil du Bouddha açaï fraise Iswari 360g;https://www.etiketbio.eu/petit-dejeuner-instantane-bio/21788-eveil-du-bouddha-acai-banane-fraise-5600317472894.html;Éveil du Bouddha Açaï Banane Fraise 360g Iswari;5600317472894;;805;2026-08-14 10:08:51
2677;35750;Eveil du Bouddha mangue baobab Iswari 360g;https://www.etiketbio.eu/petit-dejeuner-instantane-bio/21789-eveil-du-bouddha-mangue-baobab-360g-5600317473525.html;Éveil du Bouddha Mangue Baobab 360g Iswari;5600317473525;;1000;2026-08-14 10:09:08
2678;109783;Savonettes amande douce et agrumes Emma Noël 3x150g;https://www.etiketbio.eu/savons/7402-emma-noel-savonnettes-amande-douce-bio-3x150g-3291960011749.html;Savonnettes Amande Douce Bio 3x150g Emma Noël;3291960011749;;521;2026-08-14 10:09:33
2679;109783;Savonettes amande douce et agrumes Emma Noël 3x150g;https://www.etiketbio.eu/savons/18508-emma-noel-savonnette-huile-amande-douce-100g-3291960005045.html;Savonnette Amande Douce Bio 100g Emma Noël;3291960005045;;387;2026-08-14 10:09:33
2680;109783;Savonettes amande douce et agrumes Emma Noël 3x150g;https://www.etiketbio.eu/savons/16991-emma-noel-savonnettes-rose-de-damas-x3-3291960008633.html;Savonnettes Rose de Damas Bio 3x150g Emma Noël;3291960008633;;271;2026-08-14 10:09:34
2681;109783;Savonettes amande douce et agrumes Emma Noël 3x150g;https://www.etiketbio.eu/savons/7373-emma-noel-savonnette-miel-bio-3x150g-3291960008701.html;Savonnettes Miel Bio 3x150g Emma Noël;3291960008701;;264;2026-08-14 10:09:34
2682;109783;Savonettes amande douce et agrumes Emma Noël 3x150g;https://www.etiketbio.eu/savons/16995-emma-noel-savonnettes-coco-3x150gr-3291960013446.html;Savonnettes Coco Bio 3x150g Emma Noël;3291960013446;;264;2026-08-14 10:09:34
2683;109783;Savonettes amande douce et agrumes Emma Noël 3x150g;https://www.etiketbio.eu/savons/10560-emma-noel-savonnettes-lavande-x3-3760087901153.html;Savonnettes Lavande Bio 3x150g Emma Noël;3760087901153;;255;2026-08-14 10:09:34
2684;109783;Savonettes amande douce et agrumes Emma Noël 3x150g;https://www.etiketbio.eu/savons/7401-emma-noel-savonnettes-olive-bio-3x150g-3291960011732.html;Savonnettes Olive Bio 3x150g Emma Noël;3291960011732;;244;2026-08-14 10:09:34
2685;109783;Savonettes amande douce et agrumes Emma Noël 3x150g;https://www.etiketbio.eu/savons/31051-savonnettes-monoi-x3-450gr-3291960014436.html;Savonnettes Monoï Bio 3x150g Emma Noël;3291960014436;;253;2026-08-14 10:09:34
2686;109783;Savonettes amande douce et agrumes Emma Noël 3x150g;https://www.etiketbio.eu/savons/7372-emma-noel-savonnette-argan-bio-3x150g-3291960008640.html;Savonnettes Argan Bio 3x150g Emma Noël;3291960008640;;287;2026-08-14 10:09:34
2687;109783;Savonettes amande douce et agrumes Emma Noël 3x150g;https://www.etiketbio.eu/savons/31050-savonnettes-3-argiles-bio-3x150g-3291960008671.html;Savonnettes 3 Argiles Bio 3x150g Emma Noël;3291960008671;;274;2026-08-14 10:09:34
2688;109783;Savonettes amande douce et agrumes Emma Noël 3x150g;https://www.etiketbio.eu/savons/28712-savonnette-agrumes-bio-100g-3291960008718.html;Savonnette agrumes bio 100g;3291960008718;;74;2026-08-14 10:09:35
2689;109783;Savonettes amande douce et agrumes Emma Noël 3x150g;https://www.etiketbio.eu/savons/10562-emma-noel-savonnette-aloe-vera-bio-3x150g-3760087901191.html;Savonnette aloe vera bio 3x150g;3760087901191;;67;2026-08-14 10:09:35
2690;109783;Savonettes amande douce et agrumes Emma Noël 3x150g;https://www.etiketbio.eu/savons/16992-emma-noel-savonnette-karite-bio-3x150g-3291960008688.html;Savonnette karite bio 3x150g;3291960008688;;70;2026-08-14 10:09:35
2691;109783;Savonettes amande douce et agrumes Emma Noël 3x150g;https://www.etiketbio.eu/savons/26953-savonnette-aloe-vera-100gr-3291960008725.html;Savonnette aloe vera 100gr;3291960008725;;0;2026-08-14 10:09:35
2692;109783;Savonettes amande douce et agrumes Emma Noël 3x150g;https://www.etiketbio.eu/savons/26955-savonnettes-karite-100gr-3291960008763.html;Savonnettes karite 100gr;3291960008763;;0;2026-08-14 10:09:35
2693;109783;Savonettes amande douce et agrumes Emma Noël 3x150g;https://www.etiketbio.eu/savon-d-alep/8345-douce-nature-savonnette-dalep-100g-3380390901284.html;Savonnette d'Alep 12% Laurier 100g Douce Nature;3380390901284;;76;2026-08-14 10:09:35
2694;109783;Savonettes amande douce et agrumes Emma Noël 3x150g;https://www.etiketbio.eu/cube-de-savon-de-marseille/21320-douce-nature-savonnette-de-marseille-lavandin-3380380079757.html;Savonnette Marseille lavandin Douce Nature 100g;3380380079757;;71;2026-08-14 10:09:35
2695;109783;Savonettes amande douce et agrumes Emma Noël 3x150g;https://www.etiketbio.eu/cube-de-savon-de-marseille/21322-douce-nature-savonnette-de-marseille-verveine-3380380079771.html;Savonnette Marseille verveine Douce Nature 100g;3380380079771;;66;2026-08-14 10:09:35
2696;109783;Savonettes amande douce et agrumes Emma Noël 3x150g;https://www.etiketbio.eu/savons/26952-savonnette-argan-100gr-3291960005038.html;Savonnette argan 100gr;3291960005038;;0;2026-08-14 10:09:36
2697;109783;Savonettes amande douce et agrumes Emma Noël 3x150g;https://www.etiketbio.eu/savons/26954-savonnette-lavande-100gr-3291960008749.html;Savonnette lavande 100gr;3291960008749;;0;2026-08-14 10:09:36
2698;109783;Savonettes amande douce et agrumes Emma Noël 3x150g;https://www.etiketbio.eu/savon-d-alep/24889-douce-nature-savon-d-alep-boue-mer-morte-100g-3380380023743.html;Savon d'Alep Boue Mer Morte 100g Douce Nature;3380380023743;;74;2026-08-14 10:09:36
2699;109783;Savonettes amande douce et agrumes Emma Noël 3x150g;https://www.etiketbio.eu/savons/18510-emma-noel-savonnette-vegetale-coco-bio-100g-3291960013453.html;Savonnette vegetale coco bio 100g;3291960013453;;0;2026-08-14 10:09:36
2700;109783;Savonettes amande douce et agrumes Emma Noël 3x150g;https://www.etiketbio.eu/savon-lait-anesse-bio/25533-cosmonaturel-savon-anesse-verveine-100-gr-3489940035209.html;Savon anesse verveine 100 gr;3489940035209;;0;2026-08-14 10:09:36
2701;109783;Savonettes amande douce et agrumes Emma Noël 3x150g;https://www.etiketbio.eu/savon-lait-anesse-bio/25534-cosmonaturel-savon-anesse-karite-sans-parfum-100gr-3489940035247.html;Savon anesse karite sans parfum 100gr;3489940035247;;0;2026-08-14 10:09:36
2702;110362;Céréales super petit-déjeuner cacao Iswari 360g;https://www.etiketbio.eu/petit-dejeuner-instantane-bio/29332-super-petit-dejeuner-extra-proteine-cacao-bio-360g-5600872804307.html;Super Petit Déjeuner Extra Protéine Cacao Bio 360g Iswari;5600872804307;;487;2026-08-14 10:10:01
2703;110362;Céréales super petit-déjeuner cacao Iswari 360g;https://www.etiketbio.eu/petit-dejeuner-instantane-bio/21866-eveil-bouddha-cacao-360g-5600317473198.html;Éveil du Bouddha Cacao Cru 360g Iswari;5600317473198;;242;2026-08-14 10:10:01
2704;123117;Savon liquide d'Alep Emma Noël 500ml;https://www.etiketbio.eu/savon-d-alep/30816-savon-alep-liquide-500ml-3291960019592.html;Savon d’Alep liquide bio 500ml – Emma Noël;3291960019592;;811;2026-08-14 10:10:10
2705;35748;Eveil du Bouddha Cacao Cru Iswari 360g;https://www.etiketbio.eu/petit-dejeuner-instantane-bio/21866-eveil-bouddha-cacao-360g-5600317473198.html;Éveil du Bouddha Cacao Cru 360g Iswari;5600317473198;;1000;2026-08-14 10:10:18
2706;97656;Savonnettes monoï Emma Noël x3;https://www.etiketbio.eu/savons/31051-savonnettes-monoi-x3-450gr-3291960014436.html;Savonnettes Monoï Bio 3x150g Emma Noël;3291960014436;;529;2026-08-14 10:10:27
2707;20040;Baume karité coco Emma Noël 140G;https://www.etiketbio.eu/beurre-de-karite/7349-emma-noel-baume-karite-coco-bio-equitable-140g-3291960002181.html;Baume karité coco bio équitable 140g Emma Noël;3291960002181;;615;2026-08-14 10:11:00
2708;20040;Baume karité coco Emma Noël 140G;https://www.etiketbio.eu/beurre-de-karite/7357-emma-noel-baume-karite-monoi-bio-equitable-140g-3291960005311.html;Baume karité monoï bio équitable 140g Emma Noël;3291960005311;;459;2026-08-14 10:11:00
2709;29482;Shampooing Douche Fruits d'Eté Ce'Bio 1L;https://www.etiketbio.eu/gels-douche/27151-shampooing-douche-fruit-d-ete-1l-3489940070590.html;Shampooing douche fruit d'ete 1l;3489940070590;;599;2026-08-14 10:11:09
2710;29482;Shampooing Douche Fruits d'Eté Ce'Bio 1L;https://www.etiketbio.eu/shampooing/27154-shampooing-gel-douche-fruits-d-ete-5l-3489940070750.html;Shampooing gel douche fruits d'été 5l;3489940070750;;559;2026-08-14 10:11:09
2711;109847;Crème de jour peaux sèches et sensibles Joayo 50ml;https://www.etiketbio.eu/peaux-seches-et-sensibles/29400-creme-de-jour-peaux-normales-et-mixtes-50ml-3760083571800.html;Crème Jour Peaux Normales & Mixtes 50ml Joayo;3760083571800;;358;2026-08-14 10:11:17
2712;26249;Lait de corps aloe vera & onagre Cattier Pierre 500ml;https://www.etiketbio.eu/lait-pour-le-corps/27770-lait-plaisir-de-corps-hydratant-aloe-vera-85-250ml-3464660000812.html;Lait plaisir de corps hydratant aloe vera 85% (250ml);3464660000812;;352;2026-08-14 10:11:59
2713;26249;Lait de corps aloe vera & onagre Cattier Pierre 500ml;https://www.etiketbio.eu/lait-pour-le-corps/30889-glow-by-nature-lait-corps-200ml-4021457663828.html;Lait corps Glow by Nature Lavera 200ml;4021457663828;;115;2026-08-14 10:11:59
2714;26249;Lait de corps aloe vera & onagre Cattier Pierre 500ml;https://www.etiketbio.eu/lait-pour-le-corps/27687-creme-reparatrice-75-d-aloe-vera-frais-bio-150-ml-3568312001315.html;Crème réparatrice - 75% d’aloé vera frais & bio - 150 ml;3568312001315;;58;2026-08-14 10:11:59
2715;26249;Lait de corps aloe vera & onagre Cattier Pierre 500ml;https://www.etiketbio.eu/lait-pour-le-corps/27144-lait-corps-hydratant-orange-mandarine-500ml-3489940049510.html;Lait corps orange mandarine 500ml Cosmo Naturel;3489940049510;;190;2026-08-14 10:11:59
2716;26249;Lait de corps aloe vera & onagre Cattier Pierre 500ml;https://www.etiketbio.eu/lait-pour-le-corps/24876-lavera-creme-basis-sensitiv-150ml-4021457637584.html;Crème Basis Sensitiv 150ml Lavera visage corps;4021457637584;;55;2026-08-14 10:11:59
2717;26249;Lait de corps aloe vera & onagre Cattier Pierre 500ml;https://www.etiketbio.eu/lait-pour-le-corps/29001-lait-corporel-200ml-3760101450230.html;Lait corporel - 200ml;3760101450230;;48;2026-08-14 10:12:00
2718;26249;Lait de corps aloe vera & onagre Cattier Pierre 500ml;https://www.etiketbio.eu/lait-pour-le-corps/26871-lotion-corps-raffermissante-q10-basis-sensitiv-250ml-4021457637560.html;Lotion corps raffermissante q10 basis sensitiv 250ml;4021457637560;;52;2026-08-14 10:12:00
2719;26249;Lait de corps aloe vera & onagre Cattier Pierre 500ml;https://www.etiketbio.eu/creme-solaire-corps-bio/28547-lait-solaire-satine-spf30-100ml-3760211483586.html;Lait solaire satiné SPF30 100ml - Biarritz;3760211483586;;51;2026-08-14 10:12:00
2720;26249;Lait de corps aloe vera & onagre Cattier Pierre 500ml;https://www.etiketbio.eu/solaires/28568-lait-autobronzant-150-ml-3760211483876.html;Lait autobronzant bio 150 ml - Laboratoires Biarritz;3760211483876;;46;2026-08-14 10:12:00
2721;26249;Lait de corps aloe vera & onagre Cattier Pierre 500ml;https://www.etiketbio.eu/lait-pour-le-corps/24525-dermaclay-creme-universelle-100ml-3567730800333.html;Crème universelle visage corps bio 100ml Dermaclay;3567730800333;;57;2026-08-14 10:12:00
2722;26249;Lait de corps aloe vera & onagre Cattier Pierre 500ml;https://www.etiketbio.eu/lait-pour-le-corps/24524-dermaclay-baume-fondant-pour-le-corps-300ml-3567730800319.html;Baume fondant pour le corps 300ml;3567730800319;;58;2026-08-14 10:12:00
2723;26249;Lait de corps aloe vera & onagre Cattier Pierre 500ml;https://www.etiketbio.eu/soins-apres-soleil-bio/28513-lait-hydratant-sublimateur-150ml-3760075072445.html;Lait hydratant sublimateur 150ml;3760075072445;;46;2026-08-14 10:12:00
2724;26249;Lait de corps aloe vera & onagre Cattier Pierre 500ml;https://www.etiketbio.eu/gels-douche/29903-soin-douche-3-en-1-fleur-de-coton-500ml-3182612709193.html;Soin lavant 3-en-1 Fleur de Coton La Corvette;3182612709193;;42;2026-08-14 10:12:00
2725;26249;Lait de corps aloe vera & onagre Cattier Pierre 500ml;https://www.etiketbio.eu/gels-douche/29902-soin-douche-3-en-1-figue-500ml-3182612709186.html;Soin douche 3-en-1 figue bio La Corvette;3182612709186;;0;2026-08-14 10:12:01
2726;26249;Lait de corps aloe vera & onagre Cattier Pierre 500ml;https://www.etiketbio.eu/lait-pour-le-corps/25578-kerala-nature-baume-craquelures-herbamix-20gr-8906015080490.html;Baume craquelures Herbamix 20g Kerala Nature;8906015080490;;0;2026-08-14 10:12:01
2727;107992;Wouah Gras Tartex 125g;https://www.etiketbio.eu/conserves-de-legumes/23835-tartex-wouah-gras-125g-4005514008807.html;Wouah gras 125g;4005514008807;;608;2026-08-14 10:12:34
2728;65656;Terrine Végétale Champignon Shiitake Tartex 125g;https://www.etiketbio.eu/pates-vegetaux/23837-tartex-terrine-vegetale-champignon-shiitake-125g-4005514026108.html;Terrine vegetale champignon shiitake 125g;4005514026108;;768;2026-08-14 10:13:07
2729;65658;Terrine végétale légumes du soleil Tartex 125g;https://www.etiketbio.eu/pates-vegetaux/16619-tartex-tartex-legumes-du-soleil-125g-4005514085747.html;Tartex legumes du soleil 125g;4005514085747;;552;2026-08-14 10:13:24
2730;65654;Terrine végétale herbes de Provence Tartex 125g;https://www.etiketbio.eu/pates-vegetaux/16618-tartex-tartex-vegetal-herbes-provence-125g-4005514085181.html;Tartex vegetal herbes provence 125g;4005514085181;;488;2026-08-14 10:13:41
2731;121244;Huile d'olive vierge extra Luce 5l;https://www.etiketbio.eu/huile-d-olive/22753-luce-huile-dolive-vierge-extra-50cl-3329489901026.html;Huile d'olive vierge extra 50cl;3329489901026;;593;2026-08-14 10:16:36
2732;121244;Huile d'olive vierge extra Luce 5l;https://www.etiketbio.eu/huile-d-olive/24033-luce-huile-olive-vierge-extra-5l-3329489901002.html;Huile olive vierge extra 5l;3329489901002;;533;2026-08-14 10:16:36
2733;121244;Huile d'olive vierge extra Luce 5l;https://www.etiketbio.eu/huile-d-olive/25508-luce-huile-olive-vierge-extra-fruitee-50cl-3329480001664.html;Huile olive vierge extra fruitee 50cl;3329480001664;;343;2026-08-14 10:16:36
2734;121244;Huile d'olive vierge extra Luce 5l;https://www.etiketbio.eu/sauce-tomate-preparee/22761-luce-sauce-bolognaise-au-boeuf-350g-3329489901644.html;Sauce bolognaise bio Luce 350g;3329489901644;;74;2026-08-14 10:16:36
2735;121244;Huile d'olive vierge extra Luce 5l;https://www.etiketbio.eu/sauce-tomate-preparee/22763-luce-sauce-tomate-basilic-340g-3329489901668.html;Sauce tomate basilic Luce 340g;3329489901668;;63;2026-08-14 10:16:36
2736;121244;Huile d'olive vierge extra Luce 5l;https://www.etiketbio.eu/soupes-bio-pretes-a-deguster/24034-luce-gaspacho-1l-3329489901569.html;Gaspacho bio Luce 1L;3329489901569;;69;2026-08-14 10:16:36
2737;830;Blé tendre complet Markal 500G;https://www.etiketbio.eu/cereales-en-grains/23587-markal-ble-tendre-complet-500g-3329482611205.html;Blé tendre complet 500g - Markal;3329482611205;;1000;2026-08-14 10:17:10
2738;832;Boulgour fin Markal 1KG;https://www.etiketbio.eu/boulgour-bio/14270-markal-boulgour-fin-1kg-3329482021127.html;Boulgour fin 1kg - Markal;3329482021127;;1000;2026-08-14 10:17:26
2739;832;Boulgour fin Markal 1KG;https://www.etiketbio.eu/couscous-bio/15482-markal-couscous-blanc-1kg-3329486421121.html;Couscous blanc 1kg - Markal;3329486421121;;333;2026-08-14 10:17:27
2740;12955;Mélange gourmand Markal 500G;https://www.etiketbio.eu/melanges-prparations/7565-markal-melange-gourmand-500g-3329482161205.html;Mélange Gourmand Boulgour Quinoa Épeautre 500g Markal;3329482161205;;395;2026-08-14 10:17:43
2741;959;Lentilles vertes BIO Markal 1kg;https://www.etiketbio.eu/lentilles-bio/15428-markal-lentilles-vertes-1kg-3329484411124.html;Lentilles vertes 1kg - Markal;3329484411124;;745;2026-08-14 10:18:17
2742;958;Lentilles Corail BIO Markal 500g;https://www.etiketbio.eu/lentilles-bio/15430-markal-lentilles-corail-500g-3329484441206.html;Lentilles corail 500g - Markal;3329484441206;;747;2026-08-14 10:18:33
2743;958;Lentilles Corail BIO Markal 500g;https://www.etiketbio.eu/melanges-prparations/7621-markal-trio-gourmet-500g-3329485835004.html;Trio Gourmet bio 500g – Mélange de céréales – Markal;3329485835004;;216;2026-08-14 10:18:34
2744;10485;Sucre de canne blond Markal 5kg;https://www.etiketbio.eu/sucre-de-canne-bio/25328-markal-sucre-de-canne-blond-5kg-3329487601058.html;Sucre de canne blond 5kg;3329487601058;;727;2026-08-14 10:19:07
2745;101734;Rooibos vanille Choice 20 sachets;https://www.etiketbio.eu/tisanes-en-sachets/28492-infusion-rooibos-vanille-17-sachets-4012824000575.html;Infusion rooibos vanille 17 sachets;4012824000575;;459;2026-08-14 10:19:32
2746;69726;Pouch up pomme pêche abricot Vitamont 3l;https://www.etiketbio.eu/compote-bebe-bio/30228-panda-peach-gourde-peche-abricot-banane-et-epeautre-demeter-100g-7640161877085.html;Gourde bébé pêche abricot banane épeautre 100g – Holle;7640161877085;;109;2026-08-14 10:19:49
2747;69726;Pouch up pomme pêche abricot Vitamont 3l;https://www.etiketbio.eu/gels-douche/25649-ce-bio-gel-douche-enveloppant-fleurs-dabricot-1l-3489940070828.html;Gel douche enveloppant fleurs d'abricot 1l;3489940070828;;0;2026-08-14 10:19:49
2748;69726;Pouch up pomme pêche abricot Vitamont 3l;https://www.etiketbio.eu/compote-bebe-bio/30244-pelican-peach-gourde-100g-7640230493857.html;Gourde bébé bio pêche 100g – Pelican Peach Holle;7640230493857;;58;2026-08-14 10:19:49
2749;69726;Pouch up pomme pêche abricot Vitamont 3l;https://www.etiketbio.eu/gels-douche/28984-gel-douche-peche-de-vigne-500ml-3517360027297.html;Gel Douche Pêche de Vigne 500ml;3517360027297;;64;2026-08-14 10:19:49
2750;69726;Pouch up pomme pêche abricot Vitamont 3l;https://www.etiketbio.eu/jus-de-carotte/7286-vitamont-jus-de-carotte-des-landes-75cl-3289196500014.html;Jus de carotte Vitamont 75cl;3289196500014;;84;2026-08-14 10:19:49
2751;69726;Pouch up pomme pêche abricot Vitamont 3l;https://www.etiketbio.eu/jus-de-betterave/7289-vitamont-jus-de-betterave-normandie-75cl-3289196500052.html;Jus betterave Normandie Vitamont 75cl;3289196500052;;71;2026-08-14 10:19:49
2752;69726;Pouch up pomme pêche abricot Vitamont 3l;https://www.etiketbio.eu/jus-d-orange-et-agrumes/7288-vitamont-jus-orange-carotte-citron-75cl-3289196500045.html;Jus orange carotte citron Vitamont 75cl;3289196500045;;76;2026-08-14 10:19:49
2753;69726;Pouch up pomme pêche abricot Vitamont 3l;https://www.etiketbio.eu/compotes/7457-coteaux-nantais-compote-peche-jaune-725-g-3301594000252.html;Compote pêche jaune bio Coteaux Nantais 725g;3301594000252;;61;2026-08-14 10:19:49
2754;69726;Pouch up pomme pêche abricot Vitamont 3l;https://www.etiketbio.eu/gels-douche/25552-ce-bio-shampooing-douche-peche-blanche-1l-3489940070538.html;Shampooing douche peche blanche 1l;3489940070538;;69;2026-08-14 10:19:50
2755;69726;Pouch up pomme pêche abricot Vitamont 3l;https://www.etiketbio.eu/purees-de-fruits/7714-prosain-puree-de-pommes-et-creme-de-marrons-620g-3335880001869.html;Purée pomme crème marrons 620g bio Prosain;3335880001869;;63;2026-08-14 10:19:50
2756;69726;Pouch up pomme pêche abricot Vitamont 3l;https://www.etiketbio.eu/baume-a-levres/30563-baume-stick-levres-et-joues-01-peche-65g-4020829102866.html;Baume lèvres joues pêche 01 – Dr. Hauschka;4020829102866;;47;2026-08-14 10:19:50
2757;69726;Pouch up pomme pêche abricot Vitamont 3l;https://www.etiketbio.eu/purees-de-fruits/12824-danival-dessert-pomme-chataigne-4x100g-3431590014080.html;Dessert pomme châtaigne Danival 4x100g;3431590014080;;44;2026-08-14 10:19:50
2758;69726;Pouch up pomme pêche abricot Vitamont 3l;https://www.etiketbio.eu/chips/22838-go-pure-chips-de-pomme-de-terre-paprika-125g-8718781201005.html;Chips de pomme de terre paprika 125g;8718781201005;;49;2026-08-14 10:19:50
2759;69726;Pouch up pomme pêche abricot Vitamont 3l;https://www.etiketbio.eu/muesli-aux-fruits/8640-evernat-muesli-pomme-amande-noisette-370g-3396411219184.html;Muesli pomme amande noisette 370g;3396411219184;;51;2026-08-14 10:19:50
2760;69726;Pouch up pomme pêche abricot Vitamont 3l;https://www.etiketbio.eu/purees-de-fruits/31062-puree-pommes-fraises-menthe-bio-360g-coteaux-nantais-3301597007159.html;Purée pommes fraises menthe bio 360g Côteaux Nantais;3301597007159;;0;2026-08-14 10:19:50
2761;69726;Pouch up pomme pêche abricot Vitamont 3l;https://www.etiketbio.eu/gels-douche/24896-douce-nature-gel-douche-fleur-de-coton-500ml-3380380102660.html;Gel douche fleur de coton 500ml;3380380102660;;0;2026-08-14 10:19:50
2762;69726;Pouch up pomme pêche abricot Vitamont 3l;https://www.etiketbio.eu/gels-douche/24894-douce-nature-shampooing-douche-olive-1l-3380380102646.html;Shampooing douche olive 1l;3380380102646;;0;2026-08-14 10:19:51
2763;69726;Pouch up pomme pêche abricot Vitamont 3l;https://www.etiketbio.eu/gels-douche/24893-douce-nature-shampooing-douche-lavande-eco-1l-3380380102639.html;Shampooing douche lavande eco 1l;3380380102639;;0;2026-08-14 10:19:51
2764;69726;Pouch up pomme pêche abricot Vitamont 3l;https://www.etiketbio.eu/gels-douche/25553-ce-bio-shampooing-douche-rose-1l-3489940070552.html;Shampooing douche rose 1l;3489940070552;;0;2026-08-14 10:19:51
2765;69726;Pouch up pomme pêche abricot Vitamont 3l;https://www.etiketbio.eu/gels-douche/28671-gel-douche-au-savon-d-alep-huile-de-graines-de-figue-de-barbarie-500ml-najel-3760061225282.html;GEL DOUCHE AU SAVON D'ALEP HUILE DE GRAINES DE FIGUE DE...;3760061225282;;0;2026-08-14 10:19:51
2766;69726;Pouch up pomme pêche abricot Vitamont 3l;https://www.etiketbio.eu/gels-douche/28763-gel-douche-verveine-citron-750ml-3516170029071.html;Gel douche verveine citron 750ml;3516170029071;;0;2026-08-14 10:19:51
2767;69726;Pouch up pomme pêche abricot Vitamont 3l;https://www.etiketbio.eu/gels-douche/28761-gel-douche-amande-750ml-3516170029057.html;Gel douche amande 750ml;3516170029057;;0;2026-08-14 10:19:51
2768;69726;Pouch up pomme pêche abricot Vitamont 3l;https://www.etiketbio.eu/bain-de-bouche/30884-bain-de-bouche-complete-care-sans-fluorure-400ml-4021457651160.html;Bain de bouche sans fluor Lavera 400ml;4021457651160;;0;2026-08-14 10:19:51
2769;69726;Pouch up pomme pêche abricot Vitamont 3l;https://www.etiketbio.eu/bain-de-bouche/30391-bain-de-bouche-bio-a-l-argent-colloidal-sans-alcool-cosmos-organic-500ml-3760166800605.html;Bain de bouche bio 500 ml sans alcool – Catalyons;3760166800605;;0;2026-08-14 10:19:51
2770;69726;Pouch up pomme pêche abricot Vitamont 3l;https://www.etiketbio.eu/gels-douche/28762-eco-recharge-gel-douche-amande-700ml-3516170029064.html;Eco recharge gel douche amande 700ml;3516170029064;;0;2026-08-14 10:19:52
2771;69726;Pouch up pomme pêche abricot Vitamont 3l;https://www.etiketbio.eu/gels-douche/17012-douce-nature-creme-douche-surgras-1l-3380380078682.html;Creme douche surgras 1l;3380380078682;;0;2026-08-14 10:19:52
2772;69726;Pouch up pomme pêche abricot Vitamont 3l;https://www.etiketbio.eu/gels-douche/26876-gel-douche-2en1-basis-250ml-4021457648474.html;Gel douche 2en1 basis 250ml;4021457648474;;0;2026-08-14 10:19:52
2773;69726;Pouch up pomme pêche abricot Vitamont 3l;https://www.etiketbio.eu/gels-douche/28609-shampooing-douche-pour-toute-la-famille-1l-3537090020351.html;Shampooing-douche pour toute la famille 1l;3537090020351;;0;2026-08-14 10:19:52
2774;69726;Pouch up pomme pêche abricot Vitamont 3l;https://www.etiketbio.eu/gels-douche/21400-creme-douche-citron-citronnelle-150ml-4020829066540.html;Crème douche citron citronnelle Dr. Hauschka;4020829066540;;0;2026-08-14 10:19:52
2775;69726;Pouch up pomme pêche abricot Vitamont 3l;https://www.etiketbio.eu/gels-douche/25651-ce-bio-gel-douche-santal-et-feves-de-tonka-1l-3489940070842.html;Gel douche santal et feves de tonka 1l;3489940070842;;0;2026-08-14 10:19:52
2776;69726;Pouch up pomme pêche abricot Vitamont 3l;https://www.etiketbio.eu/gels-douche/25650-ce-bio-gel-douche-evasion-vanille-et-fleurs-de-tiare-1l-3489940070835.html;Gel douche evasion vanille et fleurs de tiare 1l;3489940070835;;0;2026-08-14 10:19:52
2777;69726;Pouch up pomme pêche abricot Vitamont 3l;https://www.etiketbio.eu/gels-douche/28472-shampooing-douche-orange-lavande-bio-1l-3489940070576.html;Shampooing douche orange lavande bio 1l;3489940070576;;0;2026-08-14 10:19:52
2778;21529;Farfallines blanches en vrac Markal;https://www.etiketbio.eu/pate-blanche/24019-markal-farfalline-blancs-500gr-3329489106162.html;Farfalline blanches 500g - Markal;3329489106162;;315;2026-08-14 10:20:34
2779;21529;Farfallines blanches en vrac Markal;https://www.etiketbio.eu/pates-sans-gluten/25883-ma-vie-sans-gluten-farfalle-riz-complet-250gr-3380380105067.html;Farfalle riz complet 250gr;3380380105067;;0;2026-08-14 10:20:34
2780;11984;Tisane sommeil lavande bio Romon Nature 20 sachets;https://www.etiketbio.eu/tisane-sommeil-detente-bio/9760-romon-nature-plantasia-sommeil-lavande-32g-20-sachets-3554742808006.html;Tisane Sommeil lavande bio Romon Nature;3554742808006;;657;2026-08-14 10:20:43
2781;11984;Tisane sommeil lavande bio Romon Nature 20 sachets;https://www.etiketbio.eu/tisane-sommeil-detente-bio/9775-romon-nature-plantasia-serenite-30g-3554742854003.html;Sérénité bio Romon Nature – 20 sachets;3554742854003;;480;2026-08-14 10:20:43
2782;11984;Tisane sommeil lavande bio Romon Nature 20 sachets;https://www.etiketbio.eu/tisane-sommeil-detente-bio/17289-romon-nature-plantasia-sommeil-nature-format-eco-50-sachets-80g-3554740100317.html;Sommeil nature – Romon Nature 50 sachets;3554740100317;;375;2026-08-14 10:20:43
2783;13160;Tisane rétention d'eau Romon Nature 20 sachets;https://www.etiketbio.eu/tisane-minceur-detox-bio/9767-romon-nature-plantasia-retention-d-eau-32g-20-sachets-3554742853167.html;Rétention d’eau bio Romon Nature – 20 sachets;3554742853167;;749;2026-08-14 10:21:00
2784;21796;Spray purifiant agrumes Florame 180ML;https://www.etiketbio.eu/parfums-ambiance/27045-spray-purifiant-agrumes-180ml-3516170027398.html;Spray purifiant agrumes 180ml;3516170027398;;703;2026-08-14 10:21:16
2785;21528;Coquillettes blanches en vrac Markal;https://www.etiketbio.eu/cereales-bio-grand-format/25334-markal-coquillettes-blanches-5kg-3329489140050.html;Coquillettes blanches 5kg - Markal;3329489140050;;494;2026-08-14 10:21:25
2786;26910;Lentilles Beluga BIO Markal 500G;https://www.etiketbio.eu/lentilles-bio/15432-markal-lentilles-beluga-500g-3329484485002.html;Lentilles beluga 500g - Markal;3329484485002;;747;2026-08-14 10:22:48
2787;5799;Spirales complètes Markal 500G;https://www.etiketbio.eu/pate-demi-complete/24028-markal-spirales-1-2-completes-500g-3329489309150.html;Spirales 1/2 complètes 500g - Markal;3329489309150;;625;2026-08-14 10:23:05
2788;5799;Spirales complètes Markal 500G;https://www.etiketbio.eu/pate-complete/24023-markal-spirales-completes-500g-3329489211156.html;Spirales complètes 500g - Markal;3329489211156;;1000;2026-08-14 10:23:05
2789;9468;Riz thaï demi complet BIO Markal 500g;https://www.etiketbio.eu/riz-thai/15451-markal-riz-thai-1-2-cplet-500g-3329485521204.html;Riz thaï 1/2 complet 500g - Markal;3329485521204;;580;2026-08-14 10:23:22
2790;94184;Boulgour d'épeautre Priméal 400G;https://www.etiketbio.eu/melanges-prparations/22785-primeal-boulgour-epeautre-france-400g-3380380094941.html;Boulgour epeautre france 400g;3380380094941;;417;2026-08-14 10:23:31
2791;3476;Riz thaï blanc BIO Markal 500G;https://www.etiketbio.eu/riz-thai/15452-markal-riz-thai-blanc-500g-3329485531203.html;Riz thaï blanc 500g - Markal;3329485531203;;774;2026-08-14 10:23:39
2792;18831;Riz long blanc spécial risotto BIO Markal 500g;https://www.etiketbio.eu/riz-long/15450-markal-riz-long-blanc-risotto-500g-3329485481201.html;Riz risotto long blanc 500g - Markal;3329485481201;;638;2026-08-14 10:23:56
2793;9569;Sucre de canne complet Markal 5kg;https://www.etiketbio.eu/grands-formats/25329-markal-sucre-complet-canne-5-kg-3329487641054.html;Sucre complet de canne 5kg - Markal;3329487641054;;1000;2026-08-14 10:24:13
2794;111947;Gel détachant taches grasses Etamine du Lys 150ml;https://www.etiketbio.eu/detachant/27487-gel-detachant-150ml-3538395310505.html;Gel détachant 150ml Etamine du Lys;3538395310505;;614;2026-08-14 10:27:23
2795;12842;Flocons de soja toastés  Celnat 500g;https://www.etiketbio.eu/flocons-de-riz-et-de-quinoa-bio/14760-celnat-flocons-de-riz-toastes-500g-3273120011080.html;Flocons de riz toastes 500g Celnat;3273120011080;;749;2026-08-14 10:27:40
2796;84521;Maïs doux Elibio 285g;https://www.etiketbio.eu/mais-bio-en-conserve/24449-elibio-mais-doux-france-285gr-poids-net-3760294960172.html;Mais doux france 285gr poids net;3760294960172;;201;2026-08-14 10:28:56
2797;119261;Pâte à tartiner Chocolade crunchy Jean Hervé 350g;https://www.etiketbio.eu/pate-a-tartiner-praline-bio/8401-jean-herve-crunchy-chocolat-noisette-350g-3390390001518.html;Crunchy chocolat noisette 350g;3390390001518;;165;2026-08-14 10:29:37
2798;119261;Pâte à tartiner Chocolade crunchy Jean Hervé 350g;https://www.etiketbio.eu/pate-a-tartiner-sans-lait/25888-jean-herve-crunchy-750g-chocolade-aux-eclats-de-noisette-avec-lait-3390390001860.html;Crunchy 750g (chocolade aux eclats de noisette avec lait);3390390001860;;150;2026-08-14 10:29:37
2799;18278;Dessert café so soja bio Sojade 530G;https://www.etiketbio.eu/dessert-a-base-de-soja-bio/7066-sojade-dessert-so-soja-cafe-equitable-uht-530g-3273220187302.html;Dessert soja café bio Sojade 530g;3273220187302;;820;2026-08-14 10:29:46