id;code_interne;description_originale;lien_href;description_h2;ean;brand_score;desc_score;date_recherche
1788;10008;Cola Vitamont 33cl;https://www.etiketbio.eu/sodas/7342-vitamont-cola-bio-max-havelaar-33cl-3289196820051.html;Cola bio max havelaar 33cl;3289196820051;;236;2026-08-13 12:04:06
1835;10009;Limonade d'Antan Vitamont 33cl;https://www.etiketbio.eu/sodas/7340-vitamont-limonade-dantan-33cl-3289196820013.html;Limonade d'antan 33cl;3289196820013;;612;2026-08-13 12:10:23
1723;10013;Pur jus d'orange Vitamont 20cl;https://www.etiketbio.eu/jus-d-orange-et-agrumes/7253-vitamont-tetra-jus-oranges-tetra-20cl-3289196260307.html;Tetra jus oranges tetra 20cl;3289196260307;;239;2026-08-13 11:59:51
1818;10014;Pur jus de pomme Vitamont 20cl;https://www.etiketbio.eu/jus-de-pomme/7251-vitamont-tetra-pur-jus-de-pomme-20cl-3289196260284.html;Tetra jus pomme bio Vitamont 20cl;3289196260284;;550;2026-08-13 12:07:17
1709;10015;Pur jus d'orange de Grèce Vitamont 1l;https://www.etiketbio.eu/jus-d-orange-et-agrumes/7314-vitamont-pur-jus-dorange-de-grece-1l-3289196500502.html;Pur jus orange Grèce Vitamont 1L;3289196500502;;525;2026-08-13 11:58:09
2336;10037;Semoule blanche BIO Grosse Markal 500G;https://www.etiketbio.eu/semoule-de-ble-dur-bio/15473-markal-semoule-blanche-de-ble-dur-grosse-500g-3329486321209.html;Semoule blanche grosse 500g - Markal;3329486321209;;787;2026-08-13 13:21:53
562;100907;Café Doux Destination 500g;https://www.etiketbio.eu/cafe-en-grains/23885-destination-cafe-doux-pur-arabica-grains-fair-500gr-3700110053381.html;Cafe doux pur arabica grains  fair 500gr;3700110053381;;149;2026-08-13 07:54:33
2274;101319;Huile végétale de nigelle Herbes et Traditions 50ml;https://www.etiketbio.eu/huile-visage-bio/26863-huile-vegetale-nigelle-50ml-3700006538503.html;Huile vegetale nigelle 50ml;3700006538503;;346;2026-08-13 13:03:05
53;101840;Lentilles beluga Priméal 500g;https://www.etiketbio.eu/lentilles-bio/24686-primeal-lentilles-beluga-500g-3380390000390.html;Lentilles beluga bio Priméal 500g;3380390000390;;748;2026-08-12 12:57:49
1352;102488;Liquide vaisselle framboise Etamine Du Lys;https://www.etiketbio.eu/liquide-vaisselle/23967-etamine-du-lys-liquide-vaisselle-framboise-basilic-500ml-3538395214100.html;Liquide vaisselle framboise basilic Etamine du Lys;3538395214100;;783;2026-08-13 10:41:32
1940;102489;Courgette à la provençale Prosain 650g;https://www.etiketbio.eu/conserves-de-legumes/25217-prosain-courgette-a-la-provencale-au-basilic-650gr-3335880005140.html;Courgette a la provencale au basilic 650gr;3335880005140;;429;2026-08-13 12:28:21
1314;102490;Muesli au caramel 450G Favrichon;https://www.etiketbio.eu/granola-crunchy-krounchy/23982-favrichon-muesli-crousti-caramel-choco-amande-450gr-3111900350861.html;Muesli caramel chocolat bio 450g Favrichon;3111900350861;;541;2026-08-13 10:30:49
1315;102491;Muesli super fruits 450g Favrichon;https://www.etiketbio.eu/granola-crunchy-krounchy/23983-favrichon-muesli-croustillant-superfruits-400gr-3111900350878.html;Muesli croustillant superfruits 400gr;3111900350878;;124;2026-08-13 10:31:06
1354;102495;Liquide vaisselle hypoal Etamine Du Lys 500ml;https://www.etiketbio.eu/liquide-vaisselle/24630-etamine-du-lys-liquide-vaisselle-ultra-degraissant-peaux-sensible-amande-500ml-3538390001033.html;Liquide vaisselle amande Etamine 500ml;3538390001033;;454;2026-08-13 10:41:52
2460;10252;Graines d'amarante Markal 250g;https://www.etiketbio.eu/graines-oleagineux/15511-markal-graines-d-amaranthe-250g-3329488711251.html;Graines d’amarante 250g - Markal;3329488711251;;1000;2026-08-13 13:39:15
485;10256;Thé noir breakfast ceylan Destination 100g;https://www.etiketbio.eu/the-noir-bio/19109-destination-the-breakfast-n4-100g-3700110008282.html;Thé Breakfast Destination 100g;3700110008282;;556;2026-08-13 07:42:12
1919;102561;Trio de poivrons au piment d'Espelette Prosain 650g;https://www.etiketbio.eu/conserves-de-legumes/25218-prosain-trio-de-poivrons-piment-despelette-650gr-3335880005157.html;Trio de poivrons piment d'espelette 650gr;3335880005157;;542;2026-08-13 12:24:05
408;102663;Poudre cacao maigre Destination 250g;https://www.etiketbio.eu/chocolat-en-poudre/21234-destination-pur-cacao-maigre-equitable-250g-3700110003775.html;Pur cacao maigre equitable 250g;3700110003775;;448;2026-08-13 07:38:43
578;102664;Thé vert Citron Bio Destination 20 x 1,75 g;https://www.etiketbio.eu/the-vert-parfume/24433-destination-the-vert-citron-bio-inf-20x175g-3700110054586.html;The vert citron  bio inf 20x1.75g;3700110054586;;299;2026-08-13 07:56:31
1751;102709;Extra Strong Ginger Vitamont 50CL;https://www.etiketbio.eu/jus-de-fruits/30372-extra-strong-ginger-50cl-3289196700018.html;Gingembre à diluer bio 50cl – Vitamont;3289196700018;;222;2026-08-13 12:02:28
1308;102759;Céréales Bombs miel Favrichon 300g;https://www.etiketbio.eu/cereale-soufflee/23979-favrichon-crosti-bombs-miel-300gr-3111900330085.html;Crosti Bombs Miel Favrichon 300g;3111900330085;;703;2026-08-13 10:29:25
995;102873;Barres de céréales noisettes chocolat Bio Soleil x5;https://www.etiketbio.eu/barre-de-cereales/9110-biosoleil-barre-cereales-chocolat-noisette-raisin-x6-125g-3423720008045.html;Barre cereales chocolat noisette raisin x6 125g;3423720008045;;189;2026-08-13 09:25:10
996;102874;Barres de céréales orange et chocolat Bio Soleil x5;https://www.etiketbio.eu/barre-de-cereales/25028-biosoleil-barre-cereales-chocolat-ecorce-dorange-130g-3423720008090.html;Barre cereales chocolat  ecorce d'orange 130g;3423720008090;;161;2026-08-13 09:25:27
1001;102935;Petit beurre au blé complet Bisson 150g;https://www.etiketbio.eu/biscuit-nature/25266-bisson-petit-beurre-ble-complet-france-150gr-3380380096600.html;Petit beurre ble complet france 150gr;3380380096600;;436;2026-08-13 09:28:35
846;103024;Ramen de riz blanc Autour du Riz 280g;https://www.etiketbio.eu/specialites/30211-ramen-de-riz-blanc-280g-autour-du-riz-3760275572547.html;Ramen de riz blanc bio 280g Autour du Riz;3760275572547;;843;2026-08-13 09:08:29
9;10311;Bretzels au quinoa Priméal 200g;https://www.etiketbio.eu/biscuits-aperitif/8184-primeal-bretzels-au-quinoa-200g-3380390000437.html;BRETZELS AU QUINOA 200G;3380390000437;;681;2026-08-12 12:53:29
2367;103443;Sardines marinées au citron Phare d'Eckmühl 135g;https://www.etiketbio.eu/sardines/25198-phare-deckmuhl-sardines-marinees-au-citron-sans-huile-135gr-3263670007985.html;Sardines citron sans huile Phare d’Eckmühl;3263670007985;;429;2026-08-13 13:25:46
316;103515;Huile de Colza Quintesens 1l;https://www.etiketbio.eu/hygiene-et-soins/19767-quintesens-huile-bebe-25cl-3700663000221.html;Huile bebe 25cl;3700663000221;;93;2026-08-12 15:20:55
1199;103597;Purée pomme poire Danival 4x100g;https://www.etiketbio.eu/purees-de-fruits/12448-danival-dessert-de-fruits-pomme-poire-100-4x100-3431590013632.html;Purée pomme poire bio Danival 4x100g;3431590013632;;784;2026-08-13 10:04:31
1789;103795;Kivi figue et au citron Vitamont 75 cl;https://www.etiketbio.eu/kombucha/30829-kivi-cerise-hibiscus-75cl-vitamont-3289196810298.html;Kivi cerise hibiscus bio 75cl – Vitamont;3289196810298;;164;2026-08-13 12:04:57
1832;103796;Kivi au gingembre Vitamont 75 cl;https://www.etiketbio.eu/kombucha/30829-kivi-cerise-hibiscus-75cl-vitamont-3289196810298.html;Kivi cerise hibiscus bio 75cl – Vitamont;3289196810298;;219;2026-08-13 12:09:25
566;103888;Thé vert aux agrumes Destination 80g;https://www.etiketbio.eu/the-vert-parfume/24424-destination-the-vert-agrumes-80gr-bio-3700110050618.html;The vert agrumes 80gr bio;3700110050618;;377;2026-08-13 07:54:50
208;104099;Poivrons rouges grillés Rapunzel 310g;https://www.etiketbio.eu/conserves-de-legumes/29444-poivrons-rouges-grilles-en-saumure-310g-4006040008798.html;Poivrons rouges grillés 310g Rapunzel;4006040008798;;1000;2026-08-12 15:14:30
1115;104603;Herbes de Provence écorecharge Cook 20g;https://www.etiketbio.eu/herbes-aromates-bio/30768-eco-recharge-herbes-de-provence-20g-cook-arcadie-3417960042051.html;Herbes de Provence bio Cook 20g;3417960042051;;643;2026-08-13 09:51:29
1033;104945;Biscuits petit beurre sans gluten Céliane 130g;https://www.etiketbio.eu/biscuits-secs/29641-biscuits-petit-beurre-130g-celiane-3700566453506.html;Petit Beurre Céliane sans gluten 130g;3700566453506;;764;2026-08-13 09:38:41
1826;105384;Jus de mandarine Vitamont 75cl;https://www.etiketbio.eu/jus-d-orange-et-agrumes/7291-vitamont-pur-jus-de-clementine-75cl-3289196500083.html;Pur jus de clementine 75cl;3289196500083;;279;2026-08-13 12:08:42
463;105469;Café décaféiné Destination Capsules x10;https://www.etiketbio.eu/capsules-compatible-nespresso-/24437-destination-capsule-cafe-decafeine-x10-bio-3700110054722.html;Capsule cafe decafeine x10 bio;3700110054722;;452;2026-08-13 07:39:33
381;10548;Liquide vaisselle douceur à la verveine Ecodoo 500ML;https://www.etiketbio.eu/liquide-vaisselle/8338-ecodoo-liquide-vaisselle-douceur-verveine-500ml-3380390900744.html;Liquide vaisselle verveine 500ml Ecodoo;3380390900744;;536;2026-08-12 15:39:39
492;106971;Thé noir Breakfast Destination x20;https://www.etiketbio.eu/the-noir-bio/21846-destination-the-noir-breakfast-20x2g-3700110008114.html;Thé noir Breakfast Destination x20;3700110008114;;1000;2026-08-13 07:45:17
83;10698;Tortils citron safran Priméal 250g;https://www.etiketbio.eu/specialites/8255-primeal-tortils-citron-safran-250g-3380390173506.html;Tortils citron safran bio 250g Priméal;3380390173506;;787;2026-08-12 13:01:54
2293;107020;Filets de maquereaux à l'huile d'olive Phare d'Eckmühl 151g;https://www.etiketbio.eu/maquereau/25199-phare-deckmuhl-filets-de-maquereaux-huile-olive-bio-151gr-3263670008500.html;Filets maquereaux olive Phare d’Eckmühl;3263670008500;;303;2026-08-13 13:18:00
2287;107021;Filets de maquereaux au vin blanc Phare d'Eckmühl 151g;https://www.etiketbio.eu/maquereau/23946-phare-deckmuhl-filets-de-maquereaux-marines-muscadet-et-aromates-151g-3263670008517.html;Filets maquereaux Muscadet Phare d’Eckmühl;3263670008517;;303;2026-08-13 13:16:52
2286;107022;Filets de maquereaux à la moutarde Phare d'Eckmühl 144g;https://www.etiketbio.eu/maquereau/23944-phare-deckmuhl-filets-de-maquereaux-sauce-moutarde-bio-144gr-3263670008487.html;Filets de maquereaux sauce moutarde bio 144gr;3263670008487;;341;2026-08-13 13:16:35
2407;107102;Graines de lin brun Markal 250g;https://www.etiketbio.eu/graines-de-lin-bio/15513-markal-graines-de-lin-brun-250g-3329488811258.html;Graines de lin brun 250g - Markal;3329488811258;;1000;2026-08-13 13:30:46
743;108580;Thé vert Gunpowder Elibio 200g;https://www.etiketbio.eu/the-vert-nature-bio/25937-elibio-the-vert-gunpowder-200g-3760294960387.html;The vert gunpowder 200g;3760294960387;;694;2026-08-13 08:39:50
749;108584;Café Arabica moulu Elibio 250g;https://www.etiketbio.eu/cafe-moulu/24274-elibio-cafe-arabica-moulu-250gr-3760294960356.html;Cafe arabica moulu 250gr;3760294960356;;511;2026-08-13 08:41:30
773;108585;Ratatouille à la provençale Elibio 650g;https://www.etiketbio.eu/ratatouille-bio-en-bocal/24188-elibio-ratatouille-france-650g-3760294960134.html;Ratatouille france 650g;3760294960134;;226;2026-08-13 08:48:33
2166;108993;Chakchouka verte Prosain 400g;https://www.etiketbio.eu/plats-prepares/25226-prosain-chakchouka-verte-aux-poireaux-epinards-et-herbes-400gr-3335880007441.html;Chakchouka verte aux poireaux epinards et herbes 400gr;3335880007441;;157;2026-08-13 12:38:11
796;109128;Boisson végétale soja Elibio 1l;https://www.etiketbio.eu/boisson-au-soja/24207-elibio-boisson-soja-france-1l-3760294960912.html;Boisson soja France 1L Elibio;3760294960912;;587;2026-08-13 08:54:10
2165;109207;Chakchouka rouge Prosain 400g;https://www.etiketbio.eu/plats-prepares/25225-prosain-chakchouka-rouge-aux-tomates-poivrons-epices-400gr-3335880007434.html;Chakchouka rouge aux tomates poivrons epices 400gr;3335880007434;;188;2026-08-13 12:37:55
1334;109215;Muesli protéiné soja et chocolat Favrichon 450g;https://www.etiketbio.eu/muesli-nature/24235-favrichon-muesli-proteine-soja-et-chocolat-450gr-3111900350908.html;Muesli Protéiné Soja Chocolat Favrichon 450g;3111900350908;;829;2026-08-13 10:35:38
1331;109218;Céréales Crosti Crush au chocolat au lait Favrichon 350g;https://www.etiketbio.eu/granola-crunchy-krounchy/23980-favrichon-crosti-crush-choco-noisette-350gr-3111900330092.html;Crosti Crush choco noisettes 350g Favrichon;3111900330092;;323;2026-08-13 10:34:48
2178;109220;Sauce tomate basilic Prosain 610g;https://www.etiketbio.eu/sauce-tomate-preparee/25219-prosain-sauce-tomate-basilic-610gr-3335880005171.html;Sauce tomate basilic 610gr;3335880005171;;508;2026-08-13 12:39:53
82;109459;Coquillettes demi complètes Italie Priméal 1kg;https://www.etiketbio.eu/pate-demi-complete/22736-primeal-coquillettes-demi-completes-1kg-cc-3380380094880.html;Coquillettes demi-complètes bio 1kg Priméal;3380380094880;;730;2026-08-12 13:01:49
81;109460;Fusilli demi complet Italie Priméal 1kg;https://www.etiketbio.eu/pate-demi-complete/22737-primeal-fusilli-demi-complet-1kg-cc-3380380094897.html;Fusilli demi-complets bio 1kg Priméal;3380380094897;;561;2026-08-12 13:01:09
753;109604;Chocolat au lait 43% Elibio 100g;https://www.etiketbio.eu/chocolat-au-lait-bio/24219-elibio-tablette-chocolat-lait-42-100g-3760294961131.html;Tablette chocolat lait 42% 100g;3760294961131;;344;2026-08-13 08:44:01
795;109668;Huile de colza vierge Elibio 1l;https://www.etiketbio.eu/huile-de-colza/24278-elibio-huile-colza-vierge-france-1l-3760294960585.html;Huile de colza vierge 1L France Elibio;3760294960585;;770;2026-08-13 08:53:36
1239;110338;Miso riz Danival 390g;https://www.etiketbio.eu/miso-bio/9200-danival-miso-riz-390g-3431590000434.html;Miso riz 390g;3431590000434;;574;2026-08-13 10:14:43
748;110677;Boisson végétale épeautre, riz, noisette et avoine Elibio 1l;https://www.etiketbio.eu/boisson-a-l-epeautre-bio/24206-elibio-boisson-epeautre-riz-noisette-avoine-1l-cc-3760294960899.html;Boisson épeautre noisette 1L Elibio;3760294960899;;418;2026-08-13 08:41:14
1920;11076;Sauce tomate aux olives Prosain 200g;https://www.etiketbio.eu/sauce-tomate-preparee/7774-prosain-sauce-tomate-aux-olives-200g-3335880005867.html;Sauce tomate olives Prosain 200g;3335880005867;;784;2026-08-13 12:24:22
1040;111205;Shampooing après traitement poux & lentes Coslys 250ML;https://www.etiketbio.eu/cheveux/24760-shampooing-preventif-poux-lentes-230ml-3538396155303.html;SHAMPOOING PREVENTIF POUX & LENTES 230ML;3538396155303;;257;2026-08-13 09:39:57
1329;111224;Muesli croustillant amande et vanille Favrichon 450g;https://www.etiketbio.eu/muesli-nature/25038-favrichon-muesli-croustillant-amande-vanille-450gr-3111900350915.html;Muesli amande vanille bio 450g Favrichon;3111900350915;;590;2026-08-13 10:34:14
1309;111537;Céréales Bombs chocolat Favrichon 350g;https://www.etiketbio.eu/cereale-soufflee/25036-favrichon-crosti-bombs-choco-s-gluten-350g-3111900330146.html;Crosti Bombs Choco Favrichon 350g;3111900330146;;456;2026-08-13 10:29:42
1320;111853;Muesli croustillant nature Favrichon 1kg;https://www.etiketbio.eu/muesli-nature/19511-muesli-croustillant-intensement-nature-1kg-3111900410008.html;Muesli croustillant nature bio 1kg Favrichon;3111900410008;;794;2026-08-13 10:32:05
1321;111854;Muesli croustillant cacao Favrichon 1kg;https://www.etiketbio.eu/muesli-au-chocolat-bio/19485-favrichon-muesli-croustillant-intensement-chocolat-1kg-3111900410015.html;Muesli chocolat bio 1kg Favrichon;3111900410015;;467;2026-08-13 10:32:15
86;111970;Macaroni demi complet cuisson rapide Priméal 500g;https://www.etiketbio.eu/pate-demi-complete/8270-primeal-macaronis-1-2-complets-100-france-500g-3380390187404.html;Macaronis demi-complets bio 500g Priméal France;3380390187404;;312;2026-08-12 13:02:21
2262;112983;Huile essentielle lavande aspic Herbes et Tradition 30ml;https://www.etiketbio.eu/piqures/26857-huile-esentielle-lavande-aspic-30ml-3700006521697.html;Huile essentielle lavande aspic 30ml;3700006521697;;489;2026-08-13 12:59:43
1034;113002;Crème lavante dermatologique surgras Coslys 1l;https://www.etiketbio.eu/gels-douche/24777-coslys-creme-lavante-dermatologique-85ml-3538396601305.html;Crème lavante dermatologique Coslys 85 ml;3538396601305;;567;2026-08-13 09:38:50
2;113057;Lait de coco Priméal 400ml;https://www.etiketbio.eu/lait-de-coco-bio/15184-primeal-lait-de-coco-400ml-3380380083631.html;Lait de Coco Bio 400ml – Priméal;3380380083631;;774;2026-08-12 12:52:52
1913;113419;Sauce tomate à l'ail rôti Prosain 360g;https://www.etiketbio.eu/sauce-tomate-preparee/25223-prosain-sauce-tomate-a-lail-roti-360gr-3335880007267.html;Sauce tomate ail rôti Prosain 360g;3335880007267;;684;2026-08-13 12:22:08
38;11413;Quinoa real Priméal 1kg;https://www.etiketbio.eu/quinoa-bio/8312-primeal-quinoa-real-blanc-1kg-3380390410304.html;Quinoa real blanc Priméal 1kg;3380390410304;;708;2026-08-12 12:55:36
457;114335;Chocolat noir cranberries Kaoka 100g;https://www.etiketbio.eu/chocolat-noir-bio/28508-chocolat-noir-cranberrie-58-100gr-kao-3477730001787.html;Chocolat noir cranberrie 58% 100gr;3477730001787;;336;2026-08-13 07:38:43
1240;11458;Miso cube original Danival 8X10g;https://www.etiketbio.eu/miso-bio/9334-danival-miso-cube-original-8x10g-3431590013854.html;Miso cube original 8x10g;3431590013854;;686;2026-08-13 10:15:00
568;11479;Sucre de canne complet poudre Destination 750g;https://www.etiketbio.eu/sucres/21852-destination-sucre-complet-750g-3700110004420.html;Sucre complet 750g;3700110004420;;241;2026-08-13 07:55:07
437;114793;Chocolat noir oranges, amandes et noisettes Kaoka 180g;https://www.etiketbio.eu/chocolat-noir-bio/30381-tablette-chocolat-noir-66-oranges-confites-acandes-et-noisettes-180g-kaoka-3477730051065.html;TABLETTE CHOCOLAT NOIR 66% ORANGES CONFITES ACANDES ET...;3477730051065;;302;2026-08-13 07:38:41
2326;11498;Saumon au naturel Phare d'Eckmühl 93g;https://www.etiketbio.eu/saumon-et-poissons/28707-saumon-au-naturel-132g-3263670725612.html;Saumon au naturel 132g;3263670725612;;345;2026-08-13 13:21:08
2456;11548;Farine de châtaigne Markal 500g;https://www.etiketbio.eu/farine-de-chataigne-bio/12348-markal-farine-de-chataigne-500g-3329486541201.html;Farine de châtaigne 500g Markal;3329486541201;;1000;2026-08-13 13:37:01
1139;115620;Fleur de Bach n°14 bruyères Deva 15ml;https://www.etiketbio.eu/fleur-de-bach/30963-fleur-de-bach-bruyere-n14-deva-15ml-3760102775660.html;Fleur de Bach Bruyère n°14 DEVA 15ml;3760102775660;;845;2026-08-13 09:58:09
1181;115653;Fleur de Bach n°32 vigne Deva 15ml;https://www.etiketbio.eu/fleur-de-bach/30996-fleur-de-bach-vigne-n32-deva-15ml-3760102775998.html;Fleur de Bach Vigne n°32 DEVA 15ml;3760102775998;;1000;2026-08-13 10:00:44
744;115894;Thé noir Breakfast Elibio 200g;https://www.etiketbio.eu/the-noir-bio/25938-elibio-the-noir-beakfast-200g-3760294960394.html;The noir beakfast 200g Elibio;3760294960394;;786;2026-08-13 08:40:07
1180;11596;Shampooing bio Régénérateur Cheveux Abimés Dermaclay 250ML;https://www.etiketbio.eu/shampooing/24500-dermaclay-shampooing-bio-regenerateur-250ml-3567730300147.html;Shampooing bio regenerateur 250ml;3567730300147;;414;2026-08-13 10:00:35
1218;116291;Vinaigre de riz Danival 250ml;https://www.etiketbio.eu/vinaigres/26973-vinaigre-de-riz-250ml-3431590015322.html;Vinaigre de Riz 250ml Danival;3431590015322;;1000;2026-08-13 10:10:26
2352;116295;Petites sardines de méditerranée à l'huile d'olive Phare d'Eckmühl 100g;https://www.etiketbio.eu/poissons/28750-petite-sardines-mediterranee-olive-100gr-3263670798524.html;Petites sardines olive Phare d’Eckmühl;3263670798524;;282;2026-08-13 13:23:29
1081;116349;Feuilles de thym Cook 60g;https://www.etiketbio.eu/herbes-aromates-bio/25899-cook-thym-feuilles-60gr-3417960045083.html;Thym feuilles bio Cook 60g;3417960045083;;690;2026-08-13 09:45:19
1117;116350;Curry en poudre écorecharde Cook 100g;https://www.etiketbio.eu/epices-en-poudre-bio/30767-eco-recharge-coriandre-moulue-30g-cook-arcadie-3417960041993.html;Coriandre moulue bio Cook 30g;3417960041993;;91;2026-08-13 09:51:55
2341;116359;Thon blanc au naturel Phare d'Eckmühl 160g;https://www.etiketbio.eu/thon-bio-en-conserves/25852-phare-deckmuhl-thon-germon-au-naturel-112gr-3263670793956.html;Thon germon naturel Phare d’Eckmühl;3263670793956;;411;2026-08-13 13:22:19
1332;116498;Muesli avoine chocolat Favrichon 450g;https://www.etiketbio.eu/muesli-au-chocolat-bio/25581-favrichon-muesli-avoine-chocolat-450gr-3111900350922.html;Muesli avoine chocolat 450gr;3111900350922;;498;2026-08-13 10:35:21
458;11653;Café pur arabica soluble Destination 200g;https://www.etiketbio.eu/cafe-soluble/21235-destination-cafe-lyophilise-100-arabica-200g-3700110004901.html;Cafe lyophilise 100 arabica 200g;3700110004901;;301;2026-08-13 07:38:45
751;116572;Préparation à la fraise Elibio 340g;https://www.etiketbio.eu/confiture-de-fruits-rouges/25943-elibio-preparation-fraise-340gr-3760294961445.html;Preparation fraise 340gr;3760294961445;;260;2026-08-13 08:43:28
779;116607;Vinaigre de cidre Elibio 75cl;https://www.etiketbio.eu/vinaigre-de-cidre-bio/25624-elibio-vinaigre-de-cidre-5-75cl-3760294961308.html;Vinaigre de cidre bio 75cl Elibio origine France;3760294961308;;471;2026-08-13 08:49:57
2268;116702;Huile essentielle clou de girofle Herbes et Traditions 10ml;https://www.etiketbio.eu/petits-bobos/26153-herbe-et-traditions-huile-essentielle-clous-de-girofle-10ml-3700006513265.html;Huile essentielle clous de girofle 10ml;3700006513265;;431;2026-08-13 13:00:59
845;11673;Soupe de poisson Bonneterre 800g;https://www.etiketbio.eu/soupes-de-poisson/8450-bonneterre-soupe-riche-en-poissons-800g-3396410015879.html;Soupe de poissons Bonneterre 800g;3396410015879;;788;2026-08-13 09:01:09
766;117170;Torsades blanches Elibio 500g;https://www.etiketbio.eu/pate-blanche/25625-elibio-pate-torsade-blanche-500gr-3760294961353.html;Pate torsade blanche 500gr;3760294961353;;0;2026-08-13 08:47:09
1538;117258;Gel douche plaisir de miel Douce Nature 500ml;https://www.etiketbio.eu/gels-douche/28983-gel-douche-plaisir-de-miel-500ml-3517360027273.html;Gel Douche Plaisir de Miel 500ml;3517360027273;;623;2026-08-13 11:48:26
780;117510;Muesli croquant chocolat noir Elibio 500g;https://www.etiketbio.eu/muesli-au-chocolat-bio/29959-muesli-croquant-chocolat-500g-3760294961346.html;Muesli croquant chocolat Elibio 500g;3760294961346;;779;2026-08-13 08:50:30
768;117513;Spaghetti blanches Elibio 500g;https://www.etiketbio.eu/pate-blanche/25627-elibio-spghetti-blanche-500gr-3760294961414.html;Spaghetti blanche 500gr;3760294961414;;208;2026-08-13 08:47:26
770;117730;Torsades demi-complètes Elibio 500g;https://www.etiketbio.eu/pate-demi-complete/25942-elibio-torsade-1-2-complete-500gr-elibio-3760294961360.html;Torsade 1/2 complete 500gr elibio;3760294961360;;137;2026-08-13 08:47:43
1716;11875;Pur jus de citron de Sicile Vitamont 25cl;https://www.etiketbio.eu/jus-de-citron-bio/21983-vitamont-jus-de-citron-25cl-3289196400178.html;Mini jus citron bio Vitamont 25cl;3289196400178;;365;2026-08-13 11:59:00
1467;11889;Huile de chanvre vierge Emile Noël 25cl;https://www.etiketbio.eu/huile-de-chanvre-bio/7392-emile-noel-huile-vierge-de-chanvre-25cl-3291960011107.html;Huile vierge de chanvre 25cl;3291960011107;;597;2026-08-13 10:48:59
1391;118933;Activateur biologique fosse septique Etamine du Lys 450g;https://www.etiketbio.eu/entretien-wc/27540-activateur-biologique-fosse-septique-450g-3538395113403.html;Activateur biologique fosse septique 450g;3538395113403;;528;2026-08-13 10:46:09
752;119068;Miel de fleurs sauvages Elibio 500g;https://www.etiketbio.eu/miels-pollen/30911-miel-de-fleurs-sauvages-france-500g-3760294961520.html;Miel de fleurs sauvages France Elibio 500g;3760294961520;;779;2026-08-13 08:43:45
746;119167;Boisson végétale riz nature Elibio 1l;https://www.etiketbio.eu/boisson-au-riz-bio/29957-boisson-riz-1l-fabriquee-en-france-3760294960936.html;Boisson riz bio Elibio 1L France;3760294960936;;464;2026-08-13 08:40:40
2184;119397;Pesto poivrons Prosain 185g;https://www.etiketbio.eu/pesto-bio/26957-pesto-poivron-185g-3335880003566.html;Pesto poivron 185g;3335880003566;;400;2026-08-13 12:42:09
3;119597;Lait de coco Priméal 225ml;https://www.etiketbio.eu/lait-de-coco-bio/15185-primeal-lait-de-coco-225ml-3380380083648.html;Lait de coco 225ml;3380380083648;;655;2026-08-12 12:52:56
1217;12008;Tamari sauce soja Danival 1l;https://www.etiketbio.eu/sauce-soja-bio/26971-bio-tamari-50cl-3431590002810.html;Bio tamari 50cl;3431590002810;;102;2026-08-13 10:10:01
508;120582;Concentré de tomate 22% Luce 100g;https://www.etiketbio.eu/sauce-tomate-nature/22630-luce-concentre-de-tomate-22-100g-3329489901705.html;Concentré de tomate bio Luce 100g;3329489901705;;769;2026-08-13 07:47:57
1330;120743;Muesli croustillant protéiné chocolat Favrichon 450g;https://www.etiketbio.eu/muesli-au-chocolat-bio/29050-muesli-croustillant-proteine-chocolat-450g-3111900350977.html;Muesli protéiné chocolat 450g - Favrichon;3111900350977;;714;2026-08-13 10:34:31
1795;121110;Kombucha immunité ananas curcuma Vitamont 75cl;https://www.etiketbio.eu/kombucha/30828-kombucha-immunite-ananas-curcuma-75cl-3289196810267.html;Kombucha immunité ananas curcuma 75cl – Vitamont;3289196810267;;1000;2026-08-13 12:05:40
1753;121111;Kombucha détox cassis hibiscus Vitamont 75cl;https://www.etiketbio.eu/kombucha/30827-kombucha-detox-cassis-hibiscus-75cl-3289196810250.html;Kombucha détox cassis hibiscus 75cl – Vitamont;3289196810250;;1000;2026-08-13 12:02:53
47;121176;Couscous blanc Priméal 1kg;https://www.etiketbio.eu/couscous-bio/8226-primeal-couscous-blanc-1kg-3380390100502.html;Couscous blanc 1kg;3380390100502;;614;2026-08-12 12:56:43
59;121183;Lentilles corail Priméal 1kg;https://www.etiketbio.eu/lentilles-bio/12073-primeal-lentilles-corail-1kg-3380390202305.html;Lentilles corail bio Priméal 1kg;3380390202305;;747;2026-08-12 12:58:17
46;121205;Couscous de sarrasin Priméal 400g;https://www.etiketbio.eu/semoule-couscous-sans-gluten/27514-couscous-de-sarrasin-400g-3380380103698.html;Couscous de sarrasin 400g;3380380103698;;690;2026-08-12 12:56:37
2409;121228;Lentilles vertes cuisson rapide Markal 400g;https://www.etiketbio.eu/lentilles-bio/28823-lentilles-vertes-cuissons-rapide-400g-3329480002548.html;Lentilles vertes cuisson rapide 400g;3329480002548;;759;2026-08-13 13:31:03
2411;121229;Pois chiches cuisson rapide Markal 400g;https://www.etiketbio.eu/pois-chiches-bio-/28824-pois-chiche-cuisson-rapide-400g-3329480002555.html;Pois chiches cuisson rapide 400g Markal;3329480002555;;1000;2026-08-13 13:31:20
2413;121230;Pois cassés cuisson rapide Markal 400g;https://www.etiketbio.eu/pois-casses-bio-/28825-pois-casses-cuisson-rapide-400g-3329480002562.html;Pois cassés cuisson rapide 400g;3329480002562;;749;2026-08-13 13:31:37
1;121231;Psyllium blond Priméal 150g;https://www.etiketbio.eu/psyllium/8069-primeal-psyllium-blond-teguments-150g-3380380070495.html;Psyllium Blond Téguments 150g Priméal;3380380070495;;675;2026-08-12 12:52:48
2280;121232;Psyllium blond Markal 350g;https://www.etiketbio.eu/psyllium/28822-psyllium-blond-350g-3329480002425.html;Psyllium blond 350g - Markal;3329480002425;;1000;2026-08-13 13:15:50
615;121372;Krounchy chocolat cacao Grillon d'Or 500g;https://www.etiketbio.eu/granola-crunchy-krounchy/9028-grillon-dor-krounchy-too-chocolat-500g-3421557110214.html;Krounchy duo chocolat Grillon d’Or 500g;3421557110214;;726;2026-08-13 08:12:58
757;121518;Farine de blé T65 Elibio 1kg;https://www.etiketbio.eu/farines-de-ble/24211-elibio-farine-de-ble-t65-3760294960981.html;Farine de blé T65 Elibio;3760294960981;;769;2026-08-13 08:45:08
1513;121626;Supermix cassis framboise fraise Germline 350g;https://www.etiketbio.eu/petit-dejeuner-instantane-bio/30739-supermix-cassis-framboise-fraise-350g-3465510013181.html;Supermix fruits rouges bio 350g – Germline;3465510013181;;337;2026-08-13 11:02:29
1476;121700;Huile d'olive vierge extra Grèce Emile Noël 50cl;https://www.etiketbio.eu/huile-d-olive/29180-huile-olive-vierge-extra-grece-50cl-3291960018694.html;Huile olive vierge extra Grèce 50cl - EMILE NOEL;3291960018694;;753;2026-08-13 10:53:28
1216;121755;Sauce tikka massala Danival 345g;https://www.etiketbio.eu/aides-culinaires/30213-sauce-indienne-curry-tikka-masala-350g-8713576002812.html;Sauce tikka masala bio TerraSana 350g;8713576002812;;232;2026-08-13 10:09:36
2356;121818;Rillettes de thon blanc Phare d'Eckmühl 90g;https://www.etiketbio.eu/poissons/28816-rillettes-de-thon-blanc-peche-responsable-90g-3263670801200.html;"Rillettes de thon blanc ""pêche responsable"" 90g";3263670801200;;575;2026-08-13 13:24:03
2358;121819;Tartare d'algues Phare d'Eckmühl 90g;https://www.etiketbio.eu/algues/28817-tartare-d-algues-bio-en-verrine-90g-3263670801248.html;Tartare d’algues Phare d’Eckmühl 90g;3263670801248;;1000;2026-08-13 13:24:20
2361;121820;Rillettes de sardines Phare d'Eckmühl 90g;https://www.etiketbio.eu/rillettes-terrines-de-poisson/28979-rillettes-de-sardines-peche-responsable-90g-3263670801224.html;"Rillettes de sardines ""pêche responsable"" 90g";3263670801224;;530;2026-08-13 13:24:38
2363;121821;Moules à l'escabèche Phare d'Eckmühl 111g;https://www.etiketbio.eu/saumon-et-poissons/29905-moules-a-l-escabeche-111g-phare-d-eckmuhl-3263670651010.html;Moules à l’escabèche bio – Phare d’Eckmühl;3263670651010;;736;2026-08-13 13:24:55
1183;121926;Masque cheveux bouclés Dermaclay 250ml;https://www.etiketbio.eu/masques-cheveux-bio/29809-masque-boucles-250ml-3567730332049.html;Masque Boucles 250ml Dermaclay;3567730332049;;706;2026-08-13 10:01:26
498;122467;Thé vert earl grey Destination 80g;https://www.etiketbio.eu/the-vert-parfume/21859-destination-the-vert-earl-grey-80g-3700110044389.html;The vert earl grey 80g;3700110044389;;655;2026-08-13 07:46:08
1392;12265;Huile de noix vierge Emile Noël 50cl;https://www.etiketbio.eu/huiles/7365-emile-noel-huile-vierge-de-noix-50cl-3291960006790.html;Huile vierge de noix 50cl;3291960006790;;585;2026-08-13 10:46:17
196;122699;Gourde épinards dès 4 mois Popote 120g;https://www.etiketbio.eu/compote-bebe-bio/30236-power-parrot-gourde-poire-pomme-et-epinard-demeter-100gr-7640161877351.html;Gourde bébé poire pomme épinard bio 100g – Holle;7640161877351;;83;2026-08-13 11:42:56
197;122703;Gourde carotte dès 4 mois Popote 120g;https://www.etiketbio.eu/compote-bebe-bio/30235-carrot-cat-gourde-carotte-mangue-banane-et-poire-demeter-100g-7640161877337.html;Gourde bébé carotte bio 100g Demeter – Holle Carrot Cat;7640161877337;;123;2026-08-13 11:44:05
198;122707;Gourde myrtilles dès 4 mois Popote 120g;https://www.etiketbio.eu/compote-bebe-bio/30242-dino-dance-pomme-myrtille-et-pruneau-demeter-100g-7640230493666.html;Gourde bébé bio pomme myrtille pruneau 100g – Holle;7640230493666;;80;2026-08-13 11:45:28
1351;122747;Lessive main hypoallergénique abricot Etamine du Lys 250ml;https://www.etiketbio.eu/lessive-liquide/19906-etamine-du-lys-lessive-main-abricot-250ml-3538395313100.html;Lessive main abricot Etamine du Lys;3538395313100;;565;2026-08-13 10:41:15
1469;122895;Pesto verde Emile Noël 180g;https://www.etiketbio.eu/pesto-bio/30452-pesto-verde-bio-180gr-3291960019660.html;Pesto verde bio 180g – Émile Noël sauce basilic;3291960019660;;469;2026-08-13 10:50:14
2453;122905;Petits flocons d'avoine Markal 1kg;https://www.etiketbio.eu/flocons-d-avoine-bio/30900-petits-flocons-d-avoine-format-familial-markal-1kg-3329480004122.html;Petits flocons d’avoine bio Markal 1kg;3329480004122;;786;2026-08-13 13:35:54
2281;122907;Crème de coco Markal 200ml;https://www.etiketbio.eu/lait-de-coco-bio/20555-markal-creme-de-coco-200ml-3329489070173.html;Crème de coco 200ml - Markal;3329489070173;;1000;2026-08-13 13:16:07
2387;122913;Semoule blanche de blé dur grosse Markal 500g;https://www.etiketbio.eu/semoule-de-ble-dur-bio/15473-markal-semoule-blanche-de-ble-dur-grosse-500g-3329486321209.html;Semoule blanche grosse 500g - Markal;3329486321209;;538;2026-08-13 13:27:21
2391;122915;Semoule complète de blé dur fine Markal 500g;https://www.etiketbio.eu/semoule-de-ble-dur-bio/15474-markal-semoule-complete-de-ble-dur-fine-500g-3329486331208.html;Semoule complète fine 500g - Markal;3329486331208;;536;2026-08-13 13:27:46
2420;122917;Lentilles vertes Markal 500g;https://www.etiketbio.eu/lentilles-bio/15429-markal-lentilles-vertes-500g-3329484411209.html;Lentilles vertes 500g - Markal;3329484411209;;1000;2026-08-13 13:32:29
430;122918;Jus de citron Luce 50cl;https://www.etiketbio.eu/jus-de-citron-bio/23950-luce-pur-jus-de-citron-50cl-3329489900081.html;Jus citron bio Luce 50cl;3329489900081;;681;2026-08-13 07:43:20
2464;122920;Graines de chia Markal 250g;https://www.etiketbio.eu/graines-de-chia-bio/7672-markal-graines-de-chia-250g-3329488732508.html;Graines de chia 250g - Markal;3329488732508;;1000;2026-08-13 13:39:48
2421;122921;Graines de chia Markal 500g;https://www.etiketbio.eu/graines-de-chia-bio/15512-graine-de-chia-500g-3329488735004.html;Graines de chia 500g - Markal;3329488735004;;1000;2026-08-13 13:32:37
2422;122923;Graines de lin doré Markal 250g;https://www.etiketbio.eu/graines-de-lin-bio/13334-markal-graines-de-lin-doree-250g-3329488311253.html;Graines de lin doree 250g;3329488311253;;571;2026-08-13 13:32:46
2415;122924;Sésame décortiqué grillé Markal 250g;https://www.etiketbio.eu/graines-de-sesame-bio/15504-sesame-decortique-grille-250g-3329488551253.html;Sésame décortiqué grillé 250g Markal;3329488551253;;1000;2026-08-13 13:32:03
1506;122952;Cacahuètes torréfiées Go Nuts 125g;https://www.etiketbio.eu/fruits-seches-deshydrates-bio/30645-cacahuetes-torrefiees-125g-3770008500792.html;Cacahuètes torréfiées 125g bio – Go Nuts;3770008500792;;787;2026-08-13 10:58:32
499;122954;Fettuccine blanches Luce 500g;https://www.etiketbio.eu/pate-blanche/31065-fettuccine-blanches-500g-3329480003736.html;Fettuccine blanches bio Luce 500g;3329480003736;;748;2026-08-13 07:46:33
1512;122959;Purée de noix tigrées Go Nuts 200g;https://www.etiketbio.eu/purees-fruits-secs/30574-pate-a-tartiner-noix-tigree-200g-3760436470132.html;Purée de noix tigrées bio Go Nuts 200g;3760436470132;;826;2026-08-13 10:59:57
1838;122964;Kivi cerise hibiscus Vitamont 75cl;https://www.etiketbio.eu/kombucha/30829-kivi-cerise-hibiscus-75cl-vitamont-3289196810298.html;Kivi cerise hibiscus bio 75cl – Vitamont;3289196810298;;787;2026-08-13 12:11:05
1796;122965;Kombucha antioxydant clémentine citron Vitamont 75cl;https://www.etiketbio.eu/kombucha/30373-kombucha-antioxydant-clementine-citron-75cl-3289196810274.html;Kombucha antioxydant 75cl bio – Vitamont;3289196810274;;548;2026-08-13 12:05:48
90;123001;Linguine blanches Priméal 500g;https://www.etiketbio.eu/pate-blanche/30280-linguine-blanches-500g-3380380111754.html;Linguine blanches bio 500g – Pâtes blé dur Priméal;3380380111754;;385;2026-08-12 13:03:06
91;123002;Rigatoni blancs Priméal 500g;https://www.etiketbio.eu/pate-blanche/28879-rigatoni-blancs-500g-3380380111761.html;Rigatoni blancs 500 g;3380380111761;;408;2026-08-12 13:03:11
92;123005;Trecce blanches Priméal 500g;https://www.etiketbio.eu/pate-blanche/30281-trecce-blanches-500g-3380380113734.html;Trecce blanches bio 500g – Pâtes blé dur Priméal;3380380113734;;378;2026-08-12 13:03:17
93;123006;Tagliatelles blanches Priméal 250g;https://www.etiketbio.eu/pate-blanche/30282-tagliatelles-blanches-ff-250g-3380380113758.html;Tagliatelles blanches bio 250g – Pâtes blé dur Priméal;3380380113758;;395;2026-08-12 13:03:22
1000;123009;Sablés céréales noisettes Bisson 200g;https://www.etiketbio.eu/biscuit-aux-fruits/20022-bisson-sables-cereales-muesli-et-fruits-200g-3380380092091.html;Sables cereales muesli et fruits 200g;3380380092091;;351;2026-08-13 09:28:10
402;123017;Produit vaisselle en poudre Ecodoo 200g;https://www.etiketbio.eu/poudre-gel-lave-vaisselle/30762-ecd-vaisselle-main-poudre-200g-3380380114564.html;Produit vaisselle poudre Ecodoo 200g;3380380114564;;800;2026-08-12 15:42:48
747;123033;Boisson végétale amande intense Elibio;https://www.etiketbio.eu/boisson-a-l-amande-bio/24205-elibio-boisson-amande-intense-avec-sucre-de-canne-1l-cc-3760294960882.html;Boisson amande intense 1L Elibio;3760294960882;;663;2026-08-13 08:40:57
756;123065;Farine de blé T80 Elibio 1kg;https://www.etiketbio.eu/farines-de-ble/24210-elibio-farine-de-ble-t80-3760294960974.html;Farine de blé T80 Elibio;3760294960974;;769;2026-08-13 08:44:51
745;123066;Jus de pomme pur jus Elibio 1l;https://www.etiketbio.eu/jus-de-pomme/28666-jus-de-pomme-tetra-sans-sucre-ajoute-1l-3760294961674.html;Jus de pomme tetra sans sucre ajouté 1l;3760294961674;;275;2026-08-13 08:40:23
750;123067;Jus pomme pêche abricot Elibio 1l;https://www.etiketbio.eu/jus-de-fruits/28667-jus-de-pomme-peche-abricot-sans-sucre-ajoute-1l-3760294961681.html;Jus de pomme pêche abricot sans sucre ajouté 1l;3760294961681;;389;2026-08-13 08:41:47
784;123068;Purée de tahin Elibio 250g;https://www.etiketbio.eu/puree-de-sesame/28668-puree-de-tahin-100-sesame-blanc-250g-3760294961704.html;Purée de tahin, 100% sésame blanc 250g;3760294961704;;350;2026-08-13 08:51:21
754;123072;Sucre de canne en morceaux roux Elibio 500g;https://www.etiketbio.eu/sucre-de-canne-bio/30356-sucre-roux-morceaux-500g-3760294961827.html;Sucre roux morceaux bio 500g – Elibio;3760294961827;;513;2026-08-13 08:44:18
755;123074;Sucre de canne blond Elibio 1kg;https://www.etiketbio.eu/sucre-de-canne-bio/30718-sucre-de-canne-blond-en-poudre-sachet-de-1kg-3760294961858.html;Sucre de canne blond en poudre Elibio 1kg;3760294961858;;646;2026-08-13 08:44:35
2047;123105;Mezze poivrons et noix Prosain 220g;https://www.etiketbio.eu/conserves-de-legumes/29973-mezze-poivrons-et-noix-220g-prosa-3335880007366.html;Mezzé poivrons & noix Prosain 220g;3335880007366;;796;2026-08-13 12:32:38
1326;123113;Epeautre complet soufflé Favrichon 150g;https://www.etiketbio.eu/cereale-soufflee/30649-epeautre-complet-souffle-150g-3111900351035.html;Épeautre soufflé bio Favrichon 150g;3111900351035;;714;2026-08-13 10:33:08
1327;123115;Avoine complète soufflée Favrichon 200g;https://www.etiketbio.eu/cereale-soufflee/30647-avoine-complete-soufflee-sans-gluten-200g-3111900351011.html;Avoine soufflée sans gluten 200g – Favrichon;3111900351011;;494;2026-08-13 10:33:24
1328;123116;Corn Flakes sans gluten Favrichon 400g;https://www.etiketbio.eu/flakes-petales-de-cereales/29053-corn-flakes-sans-gluten-sachet-400g-3111900410077.html;Corn flakes sans gluten 400g - Favrichon;3111900410077;;1000;2026-08-13 10:33:41
1026;123318;Purée pommes pêches Côteaux Nantais 915g;https://www.etiketbio.eu/purees-de-fruits/31064-puree-pommes-peches-bio-coteaux-nantais-915g-3301597007210.html;Purée pommes pêches bio Côteaux Nantais 915g;3301597007210;;816;2026-08-13 09:36:10
1027;123319;Purée pommes fraises Côteaux Nantais 915g;https://www.etiketbio.eu/purees-de-fruits/31063-puree-pommes-fraises-bio-coteaux-nantais-915g-3301597007197.html;Purée pommes fraises bio Côteaux Nantais 915g;3301597007197;;817;2026-08-13 09:36:26
1023;123320;Purée pommes fraises menthe Côteaux Nantais 360g;https://www.etiketbio.eu/purees-de-fruits/31062-puree-pommes-fraises-menthe-bio-360g-coteaux-nantais-3301597007159.html;Purée pommes fraises menthe bio 360g Côteaux Nantais;3301597007159;;840;2026-08-13 09:34:44
1096;123473;Mélange 4 baies écorecharge Cook 35g;https://www.etiketbio.eu/poivres-baies-bio/31067-eco-recharge-melange-4-baies-35g-3417960047391.html;Éco-recharge mélange 4 baies bio Cook 35g;3417960047391;;471;2026-08-13 09:49:19
2325;12434;Duo de quinoa rouge et blanc Markal 500g;https://www.etiketbio.eu/quinoa-bio/15509-markal-quinoa-rouge-et-blanc-500-g-3329488661204.html;Duo de quinoa rouge et blanc 500g - Markal;3329488661204;;1000;2026-08-13 13:21:00
1429;12683;Huile d'argan vierge Emile Noël 25cl;https://www.etiketbio.eu/huiles/12329-emile-noel-huile-vierge-dargan-equitable-alimentaire-25cl-3291960011084.html;Huile vierge d'argan equitable alimentaire 25cl;3291960011084;;477;2026-08-13 10:47:37
1518;12835;Arrow root Celnat 250g;https://www.etiketbio.eu/farines-precuites/20623-arrow-root-3273120021775.html;Arrow Root Bio 250g Celnat;3273120021775;;733;2026-08-13 11:04:01
2291;12943;Farine de Petit Epeautre intégrale bio Markal 500g;https://www.etiketbio.eu/farine-de-petit-epeautre-bio/7650-markal-farine-de-petit-epeautre-integrale-500g-3329486731206.html;Farine de petit épeautre intégrale  500g – Markal;3329486731206;;839;2026-08-13 13:17:35
2458;12945;Sélection du boulanger au millet Markal 250g;https://www.etiketbio.eu/millet-bio/16349-markal-saveur-du-boulanger-millet-250g-3329488911200.html;Sélection boulanger millet 250g - Markal;3329488911200;;662;2026-08-13 13:38:00
1516;12989;Graines à germer mix protéinés Germline 200g;https://www.etiketbio.eu/graines-a-germer/22102-germline-mix-proteines-a-germer-200g-3465511144204.html;Mix Protéines à germer Germline 200g;3465511144204;;771;2026-08-13 11:03:36
1527;12991;Germe de blé enzymes actifs Germline 250g;https://www.etiketbio.eu/graines-a-germer/27251-germes-de-ble-aux-enzymes-actifs-250gr-3465511502523.html;Germe de blé bio Germline 250g;3465511502523;;563;2026-08-13 11:07:14
1917;1300;Sauce tomate aux plantes aromatiques Prosain 200g;https://www.etiketbio.eu/sauce-tomate-preparee/7768-prosain-sauce-tomate-aux-plantes-aromatiques-200g-3335880005805.html;Sauce tomate aromates Prosain 200g;3335880005805;;468;2026-08-13 12:23:15
388;13071;Savon Noir Traditionnel Ecodoo 1L;https://www.etiketbio.eu/savon-noir/19213-ecodoo-savon-noir-en-spray-750ml-3380380089015.html;Savon noir en spray 750ml;3380380089015;;234;2026-08-12 15:40:35
234;13162;Tisane cholestérol bio Romon Nature 20 sachets;https://www.etiketbio.eu/tisanes-en-sachets/9765-romon-nature-plantasia-cholesterol-32g-20-sachets-3554742853143.html;Tisane Cholestérol bio Romon Nature;3554742853143;;617;2026-08-13 12:43:55
4;13212;Farine de riz complète Priméal 1kg;https://www.etiketbio.eu/farines-multicereales-bio/7907-primeal-farine-complete-5-cereales-1kg-3380380024047.html;Farine 5 Céréales Bio Priméal 1kg;3380380024047;;343;2026-08-12 12:53:01
1908;13219;Pur jus de grenade BIO Prosain 50cl;https://www.etiketbio.eu/jus-de-fruits/7810-prosain-pur-jus-5-superfruits-50cl-3335880007922.html;Pur jus 5 superfruits 50cl;3335880007922;;197;2026-08-13 12:19:54
1255;1334;Chicorée seigle orge Favrichon 125g;https://www.etiketbio.eu/succedanes-de-cafe/16325-favrichon-matimalt-125g-3111900300330.html;Matimalt bio 125g Favrichon;3111900300330;;258;2026-08-13 10:24:01
1254;1335;Boisson instantanée Nectador Favrichon 100g;https://www.etiketbio.eu/succedanes-de-cafe/17647-favrichon-nectador-100g-3111900300361.html;Nectador bio 100g Favrichon;3111900300361;;463;2026-08-13 10:23:44
555;13350;Pois chiches Luce 400g;https://www.etiketbio.eu/pois-chiches-bio-en-conserve/20557-luce-pois-chiches-400g-3329489900517.html;Pois chiches bio Luce 400g;3329489900517;;733;2026-08-13 07:52:28
785;13439;Nids au petit épeautre Bonneterre 250g;https://www.etiketbio.eu/specialites/8508-bonneterre-nids-au-petit-epeautre-de-hte-provence-3396410047719.html;Nids petit épeautre Haute-Provence bio 250g;3396410047719;;381;2026-08-13 08:51:47
797;13442;Torsades au petit épeautre Bonneterre 500g;https://www.etiketbio.eu/specialites/8510-bonneterre-torsades-epeautre-500g-3396410047733.html;Torsades à l'épeautre bio 500g Bonneterre;3396410047733;;427;2026-08-13 08:54:53
1210;13454;Taboulé de quinoa Danival 180g;https://www.etiketbio.eu/plats-prepares/9235-danival-taboule-de-quinoa-180g-3431590004050.html;Taboule de quinoa 180g;3431590004050;;677;2026-08-13 10:07:22
1468;1347;Sauce basilic Emile Noël 90g;https://www.etiketbio.eu/sauce-tomate-preparee/17669-emile-noel-sauce-tomate-basilic-190g-3291960001979.html;Sauce Tomate Basilic Bio 190g – Emile Noël;3291960001979;;471;2026-08-13 10:49:32
509;13501;Passata rustica Luce 680g;https://www.etiketbio.eu/sauce-tomate-nature/22757-luce-passata-rustica-680g-3329489901552.html;Passata Rustica bio Luce 680g;3329489901552;;741;2026-08-13 07:49:19
1471;13549;Vinaigre balsamique de Modène IGP Emile Noël 50cl;https://www.etiketbio.eu/vinaigre-balsamique-bio/7399-emile-noel-vinaigre-balsamique-de-modene-igp-50cl-3291960011657.html;Vinaigre balsamique de Modène IGP 50cl – Émile Noël;3291960011657;;1000;2026-08-13 10:50:31
1355;1360;Tapenade noire Emile Noël 90G;https://www.etiketbio.eu/produit-vegetal-a-tartiner/17675-emile-noel-tapenade-noire-90g-3291960006974.html;Tapenade noire 90g;3291960006974;;460;2026-08-13 10:42:00
1948;13612;Raviolis légumes sauce toscane Prosain 365G;https://www.etiketbio.eu/plats-prepares/17687-prosain-raviolis-legumes-toscane-365g-3335880006369.html;Raviolis legumes toscane 365g;3335880006369;;537;2026-08-13 12:30:57
1949;13613;Raviolis aux légumes sauce toscane Prosain 680g;https://www.etiketbio.eu/plats-prepares/7793-prosain-ravioli-legumes-sauce-toscane-680g-3335880006512.html;Ravioli legumes sauce toscane 680g;3335880006512;;480;2026-08-13 12:31:17
1944;13622;Couscous aux 7 légumes Prosain 680g;https://www.etiketbio.eu/plats-prepares/7788-prosain-couscous-aux-7-legumes-680g-3335880006208.html;Couscous aux 7 legumes 680g;3335880006208;;726;2026-08-13 12:29:30
129;13630;Graines de pavot Priméal 250g;https://www.etiketbio.eu/graines-de-pavot-bio/8296-primeal-graines-de-pavot-250g-3380390214506.html;Graines de pavot 250g;3380390214506;;672;2026-08-12 13:13:00
617;13788;Argile verte surfine naturelle Argiletz 300g;https://www.etiketbio.eu/argile-verte/25864-argiletz-argile-verte-surfine-300g-3326100000069.html;Argile Verte Surfine 300g Argiletz;3326100000069;;726;2026-08-13 08:20:00
2454;13888;Muesli croustillant chocolat noir Markal 375g;https://www.etiketbio.eu/muesli-au-chocolat-bio/14025-markal-muesli-croustillant-chocolat-375g-3329483323756.html;Muesli croustillant chocolat noir 375g - Markal;3329483323756;;1000;2026-08-13 13:36:11
1866;13909;Nectar de goyave Vitamont 75cl;https://www.etiketbio.eu/jus-de-fruits/7311-vitamont-nectar-de-goyave-de-martinique-75cl-3289196500458.html;Nectar de goyave de martinique 75cl;3289196500458;;431;2026-08-13 12:13:31
2452;14081;Son d'avoine Markal 3kg;https://www.etiketbio.eu/grands-formats/25304-markal-son-avoine-3-kg-3329482681031.html;Son d’avoine bio 3kg - Markal;3329482681031;;733;2026-08-13 13:35:37
2505;14132;Pennes blanches Markal 500g;https://www.etiketbio.eu/pate-blanche/24303-markal-penne-blanches-500gr-cc-3329489107152.html;Penne blanches 500gr cc;3329489107152;;200;2026-08-13 13:45:37
2508;14133;Pennes demi complètes Markal 500g;https://www.etiketbio.eu/pate-demi-complete/24027-markal-penne-1-2-completes-500gr-cc-3329489307156.html;Penne 1/2 completes 500gr Markal;3329489307156;;277;2026-08-13 13:46:02
58;14177;Trio de lentilles Priméal 500g;https://www.etiketbio.eu/lentilles-bio/7924-primeal-trio-de-lentilles-500g-3380380037283.html;Trio de lentilles bio 500g - Priméal;3380380037283;;781;2026-08-12 12:58:11
2128;1419;Lentilles vertes Prosain 230g;https://www.etiketbio.eu/lentilles-bio-en-conserve/7748-prosain-lentilles-vertes-cuisinees-legumes-345g-3335880004716.html;Lentilles cuisinées Prosain 345g;3335880004716;;328;2026-08-13 12:35:53
1546;14239;Shampooing Douche des familles Medicago Douce Nature 1L;https://www.etiketbio.eu/gels-douche/7952-douce-nature-shamp-douche-des-familles-fleur-doranger-1l-3380380050824.html;Shamp douche des familles fleur d'oranger 1l;3380380050824;;367;2026-08-13 11:51:02
1671;14263;Nectar mangue Vitamont 75cl;https://www.etiketbio.eu/jus-de-fruits/7310-vitamont-nectar-de-mangue-du-perou-max-havelaar-75cl-3289196500427.html;Nectar de mangue du perou max havelaar 75cl;3289196500427;;214;2026-08-13 11:56:23
374;14264;Essuie-tout compact écologique Ecodoo x2;https://www.etiketbio.eu/papiers-et-mouchoirs/7947-ecodoo-essuie-tout-compact-recycle-x2-3380380050169.html;Essuie-tout compact recycle x2;3380380050169;;419;2026-08-12 15:38:20
373;14265;Papier toilette compact recyclé Ecodoo x4 rouleaux;https://www.etiketbio.eu/papiers-et-mouchoirs/12846-papier-toilette-compact-recycle-4-rouleaux-3380380050176.html;Papier toilette compact recycle 4 rouleaux;3380380050176;;621;2026-08-12 15:38:15
2167;1454;Ratatouille à la catalane Prosain 345g;https://www.etiketbio.eu/ratatouille-bio-en-bocal/7752-prosain-ratatouille-a-la-catalane-345g-3335880004822.html;Ratatouille a la catalane 345g;3335880004822;;735;2026-08-13 12:38:28
2172;1457;Ratatouille à la catalane Prosain 650g;https://www.etiketbio.eu/ratatouille-bio-en-bocal/7780-prosain-ratatouille-catalane-650g-3335880006000.html;Ratatouille catalane 650g;3335880006000;;397;2026-08-13 12:39:02
1133;14616;Aneth graines Cook 35g;https://www.etiketbio.eu/epices-en-graines-bio/30763-aneth-graines-35g-cook-arcadie-3417960022473.html;Aneth graines bio Cook 35g;3417960022473;;733;2026-08-13 09:55:04
1110;14617;Anis Vert Cook 40g;https://www.etiketbio.eu/epices-en-graines-bio/8887-cook-anis-vert-graine-40g-3417960022480.html;Anis vert graines bio Cook 40g;3417960022480;;500;2026-08-13 09:50:53
1053;14618;Baies roses Cook 20g;https://www.etiketbio.eu/poivres-baies-bio/8888-cook-baies-roses-entieres-20-g-3417960022497.html;Baies roses bio Cook 20g;3417960022497;;727;2026-08-13 09:41:47
1114;14619;Basilic en feuilles Cook 15g;https://www.etiketbio.eu/herbes-aromates-bio/8889-cook-basilic-feuille-15g-3417960022503.html;Basilic feuilles bio Cook 15g;3417960022503;;702;2026-08-13 09:51:21
1046;14620;Bouquet garni Cook 30g;https://www.etiketbio.eu/herbes-aromates-bio/8890-cook-bouquet-garni-30-g-3417960022510.html;Bouquet garni bio Cook 30g;3417960022510;;733;2026-08-13 09:40:39
1102;14622;Bâtons de cannelle Cook 12g;https://www.etiketbio.eu/epices-patisserie-bio/8892-canelle-tuyaux-12-g-3417960022534.html;Bâtons de cannelle bio Cook 12g;3417960022534;;776;2026-08-13 09:50:27
1095;14624;Cardamome moulue bio Cook 35G;https://www.etiketbio.eu/epices-en-poudre-bio/8894-cook-cardamome-poudre-35-g-3417960022558.html;Cardamome moulue bio Cook 35g;3417960022558;;1000;2026-08-13 09:47:55
1065;14625;Cardamome fruits Cook 25g;https://www.etiketbio.eu/epices-en-graines-bio/8893-cook-cardamone-fruits-25-g-3417960022541.html;Cardamome fruits bio Cook 25g;3417960022541;;741;2026-08-13 09:43:20
1101;14626;Carvi graines Cook 45g;https://www.etiketbio.eu/epices-en-graines-bio/8895-cook-carvi-graines-45g-3417960022565.html;Carvi graines bio Cook 45g;3417960022565;;733;2026-08-13 09:50:18
1076;14627;Ciboulette coupe fine Cook 15g;https://www.etiketbio.eu/herbes-aromates-bio/8896-cook-ciboulette-coupee-15g-3417960022572.html;Ciboulette bio Cook 15g;3417960022572;;430;2026-08-13 09:44:27
1100;14632;Cumin graines Cook 40g;https://www.etiketbio.eu/epices-en-graines-bio/8901-cook-cumin-graine-40g-3417960022626.html;Cumin graines bio Cook 40g;3417960022626;;733;2026-08-13 09:50:10
1120;14633;Cumin moulu Cook 40g;https://www.etiketbio.eu/epices-en-poudre-bio/8902-cook-cumin-poudre-40g-3417960022633.html;Cumin moulu bio Cook 40g;3417960022633;;727;2026-08-13 09:52:37
1054;14637;Fenouil graines Cook 30g;https://www.etiketbio.eu/epices-en-graines-bio/8906-cook-fenouil-graines-30g-3417960022671.html;Fenouil graines bio Cook 30g;3417960022671;;738;2026-08-13 09:41:55
1070;14638;Fenouil moulu Cook 30g;https://www.etiketbio.eu/epices-en-poudre-bio/8907-cook-fenouil-poudre-30g-3417960022688.html;Fenouil moulu bio Cook 30g;3417960022688;;733;2026-08-13 09:43:41
1039;14639;Fenugrec moulu Cook 55g;https://www.etiketbio.eu/epices-en-poudre-bio/8908-cook-fenugrec-poudre-55g-3417960022695.html;Fenugrec moulu bio Cook 55g;3417960022695;;736;2026-08-13 09:39:48
1109;14640;Garam masala Cook 35g;https://www.etiketbio.eu/melanges-epices-bio/8909-cook-garam-masala-35g-3417960022701.html;Garam masala bio Cook 35g;3417960022701;;730;2026-08-13 09:50:45
1055;14642;Gingembre moulu Cook 30g;https://www.etiketbio.eu/epices-en-poudre-bio/8911-cook-gingembre-poudre-30g-3417960022725.html;Gingembre moulu bio Cook 30g;3417960022725;;738;2026-08-13 09:42:04
1047;14643;Clous de girofle Cook 30g;https://www.etiketbio.eu/epices-en-graines-bio/8898-cook-clou-de-girofle-entier-biopartenaire-30g-3417960022596.html;Clous de girofle bio Cook 30g;3417960022596;;772;2026-08-13 09:40:56
558;14647;Confiture orange 100% fruits Destination 300g;https://www.etiketbio.eu/confiture-sans-sucre-ajoute-bio/27508-dessert-oranges-100-fruits-300g-3330724201214.html;Dessert oranges 100% fruits 300g;3330724201214;;360;2026-08-13 07:53:26
1936;14663;Chili végétarien Prosain 670g;https://www.etiketbio.eu/plats-prepares/7789-prosain-chili-vegetarien-670g-3335880006222.html;Chili vegetarien 670g;3335880006222;;630;2026-08-13 12:27:47
2181;14664;Sauce tomate au basilic Prosain 370g;https://www.etiketbio.eu/sauce-tomate-preparee/7765-prosain-sauce-tomate-au-basilic-370g-3335880005706.html;Sauce tomate basilic Prosain 370g;3335880005706;;797;2026-08-13 12:40:44
1918;14666;Sauce tomate parmesan et ricotta Prosain 200G;https://www.etiketbio.eu/sauce-tomate-preparee/7771-sauce-tocate-parmesan-ricotta-200g-prosain-3335880005836.html;Sauce tomate parmesan ricotta bio Prosain 200;3335880005836;;667;2026-08-13 12:23:32
1127;14920;Marjolaine en feuilles Cook 10g;https://www.etiketbio.eu/herbes-aromates-bio/8913-cook-marjolaine-feuilles-10g-3417960022756.html;Marjolaine feuilles bio Cook 10g;3417960022756;;711;2026-08-13 09:53:57
1126;14924;Mélange pour Pizza Cook 13g;https://www.etiketbio.eu/melanges-epices-bio/8917-cook-melange-pizza-13g-3417960022794.html;Mélange pizza bio Cook 13g;3417960022794;;664;2026-08-13 09:53:21
1128;14927;Graines de moutarde jaune Cook 60g;https://www.etiketbio.eu/epices-en-graines-bio/8920-cook-moutarde-jaune-graines-60g-3417960022824.html;Moutarde jaune bio Cook 60g;3417960022824;;503;2026-08-13 09:54:13
1059;14928;Noix de muscade Cook 30g;https://www.etiketbio.eu/epices-en-graines-bio/8921-cook-muscade-noix-30-g-3417960022831.html;Noix de muscade bio Cook 30g;3417960022831;;769;2026-08-13 09:42:37
1048;14929;Muscade moulue Cook 35g;https://www.etiketbio.eu/epices-en-poudre-bio/8922-cook-noix-de-muscade-moulue-35g-3417960022848.html;Noix de muscade bio Cook 35g;3417960022848;;353;2026-08-13 09:41:13
1056;14932;Origan feuille bio Cook 13g;https://www.etiketbio.eu/herbes-aromates-bio/8925-cook-origan-13g-3417960022879.html;Origan feuilles bio Cook 13g;3417960022879;;785;2026-08-13 09:42:12
1079;14933;Ortie piquante poudre Cook 35g;https://www.etiketbio.eu/epices-en-poudre-bio/8926-cook-ortie-poudre-35-g-3417960022886.html;Ortie en poudre bio Cook 35g;3417960022886;;483;2026-08-13 09:44:52
1080;14936;Persil feuilles Cook 10g;https://www.etiketbio.eu/herbes-aromates-bio/8929-cook-persil-feuille-10-g-3417960022916.html;Persil feuilles bio Cook 10g;3417960022916;;738;2026-08-13 09:45:03
1060;14937;Piment doux d'Espagne Cook 40g;https://www.etiketbio.eu/epices-en-poudre-bio/8930-cook-piment-doux-despagne-en-poudre-demeter-40g-3417960022923.html;Piment doux bio Cook 40g;3417960022923;;604;2026-08-13 09:42:46
1074;14939;Piment de Cayenne Cook 40g;https://www.etiketbio.eu/epices-en-poudre-bio/8932-cook-piment-de-cayenne-40g-3417960022947.html;Piment de Cayenne bio Cook 40g;3417960022947;;774;2026-08-13 09:44:01
1052;14941;Poivre blanc moulu Cook 45g;https://www.etiketbio.eu/poivres-baies-bio/8934-cook-poivre-blanc-poudre-45g-3417960022961.html;Poivre blanc moulu bio Cook 45g;3417960022961;;776;2026-08-13 09:41:30
1075;14942;Poivre noir concassé Cook 50g;https://www.etiketbio.eu/epices-en-graines-bio/8968-cook-nigelle-graine-50g-3417960032090.html;Nigelle graines bio Cook 50g;3417960032090;;211;2026-08-13 09:44:10
1057;14947;Mélange 4 épices Cook 40G;https://www.etiketbio.eu/melanges-epices-bio/25595-cook-melange-grillades-40gr-3417960045199.html;Mélange grillades bio Cook 40g;3417960045199;;436;2026-08-13 09:42:21
1077;14948;Ras El Hanout Cook 35g;https://www.etiketbio.eu/melanges-epices-bio/8940-cook-ras-el-hanout-35g-3417960023036.html;Ras el hanout bio Cook 35g;3417960023036;;764;2026-08-13 09:44:35
1063;14949;Romarin en feuilles Cook 25g;https://www.etiketbio.eu/herbes-aromates-bio/8941-cook-romarin-feuilles-25g-3417960023043.html;Romarin feuilles bio Cook 25g;3417960023043;;702;2026-08-13 09:43:03
1123;14952;Sarriette en feuilles Cook 20g;https://www.etiketbio.eu/herbes-aromates-bio/8944-cook-sarriettte-feuilles-20g-3417960023074.html;Sarriette feuilles bio Cook 20g;3417960023074;;708;2026-08-13 09:52:54
1098;14968;Extrait de café Cook 50ml;https://www.etiketbio.eu/extraits-et-aromes/8873-cook-extrait-cafe-50-ml-3417960017226.html;Extrait de café Cook 50ml;3417960017226;;1000;2026-08-13 09:49:45
1097;14970;Extrait de citron Cook 50ml;https://www.etiketbio.eu/extraits-et-aromes/8874-cook-extrait-citron-50-ml-3417960017240.html;Extrait de citron Cook 50ml;3417960017240;;1000;2026-08-13 09:49:36
1129;14972;Extrait de cannelle Cook 50ml;https://www.etiketbio.eu/extraits-et-aromes/8876-cook-extrait-naturel-de-cannelle-50ml-3417960019152.html;Extrait de cannelle Cook 50ml;3417960019152;;1000;2026-08-13 09:54:47
1035;14997;Eau de fleur d'oranger Cook 50ml;https://www.etiketbio.eu/extraits-et-aromes/8960-cook-arome-naturel-deau-de-fleur-doranger-50ml-3417960030287.html;Arôme fleur d’oranger Cook 50ml;3417960030287;;525;2026-08-13 09:38:58
380;15615;Liquide vaisselle dégraissant Menthe Ecodoo 1L;https://www.etiketbio.eu/liquide-vaisselle/7950-ecodoo-liquide-vaisselle-degraissant-eco-recharge-1l-3380380050770.html;Liquide vaisselle dégraissant 1L Ecodoo;3380380050770;;765;2026-08-12 15:39:33
2364;1568;Quinoa blanc Markal 1kg;https://www.etiketbio.eu/quinoa-bio/15506-markal-quinoa-real-blanc-1kg-3329488611124.html;Quinoa blanc 1kg Markal;3329488611124;;1000;2026-08-13 13:25:04
119;1575;Flocons de quinoa Priméal 500g;https://www.etiketbio.eu/flocons-de-riz-et-de-quinoa-bio/8219-primeal-flocons-de-quinoa-500g-3380390069403.html;Flocons de quinoa 500g;3380390069403;;677;2026-08-12 13:09:22
1317;15767;Muesli croustillant miel et sarrasin Favrichon 500g;https://www.etiketbio.eu/granola-crunchy-krounchy/6590-favrichon-muesli-croustillant-miel-sarrasin-500g-3111900350588.html;Muesli miel sarrasin bio Favrichon 500g;3111900350588;;587;2026-08-13 10:31:23
1827;1596;Tonique gingembre citron vert Vitamont 50cl;https://www.etiketbio.eu/jus-de-fruits/7327-vitamont-boisson-tonique-gingembre-citron-vert-50cl-3289196700025.html;Boisson tonique gingembre citron vert 50cl;3289196700025;;667;2026-08-13 12:09:07
1003;16023;Panisse Céréalpes 400g;https://www.etiketbio.eu/pois-chiches-bio-/15427-markal-pois-chiches-500g-3329484311202.html;Pois chiches bio Markal 500 g;3329484311202;;0;2026-08-13 09:33:10
459;16101;Café décaféiné Destination 100g;https://www.etiketbio.eu/cafe-soluble/21241-destination-cafe-lyophilise-decafeine-100g-3700110005373.html;Cafe lyophilise decafeine 100g;3700110005373;;541;2026-08-13 07:38:45
993;16228;Préparation pour fondant au chocolat Bisson 300g;https://www.etiketbio.eu/ingredients-poudres-patissiers/8010-bisson-vite-un-gateau-fondant-au-chocolat-300g-3380380057724.html;Vite un gateau fondant au chocolat 300g;3380380057724;;368;2026-08-13 09:24:44
616;16289;Bicarbonate de soude alimentaire Ah Table 500g;https://www.etiketbio.eu/ingredients-poudres-patissiers/13223-a-table-bicarbonate-soude-alimentaire-500g-3760138831507.html;Bicarbonate alimentaire Ah! Table! 500g;3760138831507;;637;2026-08-13 08:17:37
1532;16329;Farine de lentilles vertes Celnat 500g;https://www.etiketbio.eu/farines-autres/18340-celnat-farine-lentilles-vertes-500-g-3273120018324.html;Farine Lentilles Vertes Bio 500g Celnat;3273120018324;;758;2026-08-13 11:08:46
549;16347;Vinaigre balsamique de Modène IGP Luce 50cl;https://www.etiketbio.eu/vinaigre-balsamique-bio/20098-luce-vinaigre-balsamique-modene-50cl-3329489900326.html;Vinaigre balsamique Modène 50cl bio – Luce;3329489900326;;654;2026-08-13 07:51:21
844;16402;Tartelettes au chocolat noir Bonneterre 125g;https://www.etiketbio.eu/biscuits-au-chocolat/14001-tartelettes-au-chocolat-noir-125g-3396413710092.html;Tartelettes chocolat noir bio 125g Bonneterre;3396413710092;;787;2026-08-13 08:59:45
1393;16504;Huile de cameline Emile Noël 25cl;https://www.etiketbio.eu/huiles/7400-emile-noel-huile-vierge-de-cameline-25cl-3291960011695.html;Huile vierge de cameline 25cl;3291960011695;;516;2026-08-13 10:46:34
557;16551;Haricots verts Extra fins Luce 400g;https://www.etiketbio.eu/haricots-verts-haricots-beurre-bio/24031-luce-haricots-vert-400g-3329489900609.html;Haricots verts bio Luce 400g;3329489900609;;550;2026-08-13 07:53:18
556;16552;Petits pois à l'étuvée Luce 400g;https://www.etiketbio.eu/petits-pois-bio-en-conserve/24310-luce-petits-pois-luce-400gr-3329489900647.html;Petits pois luce 400gr;3329489900647;;396;2026-08-13 07:52:44
7;16706;Farine de sarrasin Priméal 1kg;https://www.etiketbio.eu/farine-de-sarrasin-bio/12168-farine-de-sarrasin-france-1kg-3380390121309.html;Farine de sarrasin bio Priméal 1kg;3380390121309;;781;2026-08-12 12:53:13
576;16753;Dosettes Moka Ethiopia Destination Premium x36;https://www.etiketbio.eu/dosettes-compatible-senseo/24431-destination-ethiopie-moka-250g-3700110052131.html;Ethiopie moka 250g;3700110052131;;68;2026-08-13 07:56:14
1816;16769;Jus d'orange carotte citron Vitamont 75cl;https://www.etiketbio.eu/jus-d-orange-et-agrumes/7288-vitamont-jus-orange-carotte-citron-75cl-3289196500045.html;Jus orange carotte citron Vitamont 75cl;3289196500045;;738;2026-08-13 12:06:59
1941;16836;Riste d'aubergines Prosain 650g;https://www.etiketbio.eu/plats-prepares/7779-prosain-riste-daubergines-650g-3335880005997.html;Riste d'aubergines 650g;3335880005997;;635;2026-08-13 12:28:38
1093;16880;Raifort en poudre Cook 45g;https://www.etiketbio.eu/epices-en-poudre-bio/8967-cook-raifort-poudre-45g-3417960032083.html;Raifort moulu bio Cook 45g;3417960032083;;438;2026-08-13 09:47:38
1545;16900;Fleur de shampooing cheveux gras Douce Nature 85g;https://www.etiketbio.eu/shampoing-solide-bio/8017-douce-nature-fleur-shampooing-cheveux-gras-85g-3380380058585.html;Fleur shampooing cheveux gras 85g bio – Douce Nature;3380380058585;;813;2026-08-13 11:50:45
771;17014;Chocolat blanc et fruits rouges Bonneterre 100g;https://www.etiketbio.eu/chocolat-blanc-bio/8733-bonneterre-chocolat-blanc-fruits-rouges-100g-3396413709331.html;Chocolat blanc fruits rouges 100g;3396413709331;;589;2026-08-13 08:47:52
2219;17076;Thé vert earl grey Thés de la Pagode 100g;https://www.etiketbio.eu/the-noir-bio/27511-the-noir-earl-grey-bio-100-gr-3363790000238.html;Thé noir Earl Grey Pagode 100g;3363790000238;;407;2026-08-13 12:53:29
507;17089;Sauce bolognaise 20% boeuf 350% Luce;https://www.etiketbio.eu/sauce-tomate-preparee/22761-luce-sauce-bolognaise-au-boeuf-350g-3329489901644.html;Sauce bolognaise bio Luce 350g;3329489901644;;438;2026-08-13 07:47:40
1372;17112;Huile spéciale cuisson Emile Noël 1L;https://www.etiketbio.eu/huiles/7378-emile-noel-fritol-special-cuisson-1l-3291960009302.html;Fritol special cuisson 1l;3291960009302;;240;2026-08-13 10:44:01
365;17246;Bonbons au cola Pural 100g;https://www.etiketbio.eu/confiseries/19548-puraliment-cola-bottles-100g-3184340092554.html;Cola bottles 100g;3184340092554;;242;2026-08-12 15:29:35
364;17247;Bonbons helix rouleaux de réglisse Pural 100g;https://www.etiketbio.eu/confiseries/19549-puraliment-helix-rouleaux-de-reglisse-100g-3184340092578.html;Helix rouleaux de reglisse 100g;3184340092578;;583;2026-08-12 15:29:30
1515;17265;Nigari non bio Celnat 1kg;https://www.etiketbio.eu/nigari/21875-celnat-nigari-kilo-3273120013671.html;Nigari Celnat 1kg – chlorure de magnésium;3273120013671;;266;2026-08-13 11:03:27
1938;17326;Curry d'aubergines Prosain 650g;https://www.etiketbio.eu/plats-prepares/7778-prosain-curry-daubergines-650g-3335880005980.html;Curry d'aubergines 650g;3335880005980;;635;2026-08-13 12:28:04
1923;17327;Ratatouille à la catalane Prosain 1kg;https://www.etiketbio.eu/ratatouille-bio-en-bocal/16606-prosain-ratatouille-a-la-catalane-1kg-3335880006048.html;Ratatouille a la catalane 1kg;3335880006048;;732;2026-08-13 12:26:04
573;17430;Passata basilic Luce 680g;https://www.etiketbio.eu/sauce-tomate-nature/22756-luce-passata-basilic-680g-3329489901545.html;Passata basilic bio Luce 680g;3329489901545;;741;2026-08-13 07:55:32
1215;17446;Soupe de lentilles corail et épices douces Danival 50cl;https://www.etiketbio.eu/soupes-bio-pretes-a-deguster/9276-danival-soupe-saveur-sachet-lentilles-corail-et-epices-500gr-3431590009444.html;Soupe lentilles corail épices Danival 50cl;3431590009444;;577;2026-08-13 10:08:21
628;17468;Boisson bio soja nature Bonneterre 1L;https://www.etiketbio.eu/boisson-au-soja/8437-bonneterre-boisson-soja-nature-1l-3396410004712.html;Boisson soja nature 1L bio – Bonneterre;3396410004712;;1000;2026-08-13 08:25:31
791;17603;Chocolat noir fourré praliné Bonneterre 100g;https://www.etiketbio.eu/chocolat-noir-bio/8745-bonneterre-chocolat-noir-fourre-praline-100g-3396413714410.html;Chocolat noir fourre praline 100g;3396413714410;;714;2026-08-13 08:52:37
1721;17765;Mini pur jus de raisins Vitamont 25cl;https://www.etiketbio.eu/jus-de-raisins/7272-vitamont-mini-pur-jus-de-raisin-25cl-3289196400185.html;Mini jus raisin bio Vitamont 25cl;3289196400185;;490;2026-08-13 11:59:34
1739;17768;Mini pur jus de tomates Vitamont 25cl;https://www.etiketbio.eu/jus-de-tomate/7266-vitamont-mini-pur-jus-de-tomate-de-marmande-25cl-3289196400093.html;Mini jus tomate Vitamont 25cl;3289196400093;;502;2026-08-13 12:01:43
994;17912;Speculoos Bisson 175g;https://www.etiketbio.eu/biscuit-nature/10403-bisson-speculoos-175g-3760005450336.html;Spéculoos bio Bisson 175g;3760005450336;;685;2026-08-13 09:25:01
24;17913;Millet décortiqué Priméal 500g;https://www.etiketbio.eu/millet-bio/23597-primeal-millet-decortique-france-500g-3380380055256.html;Millet decortique france 500g;3380380055256;;559;2026-08-12 12:55:09
1335;17953;Lessive poudre blanc et couleurs claires Etamine du Lys 2kg;https://www.etiketbio.eu/lessive-en-poudre/20608-etamine-du-lys-lessive-poudre-2-kg-3538394911505.html;Lessive poudre 2kg Etamine du Lys;3538394911505;;430;2026-08-13 10:35:55
1058;18000;Cannelle moulue Cook 35g;https://www.etiketbio.eu/epices-patisserie-bio/8891-cannelle-poudre-35g-3417960022527.html;Cannelle de Ceylan bio Cook 35g;3417960022527;;345;2026-08-13 09:42:29
1078;18002;Estragon en feuilles  Cook 15g;https://www.etiketbio.eu/herbes-aromates-bio/8905-cook-estragon-feuilles-15g-3417960022664.html;Estragon feuilles bio Cook 15g;3417960022664;;705;2026-08-13 09:44:43
1099;18011;Shiitakes séchés Cook 20g;https://www.etiketbio.eu/conserves-de-legumes/27136-shiitakes-sachet-coussin-20g-3417960042242.html;Shiitakes, sachet coussin, 20g;3417960042242;;396;2026-08-13 09:49:53
1119;18015;Mélange Chili Cook 35g;https://www.etiketbio.eu/melanges-epices-bio/8961-cook-melange-pour-chili-35g-3417960031925.html;Mélange chili bio Cook 35g;3417960031925;;733;2026-08-13 09:52:29
1528;18056;Flocons de pois chiches Celnat 350g;https://www.etiketbio.eu/flocons-de-legumineuses-bio/14764-celnat-flocons-de-pois-chiche-350g-3273120019451.html;Flocons de pois chiche 350g;3273120019451;;581;2026-08-13 11:07:23
1531;18057;Flocons d'azukis Celnat 350g;https://www.etiketbio.eu/flocons-de-legumineuses-bio/14762-celnat-flocons-azukis-350g-3273120019437.html;Flocons azukis 350g;3273120019437;;413;2026-08-13 11:08:30
620;18065;Argile verte concassée Argiletz 1kg;https://www.etiketbio.eu/argile-verte/7528-argiletz-argile-verte-concassee-1kg-3326100000014.html;Argile verte concassee 1kg;3326100000014;;682;2026-08-13 08:20:41
2365;18081;Graines de chia Markal 250g;https://www.etiketbio.eu/graines-de-chia-bio/7672-markal-graines-de-chia-250g-3329488732508.html;Graines de chia 250g - Markal;3329488732508;;1000;2026-08-13 13:25:21
1851;18230;Mini pur jus d'ananas Vitamont 25cl;https://www.etiketbio.eu/jus-de-fruits/7279-vitamont-mini-pur-jus-dananas-25cl-3289196470034.html;Mini pur jus d'ananas 25cl;3289196470034;;706;2026-08-13 12:11:32
1720;18233;Mini nectar d'abricot Vitamont 25cl;https://www.etiketbio.eu/jus-de-fruits/7281-vitamont-mini-nectar-dabricot-des-pyrenees-orientales-25cl-3289196470058.html;Mini nectar d'abricot des pyrenees orientales 25cl;3289196470058;;413;2026-08-13 11:59:26
2245;18265;Rooibos Citron Gingembre Thés de la Pagode 100G;https://www.etiketbio.eu/rooibos-bio/27767-rooibos-citron-gingembre-100g-3363790701005.html;Rooibos Citron Gingembre Les Thés de la Pagode;3363790701005;;790;2026-08-13 12:56:07
574;18321;Sauce tomate au basilic Luce 340g;https://www.etiketbio.eu/sauce-tomate-preparee/22763-luce-sauce-tomate-basilic-340g-3329489901668.html;Sauce tomate basilic Luce 340g;3329489901668;;794;2026-08-13 07:55:49
1544;18407;Fleur de shampooing Anti-Pelliculaire Douce Nature;https://www.etiketbio.eu/shampoing-solide-bio/8018-douce-nature-fleur-de-shampooing-anti-pelliculaire-85g-3380380059773.html;Fleur shampooing anti-pelliculaire 85g – Douce Nature;3380380059773;;798;2026-08-13 11:50:26
72;1858;Spirales au quinoa 3 couleurs Priméal 500g;https://www.etiketbio.eu/specialites/8256-primeal-spirales-ble-3-couleurs-au-quinoa-500g-3380390175524.html;Spirales 3 couleurs quinoa bio 500g Priméal;3380390175524;;807;2026-08-12 12:59:41
71;1867;Spaghetti de quinoa ail et persil Priméal 500g;https://www.etiketbio.eu/specialites/8257-primeal-spaghettis-ble-et-quinoa-ail-et-persil-500g-3380390175531.html;Spaghettis ble et quinoa, ail et persil 500g;3380390175531;;520;2026-08-12 12:59:18
1353;18751;Huile de cumin noir Emile Noël 100ml;https://www.etiketbio.eu/huiles/17579-emile-noel-huile-vierge-cumin-noir-bio-100ml-3291960008978.html;Huile vierge cumin noir bio 100ml;3291960008978;;381;2026-08-13 10:41:40
23;18777;Couscous multicéréales Priméal 300g;https://www.etiketbio.eu/couscous-bio/7956-primeal-couscous-multicereales-300g-3380380052163.html;Couscous multicereales 300g;3380380052163;;653;2026-08-12 12:54:58
14;18778;Couscous aux fleurs Priméal 300g;https://www.etiketbio.eu/couscous-bio/8031-primeal-couscous-aux-fleurs-300g-3380380060816.html;Couscous aux fleurs 300g;3380380060816;;686;2026-08-12 12:54:18
1388;18780;Huile d'olive vierge extra origine France Emile Noël 50cl;https://www.etiketbio.eu/huile-d-olive/21799-emile-noel-huile-dolive-vierge-extra-france-50cl-3291960008541.html;Huile d'olive vierge extra france 50cl;3291960008541;;530;2026-08-13 10:45:44
1524;18867;Kit de démarrage germoir bocal et graines Germline;https://www.etiketbio.eu/graines-a-germer/27250-germoir-bocal-3465511200023.html;Kit germoir bocal Germline bio;3465511200023;;325;2026-08-13 11:06:23
606;19099;Infusion Classic chai Yogi Tea 90g;https://www.etiketbio.eu/ayurvedique-bio/14257-yogi-tea-yogi-tea-classic-vrac-90g-4012824529267.html;Yogi Tea Classic Chai vrac 90g;4012824529267;;651;2026-08-13 08:10:17
433;19266;Café breakfast Destination 250g;https://www.etiketbio.eu/cafe/21232-destination-cafe-breakfast-petit-dej-250g-3700110001764.html;Cafe breakfast petit dej 250g;3700110001764;;500;2026-08-13 07:38:45
1514;19295;Graines à germer haricot mungo Germline 200g;https://www.etiketbio.eu/graines-a-germer/17546-germline-soja-vert-mungo-a-germer-200g-3465511130207.html;Haricot mungo à germer bio 200g - Germline;3465511130207;;735;2026-08-13 11:02:46
618;19324;Argile verte surfine Argiletz 1kg;https://www.etiketbio.eu/argile-verte/7537-argiletz-argile-verte-surfine-1kg-cc-3326100000465.html;Argile Verte Surfine 1kg Argiletz;3326100000465;;1000;2026-08-13 08:20:17
1014;19374;Galettes provençale bio Céréalpes 2x90g;https://www.etiketbio.eu/sauces-bio/9671-reserve-de-champlat-coulis-de-tomates-340g-3493831050349.html;Coulis de tomates 340g;3493831050349;;0;2026-08-13 09:34:01
619;19408;Argile verte concassée Argiletz 1kg;https://www.etiketbio.eu/argile-verte/7528-argiletz-argile-verte-concassee-1kg-3326100000014.html;Argile verte concassee 1kg;3326100000014;;682;2026-08-13 08:20:34
1134;19531;Mélange guacamole Cook 45g;https://www.etiketbio.eu/melanges-epices-bio/8972-cook-melange-guacamole-45g-3417960033523.html;Mélange guacamole bio Cook 45g;3417960033523;;743;2026-08-13 09:55:21
1124;19532;Mélange italien Cook 28g;https://www.etiketbio.eu/melanges-epices-bio/8974-cook-melange-italien-28g-3417960033547.html;Mélange italien bio Cook 28g;3417960033547;;738;2026-08-13 09:53:03
1064;19533;Ail des Ours Cook 16g;https://www.etiketbio.eu/herbes-aromates-bio/8975-cook-ail-des-ours-16g-3417960033554.html;Ail des ours 16g;3417960033554;;692;2026-08-13 09:43:11
1041;19536;Nigelle en graines  Cook 50g;https://www.etiketbio.eu/epices-en-graines-bio/8968-cook-nigelle-graine-50g-3417960032090.html;Nigelle graines bio Cook 50g;3417960032090;;698;2026-08-13 09:40:05
1118;19538;Mélange pour compote et crumble Cook 35g;https://www.etiketbio.eu/epices-patisserie-bio/8971-cook-melange-compote-crumble-35g-3417960033516.html;Mélange compote crumble bio Cook 35g;3417960033516;;602;2026-08-13 09:52:20
142;19641;Riz Mélo Pois Cassé Lin Priméal 500g;https://www.etiketbio.eu/preparations-a-base-de-riz/8025-primeal-riz-melo-pois-casse-lin-500-g-3380380060588.html;Riz mélo pois cassés et lin bio Priméal 500g;3380380060588;;600;2026-08-12 13:14:01
602;19740;Muesli aux fruits Grillon d'Or 1kg;https://www.etiketbio.eu/muesli-aux-fruits/9015-grillon-dor-muesli-fruits-1kg-3421557108099.html;Muesli fruits bio 1kg Grillon d’Or;3421557108099;;758;2026-08-13 08:09:18
580;19744;Krounchy Chocolat Grillon D'Or 1kg;https://www.etiketbio.eu/granola-crunchy-krounchy/9029-grillon-dor-krounchy-familial-chocolat-1kg-3421557110313.html;Krounchy chocolat Grillon d’Or 1kg;3421557110313;;1000;2026-08-13 08:06:27
583;19748;Céréales Ka'Ré fourrées chocolat noisettes Grillon d'Or 500g;https://www.etiketbio.eu/cereale-enfant-petit-dejeuner/9064-grillon-dor-kare-fourre-chocolat-noisette-500g-3421557500985.html;Ka’ré chocolat noisettes Grillon d’Or 500g;3421557500985;;612;2026-08-13 08:07:00
561;19751;Tomates pelées Luce 800g;https://www.etiketbio.eu/tomates-bio-en-conserve/22759-luce-tomates-pelees-metal-800gr-3329489901590.html;Tomates pelées bio Luce 800g;3329489901590;;738;2026-08-13 07:54:24
1202;20006;Purée de  poire Dani¿Pom Danival 700G;https://www.etiketbio.eu/purees-de-fruits/14774-danival-danipom-100-poire-700g-3431590002544.html;Dani’Pom 100% Poire 700g Danival;3431590002544;;533;2026-08-13 10:04:48
434;20031;Pépites chocolat noir 50 % cacao Kaoka 100g;https://www.etiketbio.eu/ingredients-poudres-patissiers/12452-kaoka-pepites-de-chocolat-noir-60-100g-3477730020009.html;Pepites de chocolat noir 60% 100g;3477730020009;;454;2026-08-13 07:38:41
1140;20072;Coenzyme Q10 Diet Horizon 60 capsules;https://www.etiketbio.eu/coenzyme-q10/11249-diet-horizon-coenzyme-q10-60caps-5060072731368.html;Coenzyme Q10 Diet Horizon 60 caps;5060072731368;;786;2026-08-13 09:58:34
1184;20115;Baume fondant pour le corps Dermaclay 300ml;https://www.etiketbio.eu/lait-pour-le-corps/24524-dermaclay-baume-fondant-pour-le-corps-300ml-3567730800319.html;Baume fondant pour le corps 300ml;3567730800319;;744;2026-08-13 10:01:59
384;20121;Bicarbonate de soude Ecodoo 500G;https://www.etiketbio.eu/bicarbonate-de-soude/8047-ecodoo-bicarbonate-de-soude-500g-3380380064852.html;Bicarbonate de soude Ecodoo 500g;3380380064852;;1000;2026-08-12 15:40:23
1380;20143;Poudre de lave vaisselle Etamine du Lys 1,3kg;https://www.etiketbio.eu/poudre-gel-lave-vaisselle/16541-etamine-du-lys-poudre-lave-vaisselle-13kg-3538395206303.html;Poudre lave-vaisselle 1,3kg Etamine du Lys;3538395206303;;858;2026-08-13 10:44:44
371;20147;Spätzle Ail Des Ours Pural 500g;https://www.etiketbio.eu/prevenir/30952-baume-respiration-bio-30ml-herbes-et-traditions-3700006510349.html;Baume Respiration Bio 30ml Herbes et Traditions;3700006510349;;0;2026-08-12 15:33:28
560;20240;Pesto siciliano Luce 190g;https://www.etiketbio.eu/pesto-bio/20097-luce-pesto-siciliano-190g-3329489900319.html;Pesto siciliano 190g;3329489900319;;667;2026-08-13 07:54:08
1555;20306;Pur jus de clémentines Vitamont 75cl;https://www.etiketbio.eu/jus-d-orange-et-agrumes/7291-vitamont-pur-jus-de-clementine-75cl-3289196500083.html;Pur jus de clementine 75cl;3289196500083;;559;2026-08-13 11:53:21
260;2031;Tisane stress bio Romon Nature 20 sachets;https://www.etiketbio.eu/tisane-sommeil-detente-bio/8364-romon-nature-plantasia-stress-26g-20-sachets-3388742801602.html;Stress bio Romon Nature – 20 sachets;3388742801602;;777;2026-08-13 12:44:40
1470;20377;Crème balsamique Emile Noël 150ml;https://www.etiketbio.eu/vinaigre-balsamique-bio/7352-emile-noel-creme-balsamique-150ml-3291960003959.html;Crème balsamique bio 150ml – Émile Noël;3291960003959;;786;2026-08-13 10:50:22
233;2039;Tisane transit Romon Nature 20 sachets;https://www.etiketbio.eu/tisanes-en-sachets/8365-romon-nature-plantasia-transit-32g-20-sachets-3388742801701.html;Tisane Transit bio Romon Nature;3388742801701;;541;2026-08-13 12:43:46
218;20393;Sucre de canne complet Rapadura Rapunzel 500g;https://www.etiketbio.eu/sucre-de-canne-bio/10823-rapunzel-rapadura-sucre-de-canne-complet-500g-4006040104384.html;Rapadura sucre complet Rapunzel 500g;4006040104384;;635;2026-08-12 15:15:36
217;20394;Sucre de canne complet Rapadura Rapunzel 1kg;https://www.etiketbio.eu/sucre-de-canne-bio/22376-rapunzel-rapadura-sucre-de-canne-complet-1kg-4006040301097.html;Rapadura sucre de canne complet 1kg;4006040301097;;759;2026-08-12 15:15:31
227;20398;Feuilles de vigne au riz Rapunzel 280g;https://www.etiketbio.eu/conserves-de-legumes/22493-dolmas-feuille-de-vigne-au-riz-280g-8697418143911.html;Dolmas feuille de vigne au riz 280g;8697418143911;;548;2026-08-12 15:17:05
222;20400;Bâtonnets de gingembre confit Rapunzel 75g;https://www.etiketbio.eu/fruits-seches-deshydrates-bio/22542-rapunzel-gingembre-batonnets-confits-75g-4006040048244.html;Gingembre batonnets confits 75g;4006040048244;;411;2026-08-12 15:16:32
221;20403;Arachides coques grillées Rapunzel 500g;https://www.etiketbio.eu/fruits-secs-snacking-bio/22540-rapunzel-arachides-coques-grillees-500g-4006040031260.html;Arachides coques grillees 500g;4006040031260;;696;2026-08-12 15:16:03
220;20408;Mélange professeur Rapunzel 250g;https://www.etiketbio.eu/melanges-de-fruits-secs-bio/22545-rapunzel-melange-professeur-fruits-coques-250g-4006040071501.html;Melange professeur fruits coques 250g;4006040071501;;400;2026-08-12 15:15:58
226;20409;Levure boulangère déshydratée Rapunzel 9g;https://www.etiketbio.eu/levain/25248-rapunzel-levure-boulanger-9g-4006040013815.html;Levure boulangère bio Rapunzel 9g;4006040013815;;627;2026-08-12 15:16:59
223;20412;Dattes Deglet Nour Rapunzel 500g;https://www.etiketbio.eu/dattes-bio/22554-rapunzel-dattes-deglet-nour-bio-500g-6194000395106.html;Dattes deglet nour bio 500g;6194000395106;;624;2026-08-12 15:16:38
798;20506;Conchiglie blanc Bonneterre 500g;https://www.etiketbio.eu/pate-blanche/19597-bonneterre-conchiglie-coquillages-500g-3396410052317.html;Conchiglie - coquillages 500g;3396410052317;;254;2026-08-13 08:55:01
2424;20515;Macaronis demi complets Markal 500g;https://www.etiketbio.eu/pate-demi-complete/24025-markal-macaronis-1-2-complets-500g-3329489304155.html;Macaronis 1/2 complets 500g;3329489304155;;445;2026-08-13 13:33:19
158;20516;Protéines de soja texturées Priméal 200g;https://www.etiketbio.eu/soja-bio-/8299-primeal-proteines-de-soja-texturees-fin-200g-3380390221511.html;Proteines de soja texturees fin 200g;3380390221511;;746;2026-08-12 13:15:29
1144;20527;Nuit zen Diet Horizon 30 comprimés;https://www.etiketbio.eu/stress-nervosite/11262-nuit-zen-30comp-5060072732471.html;Nuit zen 30 comprimés;5060072732471;;509;2026-08-13 09:59:24
149;20549;Trio de riz de Camargue long complet Priméal 500g;https://www.etiketbio.eu/riz-de-camargue-bio/7996-primeal-trio-de-riz-de-camargue-igp-500g-3380380057113.html;Trio de riz de Camargue IGP bio Priméal 500g;3380380057113;;636;2026-08-12 13:14:23
2255;20629;Thé blanc à la fleur d'oranger Thés de la pagode 100g;https://www.etiketbio.eu/the-blanc-bio/25675-the-blanc-fleur-d-oranger-bio-100g-3363791412399.html;Thé Blanc Fleur d'Oranger Bio Les Thés de la Pagode;3363791412399;;642;2026-08-13 12:57:17
141;20643;Riz de Camargue IGP long blanc Priméal 1kg;https://www.etiketbio.eu/riz-de-camargue-bio/19284-primeal-riz-de-camargue-long-blanc-igp-1kg-3380380055133.html;Riz Camargue long blanc IGP bio Priméal 1kg;3380380055133;;803;2026-08-12 13:13:55
1208;20650;Raviolis ricotta épinards Danival 670g;https://www.etiketbio.eu/plats-prepares/12431-danival-raviolis-ricotta-epinards-670g-3431590001912.html;Raviolis ricotta/epinards 670g;3431590001912;;706;2026-08-13 10:06:39
650;20706;Boisson bio millet amande noisette Bonneterre 1L;https://www.etiketbio.eu/boisson-aux-noisettes-bio/8582-boisson-millet-amande-noisette-1l-3396410216115.html;Boisson millet amande noisette 1l;3396410216115;;582;2026-08-13 08:31:39
1358;20758;Harissa Emile Noël 90g;https://www.etiketbio.eu/sauces-bio/28819-harissa-90g-3291960008152.html;HARISSA 90G;3291960008152;;333;2026-08-13 10:42:19
1024;20836;Galettes son avoine nature bio Céréalpes 4x60g;https://www.etiketbio.eu/flocons/9075-grillon-dor-flocons-5-cereales-toastees-500g-3421557701238.html;Flocons 5 céréales Grillon d’Or 500g;3421557701238;;0;2026-08-13 09:34:52
78;21012;Tagliatelles curcuma pavot Priméal 250g;https://www.etiketbio.eu/specialites/19495-primeal-tagliatelles-curcuma-pavot-250g-3380390169516.html;Tagliatelles curcuma pavot 250g;3380390169516;;709;2026-08-12 13:00:42
159;21013;Purée de tomates Priméal 3X200g;https://www.etiketbio.eu/sauce-tomate-nature/7998-primeal-puree-de-tomates-3x200g-3380380057250.html;Purée de tomates bio Priméal 3x200g;3380380057250;;783;2026-08-12 13:15:35
368;21151;Crusty fromage graines de courge Pural 200g;https://www.etiketbio.eu/biscuits-aperitif/11095-puraliment-crusty-fromage-graines-de-courge-200g-4033634061020.html;CRUSTY FROMAGE GRAINES DE COURGE 200G;4033634061020;;793;2026-08-12 15:31:32
651;21371;Chrome Catalyons 500ml;https://www.etiketbio.eu/complexe-oligo/28789-glucidyon-500ml-3760166802050.html;Glucidyon 500ml;3760166802050;;180;2026-08-13 08:32:04
652;21372;Zinc et cuivre Catalyons 30ml;https://www.etiketbio.eu/complexe-oligo/28787-spray-eau-de-cuivre-zinc-argent-30ml-3760166800810.html;Spray eau de cuivre-zinc-argent 30ml;3760166800810;;277;2026-08-13 08:32:21
104;21515;Haricots coco cuisinés Priméal 680g;https://www.etiketbio.eu/plats-prepares/13383-primeal-haricots-coco-cuisines-680g-3700477609139.html;Haricots coco cuisines 680g;3700477609139;;697;2026-08-12 13:06:09
105;21516;Piperade Priméal 650g;https://www.etiketbio.eu/plats-prepares/13384-primeal-piperade-650g-3700477609153.html;Piperade 650g;3700477609153;;510;2026-08-12 13:06:25
1361;21552;Nettoyant multi-usage dégraissant concentré Etamine du Lys 1l;https://www.etiketbio.eu/maison-entretien/27484-tout-net-1-l-3538394911000.html;Tout Net multi-usages 1L Etamine du Lys;3538394911000;;400;2026-08-13 10:43:18
1340;21555;Sel régénérant Etamine du Lys 2,5kg;https://www.etiketbio.eu/sel-regenerant-/20917-etamine-du-lys-sel-regenerant-25-kg-3538394911307.html;Sel régénérant lave-vaisselle 2,5kg Etamine du Lys;3538394911307;;641;2026-08-13 10:37:19
1343;21570;Gel WC Etamine du Lys 750ml;https://www.etiketbio.eu/entretien-wc/24057-etamine-du-lys-gel-wc-fraicheur-des-glaciers-750ml-3760312111128.html;Gel WC fraîcheur des glaciers 750ml Etamine du Lys;3760312111128;;468;2026-08-13 10:38:09
1384;21571;Liquide vaisselle citron menthe Etamine Du Lys 500ml;https://www.etiketbio.eu/liquide-vaisselle/24627-etamine-du-lys-liquide-vaisselle-ultra-degraissant-citron-menthe-500ml-3538390000791.html;Liquide vaisselle citron menthe 500ml Etamine du Lys;3538390000791;;1000;2026-08-13 10:45:01
649;21704;Boisson bio riz épeautre noisette Bonneterre 20CL;https://www.etiketbio.eu/boisson-a-l-epeautre-bio/8727-bonneterre-boisson-riz-epeautre-noisette-20cl-3396413705593.html;Boisson riz epeautre noisette 20cl;3396413705593;;585;2026-08-13 08:31:23
1519;21865;Graines de chanvre complètes Celnat 250g;https://www.etiketbio.eu/graines-de-chanvre-bio/6988-celnat-graines-de-chanvre-completes-3273120022543.html;Graines de chanvre complètes 250g - Celnat;3273120022543;;1000;2026-08-13 11:04:18
219;21916;Sucre rapadura vanillé Rapunzel 8g;https://www.etiketbio.eu/chocolat-noir-bio/22510-rapunzel-chocolat-extra-noir-80g-4006040195245.html;Chocolat extra noir 80g;4006040195245;;0;2026-08-12 15:15:47
1316;22020;Barre pomme cannelle Evernat 3x25g;https://www.etiketbio.eu/barre-de-fruits-secs/8610-evernat-barre-pomme-cannelle-3x25g-3396411217128.html;Barre pomme cannelle 3x25g;3396411217128;;693;2026-08-13 10:31:14
2279;22148;Filets de sardines à l'huile d'olive Phare d'Eckmühl 100g;https://www.etiketbio.eu/sardines/14752-phare-deckmuhl-filets-de-sardine-a-lhuile-dolive-100g-3263670015157.html;Filets sardines olive Phare d’Eckmühl;3263670015157;;336;2026-08-13 13:15:41
2337;22152;Thon blanc à l'huile d'olive Phare d'Eckmühl 80g;https://www.etiketbio.eu/thon-bio-en-conserves/6889-phare-deckmuhl-thon-blanc-germon-a-l-huile-d-olive-52g-3263670041255.html;Thon germon olive Phare d’Eckmühl;3263670041255;;244;2026-08-13 13:22:01
2386;22153;Thon blanc à l'huile d'olive Phare d'Eckmühl 160g;https://www.etiketbio.eu/thon-bio-en-conserves/6890-phare-deckmuhl-thon-blanc-huile-dolive-160-g-3263670041453.html;Thon blanc huile d'olive 160 g;3263670041453;;270;2026-08-13 13:26:56
315;22164;Tisane articulations bio Romon Nature 20 sachets;https://www.etiketbio.eu/tisanes-en-sachets/8366-romon-nature-plantasia-articulations-36g-20-sachets-3388742801909.html;Tisane articulations bio Romon Nature – 20 sachets;3388742801909;;1000;2026-08-13 12:46:28
623;22203;Thé vert Matcha en poudre Aromandise 50g;https://www.etiketbio.eu/matcha-bio/28895-poudre-the-vert-bio-matcha-3560467100042.html;Thé Vert Matcha Bio en poudre 50g;3560467100042;;728;2026-08-13 08:21:50
491;22259;Thé noir darjeeling été Destination 100g;https://www.etiketbio.eu/the-noir-bio/21257-destination-the-noir-legende-darjeeling-100g-3700110008305.html;Thé noir Darjeeling Destination 100g;3700110008305;;789;2026-08-13 07:44:11
1982;22333;Lentilles vertes Prosain 660g;https://www.etiketbio.eu/lentilles-bio-en-conserve/7781-prosain-lentilles-vertes-cuisinees-aux-legumes-660g-3335880006031.html;Lentilles vertes bio Prosain 660g;3335880006031;;748;2026-08-13 12:31:55
627;22499;Pierre d'argile Argiletz 300G;https://www.etiketbio.eu/pierre-d-argile/7532-argiletz-pierre-argiletz-300gr-3326100000083.html;Pierre argiletz 300gr;3326100000083;;408;2026-08-13 08:23:05
1916;22599;Macédoine Prosain 660g;https://www.etiketbio.eu/conserves-de-legumes/7763-prosain-macedoine-de-legumes-660g-3335880005652.html;Macedoine de legumes 660g;3335880005652;;298;2026-08-13 12:22:58
130;22834;Graines de lin doré Priméal 250g;https://www.etiketbio.eu/graines-de-lin-bio/22018-primeal-graine-de-lin-dore-france-250g-3380380062940.html;Graine de lin dore france 250g;3380380062940;;495;2026-08-12 13:13:05
228;22880;Beurre de cacahuète Rapunzel 500g;https://www.etiketbio.eu/puree-de-cacahuete/10822-rapunzel-beurre-de-cacahuete-500g-4006040000563.html;Beurre de cacahuète 500g bio - Rapunzel;4006040000563;;786;2026-08-12 15:17:33
505;22914;Haricots verts extra fins Luce 800g;https://www.etiketbio.eu/haricots-verts-haricots-beurre-bio/24032-luce-haricots-vert-800g-3329489900616.html;Haricots verts bio Luce 800g;3329489900616;;550;2026-08-13 07:47:07
2400;22915;Sésame noir Markal 250g;https://www.etiketbio.eu/graines-de-sesame-bio/17537-markal-sesame-noir-250g-3329488572500.html;Sésame noir bio 250g - Markal;3329488572500;;736;2026-08-13 13:29:21
1094;22929;Sauge en poudre Cook 20g;https://www.etiketbio.eu/herbes-aromates-bio/8945-cook-sauge-poudre-20g-3417960023081.html;Sauge moulue bio Cook 20g;3417960023081;;441;2026-08-13 09:47:46
1333;23195;Barre myrtille Evernat 40G;https://www.etiketbio.eu/barre-de-fruits-secs/8626-evernat-barre-myrtille-40g-3396411217951.html;Barre myrtille 40g;3396411217951;;614;2026-08-13 10:35:30
2472;23313;Farine de souchet Markal 250g;https://www.etiketbio.eu/farines-autres/29305-farine-de-souchet-250g-3329487000158.html;Farine de Souchet 250g Markal;3329487000158;;1000;2026-08-13 13:42:06
774;23333;Biscuits grande galette pur beurre Bonneterre 175g;https://www.etiketbio.eu/biscuit-nature/8617-grande-galette-175g-3396411217845.html;Grande Galette Bonneterre 175g;3396411217845;;429;2026-08-13 08:49:31
1713;23344;Pur jus de raisin Vitamont 20cl;https://www.etiketbio.eu/jus-de-raisins/7252-vitamont-tetra-pur-jus-de-raisins-rouge-20cl-3289196260291.html;Tetra pur jus de raisins rouge 20cl;3289196260291;;433;2026-08-13 11:58:43
579;23398;Infusion Réconfort de la gorge Yogi Tea 17 sachets;https://www.etiketbio.eu/tisane-gorge-hiver-bio/14237-yogi-tea-yogi-tea-reconfort-gorge-30-g-4012824402737.html;Infusion Réconfort Gorge Bio Yogi Tea;4012824402737;;434;2026-08-13 08:06:01
372;23497;Perles de potage à l'épeautre Pural 125g;https://www.etiketbio.eu/specialites/30251-perle-potage-epeautre-125g-3184340033366.html;Perles potage épeautre 125g bio – Pural croustillant;3184340033366;;449;2026-08-12 15:33:34
769;23774;Chocolat au lait éclats de caramel Bonneterre 100g;https://www.etiketbio.eu/chocolat-au-lait-bio/8606-bonneterre-chocolat-lait-eclats-de-caramel-100g-3396411216305.html;Chocolat lait eclats de caramel 100g;3396411216305;;628;2026-08-13 08:47:35
224;23775;Figues séchées Garland Rapunzel 500g;https://www.etiketbio.eu/fruits-seches-deshydrates-bio/19068-philia-figue-protoben-1kg-3520831330963.html;Figues séchées bio Protoben 1kg Philia;3520831330963;;198;2026-08-12 15:16:43
8;23853;Mini galettes maïs romarin Priméal 50g;https://www.etiketbio.eu/biscuits-aperitif/8060-primeal-mini-galettes-mais-romarin-50g-3380380068560.html;Mini galettes mais romarin 50g;3380380068560;;735;2026-08-12 12:53:25
77;23857;Spirales demi complètes 3 minutes Priméal 500g;https://www.etiketbio.eu/pate-demi-complete/8266-primeal-spirales-1-2-completes-100-france-500g-3380390184403.html;Spirales demi-complètes bio 500g Priméal France;3380390184403;;599;2026-08-12 13:00:14
318;23870;Mélange 6 huiles bébé 4 à 36 mois Quintesens 25cl;https://www.etiketbio.eu/hygiene-et-soins/19767-quintesens-huile-bebe-25cl-3700663000221.html;Huile bebe 25cl;3700663000221;;94;2026-08-12 15:22:57
1341;239;Pain complet graines de lin Evernat 500g;https://www.etiketbio.eu/pains/6688-evernat-pain-complet-graines-de-lin-500g-3229820102269.html;Pain complet graines de lin 500g;3229820102269;;762;2026-08-13 10:37:27
1287;24043;Céréales Crosti Oz Miel Favrichon 300g;https://www.etiketbio.eu/cereale-soufflee/23979-favrichon-crosti-bombs-miel-300gr-3111900330085.html;Crosti Bombs Miel Favrichon 300g;3111900330085;;533;2026-08-13 10:27:58
1371;24282;Recharge à diluer cuisine Etamine Du Lys 50ml;https://www.etiketbio.eu/nettoyant-cuisine/13366-etamine-du-lys-recharge-a-diluer-cuisine-50-ml-3538395001106.html;Recharge cuisine à diluer 50ml Etamine du Lys;3538395001106;;1000;2026-08-13 10:43:53
1346;24283;Recharge à diluer salle de bain Etamine Du Lys 50ml;https://www.etiketbio.eu/nettoyant-salle-de-bains/16539-etamine-du-lys-recharge-a-diluer-salle-de-bains-50-ml-3538395002103.html;Recharge salle de bains 50ml Etamine du Lys;3538395002103;;626;2026-08-13 10:39:50
1921;24304;Sauce Pomodoro Prosain 295g;https://www.etiketbio.eu/sauce-tomate-nature/7801-prosain-sauce-pomodoro-tomate-coeur-de-boeuf-et-petits-legumes-295g-3335880007205.html;Sauce Pomodoro bio Prosain 295g;3335880007205;;745;2026-08-13 12:25:30
2185;24306;Sauce puttanesca Prosain 295g;https://www.etiketbio.eu/sauce-tomate-preparee/7803-prosain-sauce-puttanesca-295g-3335880007229.html;Sauce Puttanesca bio Prosain 295g;3335880007229;;748;2026-08-13 12:42:26
1922;24307;Sauce arrabbiata Prosain 295g;https://www.etiketbio.eu/sauce-tomate-preparee/7802-prosain-sauce-arrabbiata-295g-3335880007212.html;Sauce Arrabbiata bio Prosain 295g;3335880007212;;748;2026-08-13 12:25:47
2183;24358;Pur jus de 5 superfruits Prosain 50CL;https://www.etiketbio.eu/jus-de-fruits/7810-prosain-pur-jus-5-superfruits-50cl-3335880007922.html;Pur jus 5 superfruits 50cl;3335880007922;;590;2026-08-13 12:41:18
2314;24509;Filets de sardines au citron Phare d'Eckmühl 90g;https://www.etiketbio.eu/sardines/12010-phare-deckmuhl-filets-de-sardines-a-la-sauce-citronnee-90g-3263670552010.html;Filets de sardines a la sauce citronnee 90g;3263670552010;;378;2026-08-13 13:20:00
2317;24512;Filets de Maquereau au citron Phare d'Eckmühl 130g;https://www.etiketbio.eu/maquereau/25200-phare-deckmuhl-filet-de-maquereaux-citron-basilic-pauvre-en-sel-130g-3263670235616.html;Filet de maquereaux citron basilic pauvre en sel 130g;3263670235616;;255;2026-08-13 13:20:17
1710;24517;Cocktail 12 vitamines Vitamont 20cl;https://www.etiketbio.eu/jus-multi-fruits/7262-vitamont-cocktail-junior-20cl-3289196260468.html;Cocktail junior 20cl;3289196260468;;247;2026-08-13 11:58:26
118;24535;Levure douce à paillette Priméal 150g;https://www.etiketbio.eu/levures-alimentaires/8064-primeal-levure-douce-paillettes-150g-en-etui-3380380070259.html;Levure Douce Paillettes Priméal 150g;3380380070259;;639;2026-08-12 13:08:27
117;24536;Levure de bière à paillettes Priméal 175g;https://www.etiketbio.eu/levures-alimentaires/8065-levure-de-biere-paillette-175g-primeal-3380380070266.html;Levure de bière paillettes bio 175g Priméal;3380380070266;;796;2026-08-12 13:08:22
997;24537;Crousty roll cacao noisette Bisson 125g;https://www.etiketbio.eu/biscuits-au-chocolat/8066-bisson-crousty-roll-chocolat-et-noisette-125g-3380380070280.html;Crousty Roll chocolat noisette bio 125g – Bisson;3380380070280;;622;2026-08-13 09:26:19
2466;24538;Riz long complet étuvé Markal 500g;https://www.etiketbio.eu/riz-long/20093-markal-riz-long-complet-etuve-italie-500g-3329485295006.html;Riz long complet étuvé  500g - Markal;3329485295006;;1000;2026-08-13 13:39:59
423;24539;Jus de citron vert pur jus Luce 25cl;https://www.etiketbio.eu/jus-de-citron-bio/23593-luce-jus-de-citron-vert-25cl-3329489900067.html;Jus citron vert bio Luce 25cl;3329489900067;;481;2026-08-13 07:43:20
2289;24555;Farine de blé blanche T55 Markal 1kg;https://www.etiketbio.eu/farines-de-ble/15463-markal-farine-de-ble-t55-1kg-3329486191123.html;Farine de blé T55 1kg - Markal;3329486191123;;750;2026-08-13 13:17:17
484;24666;Thé vert menthe Destination 50 sachets;https://www.etiketbio.eu/the-vert-parfume/24403-destination-the-vert-menthe-20x175gr-sachets-3700110055637.html;The vert menthe 20x1.75gr sachets;3700110055637;;488;2026-08-13 07:41:56
1031;24733;Gel lavant mains pomme Coslys 1L;https://www.etiketbio.eu/savons/24773-coslys-gel-lavant-mains-pomme-bio-1l-3538396518207.html;Gel lavant mains pomme bio 1l;3538396518207;;738;2026-08-13 09:37:59
1237;24753;Salade à la mexicaine au thon Danival 180g;https://www.etiketbio.eu/plats-prepares/9295-danival-salade-mexicaine-180g-3431590012727.html;Salade mexicaine 180g;3431590012727;;250;2026-08-13 10:13:25
1552;24813;50 Ovales à démaquiller BIO Douce Nature;https://www.etiketbio.eu/cotons/17009-douce-nature-50-ovales-a-demaquiller-3380380071447.html;50 ovales a demaquiller;3380380071447;;417;2026-08-13 11:52:46
1285;25054;Muesli croustillant duo de chocolats Favrichon 500g;https://www.etiketbio.eu/granola-crunchy-krounchy/6589-favrichon-muesli-croustillant-duo-choco-500g-3111900350571.html;Muesli duo chocolats bio 500g Favrichon;3111900350571;;556;2026-08-13 10:27:25
2132;25058;Korma de légumes Prosain 680g;https://www.etiketbio.eu/plats-prepares/12368-prosain-korma-de-legumes-680g-3335880006192.html;Korma de legumes 680g;3335880006192;;672;2026-08-13 12:37:33
2324;25063;Sardines à la tomate et olive Phare d'Eckmühl 135g;https://www.etiketbio.eu/sardines/12220-phare-deckmuhl-sardinesa-lhuile-dolive-et-a-la-tomate-135g-3263670014457.html;Sardines tomate olive Phare d’Eckmühl;3263670014457;;471;2026-08-13 13:20:52
486;25168;Thé noir breakfast Destination x50 sachets;https://www.etiketbio.eu/the-noir-bio/24405-destination-the-noir-breakfast-50x2gr-ft-3700110055651.html;Thé noir Breakfast Destination x50;3700110055651;;746;2026-08-13 07:42:29
89;25185;Spaghetti demi complètes Priméal 500g;https://www.etiketbio.eu/pate-demi-complete/8259-primeal-spaghettis-1-2-completes-500g-3380390180405.html;Spaghettis demi-complets bio 500g Priméal France;3380390180405;;363;2026-08-12 13:02:55
456;25210;Chocolat dessert lait Kaoka 200g;https://www.etiketbio.eu/chocolat-patissier-bio/9563-kaoka-chocolat-lait-38-dessert-patissier-200gr-3477730001145.html;Chocolat lait 38% dessert patissier 200gr;3477730001145;;361;2026-08-13 07:38:43
225;25303;Bouillon de légumes sans levure Rapunzel 80g;https://www.etiketbio.eu/bouillons/25253-rapunzel-bouillon-legumes-cubes-sans-levure-80g-4006040246534.html;Bouillon legumes cubes sans levure 80g;4006040246534;;592;2026-08-12 15:16:54
1865;25579;Nectar poire des Alpes Vitamont 25cl;https://www.etiketbio.eu/jus-de-fruits/7282-vitamont-mini-nectar-de-poire-des-alpes-25cl-3289196470065.html;Mini nectar de poire des alpes 25cl;3289196470065;;543;2026-08-13 12:13:23
1505;25601;Huile spéciale cuisson Emile Noël 3l;https://www.etiketbio.eu/huiles/7378-emile-noel-fritol-special-cuisson-1l-3291960009302.html;Fritol special cuisson 1l;3291960009302;;115;2026-08-13 10:55:04
1477;25602;Huile de colza désodorisée Emile Noël 1l;https://www.etiketbio.eu/huile-de-colza/7416-emile-noel-huile-colza-desodorisee-1l-3291960013033.html;Huile de colza désodorisée 1L Émile Noël;3291960013033;;1000;2026-08-13 10:53:36
763;25742;Chocolat au lait pâtissier Bonneterre 200g;https://www.etiketbio.eu/chocolat-patissier-bio/8657-bonneterre-chocolat-lait-patisserie-200g-3396411221286.html;Chocolat lait pâtissier Bonneterre;3396411221286;;596;2026-08-13 08:46:10
2429;25817;Levure maltée Markal en vrac;https://www.etiketbio.eu/grands-formats/25326-markal-levure-maltee-3-kg-3329486701032.html;Levure maltée 3kg  Markal;3329486701032;;485;2026-08-13 13:34:19
1125;25879;Épices pour Tandoori Cook 35g;https://www.etiketbio.eu/melanges-epices-bio/16355-cook-tandoori-35g-3417960035367.html;Tandoori bio Cook 35g;3417960035367;;408;2026-08-13 09:53:11
2399;26027;Tartines craquantes figue Le Pain des Fleurs 150g;https://www.etiketbio.eu/biscottes-et-tartines/10746-le-pain-des-fleurs-tartines-craquantes-figue-150g-3770002841051.html;Tartines craquantes figue 150g;3770002841051;;380;2026-08-13 13:28:55
2401;26030;Tartines craquantes à l'oignon Le Pain des Fleurs 150g;https://www.etiketbio.eu/biscottes-et-tartines/8101-le-pain-des-fleurs-pain-des-fleurs-oignon-150g-3380380072512.html;Tartines oignon Le Pain des Fleurs;3380380072512;;434;2026-08-13 13:29:46
1523;26038;Graines à germer roquette Germline 100g;https://www.etiketbio.eu/graines-a-germer/22098-germline-roquette-a-germer-100g-3465511128105.html;Roquette à germer bio 100g piquante - Germline;3465511128105;;602;2026-08-13 11:06:06
1143;26060;Mag-B Stress Diet Horizon 15 sticks;https://www.etiketbio.eu/stress-nervosite/11270-diet-horizon-mag-b-stress-15-sticks-5060072733768.html;Mag-B Stress Diet Horizon 15 sticks;5060072733768;;1000;2026-08-13 09:59:07
567;26133;Petits Pois Carottes Luce 400g;https://www.etiketbio.eu/petits-pois-bio-en-conserve/22751-luce-petits-pois-carottes-400g-3329489900630.html;Petits pois carottes 400g;3329489900630;;727;2026-08-13 07:54:58
15;26240;Couscous marocain  Priméal 300g;https://www.etiketbio.eu/couscous-bio/8088-primeal-couscous-marocain-300g-3380380071812.html;Couscous marocain 300g;3380380071812;;635;2026-08-12 12:54:22
213;26276;Chocolat lait fourré praliné Rapunzel 100g;https://www.etiketbio.eu/chocolat-au-lait-bio/25633-rapunzel-chocolat-lait-foure-praline-100g-4006040410829.html;Chocolat lait foure praline 100g;4006040410829;;577;2026-08-12 15:14:57
1672;26468;Cocktail orange carotte citron Vitamont 20cl;https://www.etiketbio.eu/jus-d-orange-et-agrumes/7258-vitamont-tetra-cocktail-orange-carotte-citron-20cl-3289196260383.html;Tetra cocktail orange carotte citron 20cl;3289196260383;;745;2026-08-13 11:56:41
605;26845;Krounchy épeautre chocolat noir Grillon d'Or 500g;https://www.etiketbio.eu/granola-crunchy-krounchy/9016-grillon-dor-krounchy-epeautre-chocolat-noir-500g-3421557108136.html;Krounchy épeautre chocolat 500g Grillon d’Or;3421557108136;;810;2026-08-13 08:09:52
2474;26914;Fécule de pomme de terre Markal 500g;https://www.etiketbio.eu/fecules-et-tapioca/28718-fecule-de-pomme-de-terre-500g-3329488695001.html;Fécule de pomme de terre 500g - Markal;3329488695001;;1000;2026-08-13 13:42:23
640;26949;Boisson riz épeautre amande Bonneterre 1L;https://www.etiketbio.eu/boisson-a-l-amande-bio/8658-bonneterre-boisson-riz-epeautre-amande-1l-3396411221323.html;Boisson riz epeautre amande 1l;3396411221323;;704;2026-08-13 08:29:41
598;27013;Ka'ré fourré sans gluten Grillon d'Or 375g;https://www.etiketbio.eu/cereale-enfant-petit-dejeuner/19049-grillon-dor-kare-fourre-choco-s-gluten-3421557501074.html;Ka’ré fourré chocolat bio sans gluten – Grillon d’Or;3421557501074;;614;2026-08-13 08:08:26
882;27108;Huile d'olive fruitée médium Bio Planète 50cl;https://www.etiketbio.eu/huile-d-olive/9421-bioplanete-huile-olive-vierge-extra-fruitee-medium-50cl-3445020120708.html;Huile d’olive fruitée médium Bio Planète 50cl;3445020120708;;1000;2026-08-13 09:20:03
926;27130;Huile de coco désodorisée Bio Planète 400ml;https://www.etiketbio.eu/huiles/27126-huile-de-coco-desodorisee-400ml-4260355580596.html;Huile de coco desodorisee 400ml;4260355580596;;598;2026-08-13 09:22:21
391;27481;Déboucheur canalisation Ecodoo 1L;https://www.etiketbio.eu/entretien-canalisations/13269-ecodoo-deboucheur-canalisations-1l-3380380073472.html;Déboucheur canalisations Ecodoo 1L;3380380073472;;739;2026-08-12 15:41:25
2131;27499;Salade de Lentilles, Epeautre & Tofu fumé Soy 220g;https://www.etiketbio.eu/plats-prepares/6851-soy-salade-de-lentilles-epeautre-tofu-fume-220g-3259011178919.html;Salade de lentilles, epeautre & tofu fume 220g;3259011178919;;836;2026-08-13 12:37:08
1325;27800;Pain Muesli Evernat 300g;https://www.etiketbio.eu/pains/8679-evernat-pain-muesli-raisin-noisette-amande-300g-3396411223761.html;Pain muesli raisin noisette amande 300g;3396411223761;;286;2026-08-13 10:32:59
1475;28216;Huile de cameline Emile Noël 500ml;https://www.etiketbio.eu/huiles/13203-emile-noel-huile-vierge-de-cameline-500ml-3291960012982.html;Huile vierge de cameline 500ml;3291960012982;;521;2026-08-13 10:53:02
1275;28470;Muesli croustillant framboise chocolat Favrichon 500g;https://www.etiketbio.eu/granola-crunchy-krounchy/20156-favrichon-muesli-croustillant-framboise-et-chocolat-500g-3111900350557.html;Muesli framboise chocolat bio 500g Favrichon;3111900350557;;687;2026-08-13 10:26:00
1284;28471;Muesli superfruits Favrichon 500g;https://www.etiketbio.eu/muesli-aux-fruits/6592-favrichon-muesli-superfruits-500g-3111900350618.html;Muesli superfruits bio 500g Favrichon;3111900350618;;754;2026-08-13 10:27:08
2259;28518;Huiles essentielles de lavande fine Herbes et Traditions 10ml;https://www.etiketbio.eu/lavande/26164-herbe-et-traditions-huile-essentelle-lavande-fine-maillette-10-ml-3700006521987.html;Huile essentelle lavande fine 10 ml;3700006521987;;153;2026-08-13 12:58:35
2270;28523;Huiles essentielles menthe poivrée Herbes et Tradition 10ml;https://www.etiketbio.eu/transport/26166-herbe-et-traditions-huile-essentielle-menthe-poivree-10ml-3700006524889.html;Huile essentielle menthe poivree 10ml;3700006524889;;289;2026-08-13 13:01:57
783;28572;Croustilles au chèvre Bonneterre 100g;https://www.etiketbio.eu/biscuits-aperitif/8672-bonneterre-croustilles-au-chevre-100g-3396411222801.html;Croustilles au chevre 100g;3396411222801;;660;2026-08-13 08:50:56
2398;28582;Duo de pois cassé Markal 500g;https://www.etiketbio.eu/pois-casses-bio-/7600-markal-duo-de-pois-casses-verts-et-jaunes-500g-3329484635001.html;Duo de pois cassés verts et jaunes bio 500g – Markal;3329484635001;;367;2026-08-13 13:28:47
370;28640;Crusty épeautre et fromage Pural 200g;https://www.etiketbio.eu/biscuits-aperitif/16481-puraliment-crusty-epeautre-fromage-200g-3184340061086.html;Crusty epeautre fromage 200g;3184340061086;;574;2026-08-12 15:31:59
2246;28808;Thé vert bio gunpowder Les Jardins de Gaïa 100g;https://www.etiketbio.eu/the-vert-nature-bio/9827-jardins-gaia-gunpowder-100g-3582810364925.html;Thé vert Gunpowder Gaïa 100g;3582810364925;;415;2026-08-13 12:56:32
2257;28817;Rooibos Bio Elixir des Petits Lutins Les jardins de Gaïa 100G;https://www.etiketbio.eu/rooibos-bio/9839-jardins-gaia-elixir-des-petits-lutins-100g-3582810920220.html;Rooibos Élixir petits lutins Gaïa 100g;3582810920220;;419;2026-08-13 12:57:43
2237;28825;Tisane bonne nuit Les Jardins de Gaïa 50g;https://www.etiketbio.eu/tisane-sommeil-detente-bio/9844-jardins-gaia-bonne-nuit-50g-3582811005025.html;Tisane Bonne Nuit Jardins de Gaïa 50g;3582811005025;;830;2026-08-13 12:55:41
2230;28826;Tisane Calmetoux BIO Les Jardins de Gaïa 50g;https://www.etiketbio.eu/plantes-en-vrac/9845-jardins-gaia-calmetoux-50g-3582811005087.html;Calmetoux 50g;3582811005087;;114;2026-08-13 12:55:06
2231;28827;Tisane Remède Elfique bio 50 g - Les Jardins de Gaïa;https://www.etiketbio.eu/tisane-gorge-hiver-bio/9846-jardins-gaia-remede-elfique-50g-3582811005179.html;Remede elfique 50g;3582811005179;;100;2026-08-13 12:55:23
1203;28902;Purée pomme abricot Danival 4x100g;https://www.etiketbio.eu/purees-de-fruits/9317-danival-dessert-de-fruits-pomme-abricot-4x100g-3431590013588.html;Dessert de fruits pomme abricot 4x100g;3431590013588;;319;2026-08-13 10:04:57
1188;28903;Purée pomme banane Danival 4x100g;https://www.etiketbio.eu/purees-de-fruits/9318-danival-puree-pomme-banane-4x100g-3431590013595.html;Puree pomme banane 4x100g;3431590013595;;690;2026-08-13 10:03:15
1231;28905;Purée pomme framboise Danival 4x100g;https://www.etiketbio.eu/purees-de-fruits/9320-danival-puree-pomme-framboise-4x100g-3431590013625.html;Puree pomme framboise 4x100g;3431590013625;;700;2026-08-13 10:11:52
1221;28907;Purée poires Danival 4x100g;https://www.etiketbio.eu/purees-de-fruits/9322-danival-puree-de-poire-4x100g-3431590013656.html;Puree de poire 4x100g;3431590013656;;417;2026-08-13 10:11:17
1220;28908;Purée pomme mangue Danival 4x100g;https://www.etiketbio.eu/purees-de-fruits/9323-danival-puree-pomme-mangue-4x100g-3431590013663.html;Purée pomme mangue bio Danival 4x100g;3431590013663;;786;2026-08-13 10:11:09
1232;28909;Purée pomme pêche Danival 4x100g;https://www.etiketbio.eu/purees-de-fruits/9324-danival-dessert-de-fruits-pomme-peche-100-4x100g-3431590013670.html;Dessert de fruits pomme peche 100% 4x100g;3431590013670;;250;2026-08-13 10:12:00
1230;28912;Purée pomme fruits rouges Danival 4x100g;https://www.etiketbio.eu/purees-de-fruits/9328-danival-puree-fruits-rouges-4x100g-3431590013717.html;Puree fruits rouges 4x100g;3431590013717;;525;2026-08-13 10:11:43
1234;29181;Miso blanc Danival 200g;https://www.etiketbio.eu/miso-bio/9314-danival-miso-blanc-200g-3431590013526.html;Miso blanc 200g;3431590013526;;592;2026-08-13 10:12:51
504;29206;Champignons de Paris émincés Luce 400g;https://www.etiketbio.eu/conserves-de-legumes/20560-luce-champignon-de-paris-400g-3329489900623.html;Champignon de paris 400g;3329489900623;;387;2026-08-13 07:46:50
1288;29227;Museli croustillant lin et courge Favrichon 450g;https://www.etiketbio.eu/douleurs-articulaires/27650-curalgic-muscle-14cps-3700695200347.html;Curalgic muscle 14cps;3700695200347;;0;2026-08-13 10:28:31
1319;29332;Muesli croustillant chocolat châtaigne Favrichon 375g;https://www.etiketbio.eu/granola-crunchy-krounchy/6600-favrichon-muesli-croustillant-chocolat-et-chataigne-375g-3111900350694.html;Muesli chocolat châtaigne bio 375g Favrichon;3111900350694;;687;2026-08-13 10:31:58
2256;29353;Thé noir goût russe babouchka Les jardins de Gaïa 100g;https://www.etiketbio.eu/the-noir-bio/9830-jardins-gaia-babouchka-100g-3582810473320.html;Babouchka Jardins de Gaïa 100g;3582810473320;;357;2026-08-13 12:57:26
1929;29489;Chili con carne Prosain 360g;https://www.etiketbio.eu/plats-prepares/7718-prosain-chili-con-carne-360g-3335880003214.html;Chili con carne 360g;3335880003214;;667;2026-08-13 12:27:13
1928;29491;Risotto aux cèpes Prosain 365g;https://www.etiketbio.eu/plats-prepares/7725-prosain-risotto-aux-cepes-365g-3335880004112.html;Risotto aux cepes 365g;3335880004112;;677;2026-08-13 12:26:56
1947;29492;Cocotte à l'Indienne Prosain 360g;https://www.etiketbio.eu/plats-prepares/7726-prosain-cocotte-a-lindienne-360g-3335880004129.html;Cocotte a l'indienne 360g;3335880004129;;686;2026-08-13 12:30:22
2171;29493;Sarrasin aux légumes Prosain 350g;https://www.etiketbio.eu/plats-prepares/7727-prosain-sarrasin-aux-legumes-350g-3335880004136.html;Sarrasin aux legumes 350g;3335880004136;;690;2026-08-13 12:38:45
2186;29497;Haricots rouges Prosain 255g;https://www.etiketbio.eu/conserves-de-legumes/7746-prosain-haricot-rouge-france-255g-3335880004686.html;Haricot rouge france 255g;3335880004686;;170;2026-08-13 12:42:43
799;29501;Tartinade de légumes Trio de Poivrons Bonneterre 135g;https://www.etiketbio.eu/produit-vegetal-a-tartiner/8687-bonneterre-tartinades-de-trio-de-poivrons-135g-3396411224195.html;Tartinades de trio de poivrons 135g;3396411224195;;483;2026-08-13 08:55:09
18;29508;Couscous maïs riz et chia parfumé au citron  Priméal 300g;https://www.etiketbio.eu/couscous-bio/8087-primeal-couscous-mais-riz-et-chia-parfume-au-citron-300g-3380380071805.html;Couscous mais riz et chia parfume au citron 300g;3380380071805;;831;2026-08-12 12:54:30
95;29510;Double concentré tomates Priméal 200g;https://www.etiketbio.eu/sauce-tomate-nature/12384-primeal-double-concentre-de-tomates-200g-3380380073083.html;Double concentré tomate Priméal 200g;3380380073083;;789;2026-08-12 13:04:12
74;29518;Spirales Demi-complètes Bio Priméal 500G;https://www.etiketbio.eu/pate-demi-complete/8266-primeal-spirales-1-2-completes-100-france-500g-3380390184403.html;Spirales demi-complètes bio 500g Priméal France;3380390184403;;788;2026-08-12 12:59:52
2366;29521;Sardines au piment d'Espelette Phare d'Eckmühl 135g;https://www.etiketbio.eu/sardines/6897-phare-deckmuhl-sardines-au-piment-despelettes-135g-3263670152012.html;Sardines piment Espelette Phare d’Eckmühl;3263670152012;;514;2026-08-13 13:25:30
2292;29523;Foie de morue fumée Phare d'Eckmühl 121g;https://www.etiketbio.eu/foie-de-morue/6916-phare-deckmuhl-foie-de-morue-fume-au-bois-de-hetre-121g-3263670991314.html;Foie de morue fume au bois de hetre 121g;3263670991314;;304;2026-08-13 13:17:44
1533;30045;Lingettes bébé peaux sensibles au Calendula Tidoo x58;https://www.etiketbio.eu/hygiene-et-soins/21427-58-lingettes-calendula-sans-parfum-3760001760187.html;58 lingettes calendula sans parfum;3760001760187;;161;2026-08-13 11:44:13
1534;30047;Crème réparatrice pour le change Tidoo 75g;https://www.etiketbio.eu/cosmetiques/25656-tidoo-creme-change-reparatrice-sans-oxyde-de-zinc-tube-75gr-3760001768305.html;Creme change reparatrice sans oxyde de zinc tube 75gr;3760001768305;;246;2026-08-13 11:44:46
2459;30074;Pilpil Markal 500g;https://www.etiketbio.eu/cereales-en-grains/28716-pilpil-500g-3329487115005.html;Pilpil 500g - Markal;3329487115005;;1000;2026-08-13 13:39:07
637;30078;Crème de coco cuisine Bonneterre 200mL;https://www.etiketbio.eu/lait-de-coco-bio/8654-bonneterre-lait-de-coco-cuisine-200ml-3396411220289.html;Lait de coco cuisine 200ml;3396411220289;;438;2026-08-13 08:28:34
1708;30164;Smoothie mangue coco Vitamont 25cl;https://www.etiketbio.eu/jus-de-fruits/14883-vitamont-smoothie-mangue-coco-25cl-3289196400246.html;Smoothie mangue coco 25cl;3289196400246;;678;2026-08-13 11:57:53
403;30392;Cristaux de Soude Ecodoo 500g;https://www.etiketbio.eu/cristaux-de-soude/8149-ecodoo-cristaux-de-soude-500g-essentiel-3380380076671.html;Cristaux de soude Ecodoo 500g;3380380076671;;1000;2026-08-12 15:42:59
390;30394;Pierre d'argile Ecodoo 300g;https://www.etiketbio.eu/pierre-d-argile/8152-ecodoo-pierre-dargile-300g-3380380077074.html;Pierre d’argile Ecodoo 300g;3380380077074;;1000;2026-08-12 15:40:46
1111;30507;Ciboulette tubulaire Cook 6g;https://www.etiketbio.eu/herbes-aromates-bio/8896-cook-ciboulette-coupee-15g-3417960022572.html;Ciboulette bio Cook 15g;3417960022572;;333;2026-08-13 09:51:04
881;30805;Riz germé Gaba Autour du Riz 500g;https://www.etiketbio.eu/riz-thai/30813-riz-germe-gaba-500g-autour-du-riz-3760103148005.html;Riz germé GABA bio 500g – Autour du Riz;3760103148005;;825;2026-08-13 09:16:48
1135;31686;Maca force 3 Diet Horizon 60 gélules;https://www.etiketbio.eu/maca-bio/11261-diet-horizon-maca-force-3-bio-60gel-5060072732419.html;Maca Force 3 Bio Diet Horizon;5060072732419;;571;2026-08-13 09:57:27
2258;32185;Thé Noir mon amour Les Jardins de Gaïa 100g;https://www.etiketbio.eu/the-noir-bio/9833-jardins-gaia-the-noir-mon-amour-100g-3582810578827.html;Thé noir Mon Amour Gaïa 100g;3582810578827;;526;2026-08-13 12:58:17
2254;32194;Lumière d'étoiles Les Jardins de Gaïa 100G;https://www.etiketbio.eu/rooibos-bio/9840-jardins-gaia-lumiere-detoiles-100g-3582810920923.html;Rooibos Lumière d’étoiles Gaïa 100g;3582810920923;;396;2026-08-13 12:57:08
2470;3231;Gomasio Markal 150g;https://www.etiketbio.eu/gomasio/16865-markal-gomasio-150g-3329486711154.html;Gomasio 150g - Markal;3329486711154;;1000;2026-08-13 13:41:48
1283;33647;Muesli croustillant pomme cannelle Favrichon 500g;https://www.etiketbio.eu/granola-crunchy-krounchy/6584-favrichon-muesli-croustillant-pomme-cannelle-500g-3111900350311.html;Muesli pomme cannelle bio 500g  Favrichon;3111900350311;;674;2026-08-13 10:26:51
1318;33649;Muesli croustillant lin et fibres Favrichon 400g;https://www.etiketbio.eu/muesli-nature/6601-favrichon-muesli-bien-etre-lin-et-fibres-400g-3111900350717.html;Muesli lin fibres bio 400g Favrichon;3111900350717;;578;2026-08-13 10:31:40
1281;33653;Muesli croustillant cranberry, myrtille et framboise Favrichon 450g;https://www.etiketbio.eu/granola-crunchy-krounchy/12198-favrichon-muesli-croustillant-cranb-myrt-fram-450g-3111900350755.html;Muesli Croustillant Cranberry, myrtille & framboise 450g;3111900350755;;668;2026-08-13 10:26:34
122;34087;Boulgour ortie fenouil Priméal 300g;https://www.etiketbio.eu/melanges-prparations/22777-primeal-boulgour-ortie-et-fenouil-300g-3380380086335.html;Boulgour ortie et fenouil 300g;3380380086335;;665;2026-08-12 13:12:32
2275;34260;Huile végétale de chanvre Herbes et Traditions;https://www.etiketbio.eu/huile-de-chanvre-bio/26865-huile-vegetale-chanvre-50ml-3700006539173.html;Huile vegetale chanvre 50ml;3700006539173;;258;2026-08-13 13:03:31
400;34782;Détachant et blanchissant Percarbonate Ecodoo 350g;https://www.etiketbio.eu/blanchissant-/13340-ecodoo-detachant-et-blanchissant-350g-3380380078491.html;Detachant et blanchissant 350g;3380380078491;;500;2026-08-12 15:42:31
1535;34868;Lingettes bébé au Calendula Tidoo x58;https://www.etiketbio.eu/hygiene-et-soins/21427-58-lingettes-calendula-sans-parfum-3760001760187.html;58 lingettes calendula sans parfum;3760001760187;;207;2026-08-13 11:46:10
111;34898;Velouté de Légumes Verts Priméal 33cl;https://www.etiketbio.eu/soupes-bio-pretes-a-deguster/16064-primeal-veloute-legumes-verts-33cl-3380380077760.html;Velouté légumes verts Priméal 33cl;3380380077760;;798;2026-08-12 13:07:11
1090;35079;Ail et fines herbes Cook 10g;https://www.etiketbio.eu/melanges-epices-bio/8965-cook-melange-ail-et-fines-herbes-10g-3417960031994.html;Ail et fines herbes bio Cook 10g;3417960031994;;800;2026-08-13 09:46:56
1738;35138;Jus de carottes de France Vitamont 75cl;https://www.etiketbio.eu/jus-de-carotte/7286-vitamont-jus-de-carotte-des-landes-75cl-3289196500014.html;Jus de carotte Vitamont 75cl;3289196500014;;478;2026-08-13 12:01:34
96;35399;Haricots verts Priméal 360g;https://www.etiketbio.eu/haricots-verts-haricots-beurre-bio/7985-primeal-haricots-verts-demeter-720ml-3380380055768.html;Haricots verts Demeter 720ml Priméal;3380380055768;;457;2026-08-12 13:04:17
411;35452;Chocolat en poudre Kaoka 400g;https://www.etiketbio.eu/chocolat-en-poudre/9579-kaoka-chocolat-en-poudre-32-de-cacao-400g-3477730009004.html;Chocolat en poudre 32% de cacao 400g;3477730009004;;411;2026-08-13 07:38:41
68;36400;Coquillettes blanches Priméal 500g;https://www.etiketbio.eu/pate-blanche/8274-primeal-coquillettes-blanches-100-france-500g-3380390191401.html;Coquillettes blanches bio 500g Priméal France;3380390191401;;574;2026-08-12 12:59:02
69;36401;Spirales blanches Priméal 500g;https://www.etiketbio.eu/pate-blanche/16281-primeal-spirales-blanches-100-france-500g-3380390194402.html;Spirales blanches 100% france 500g;3380390194402;;476;2026-08-12 12:59:07
70;36402;Macaroni blanc Priméal 500g;https://www.etiketbio.eu/pate-blanche/13455-primeal-macaronis-blancs-100-france-500g-3380390197403.html;Macaronis blancs bio 500g filière France Priméal;3380390197403;;206;2026-08-12 12:59:12
367;36415;Crusty chia Pural 200g;https://www.etiketbio.eu/biscuits-aperitif/13057-puraliment-crusty-chia-200g-3184340161052.html;CRUSTY CHIA 200G;3184340161052;;632;2026-08-12 15:31:21
1270;36560;Muesli protéiné soja et fruits Favrichon 450g;https://www.etiketbio.eu/muesli-nature/12201-favrichon-muesli-bien-etre-proteine-450g-3111900350793.html;Muesli Protéiné Soja Fruits Favrichon 450g;3111900350793;;828;2026-08-13 10:25:26
2343;36948;Thon listao Naturel Phare d'Eckmühl 112g;https://www.etiketbio.eu/thon-bio-en-conserves/12222-phare-deckmuhl-thon-listao-naturel-112g-cc-3263670451016.html;Thon listao naturel Phare d’Eckmühl;3263670451016;;776;2026-08-13 13:22:36
2372;36950;Filets de hareng fumés Phare d'Eckmühl 150g;https://www.etiketbio.eu/saumon-et-poissons/6907-phare-deckmuhl-filet-de-harengs-fumes-150g-3263670560114.html;Filets harengs fumés Phare d’Eckmühl;3263670560114;;505;2026-08-13 13:26:04
2319;36951;Anchois à l'huile d'olive Phare d'Eckmühl 115g;https://www.etiketbio.eu/anchois/28815-anchois-entiers-a-l-huile-d-olive-115g-3263670591019.html;Anchois entiers à l'huile d'olive bio 115g – Phare d’Eckmühl;3263670591019;;683;2026-08-13 13:20:34
624;37030;Dentifrice citron Argiletz 75ml;https://www.etiketbio.eu/dentifrice/7534-argiletz-dentifrice-citron-75ml-3326100000182.html;Dentifrice citron 75ml;3326100000182;;623;2026-08-13 08:21:59
2461;37155;Graines de chia Markal 500g;https://www.etiketbio.eu/graines-de-chia-bio/15512-graine-de-chia-500g-3329488735004.html;Graines de chia 500g - Markal;3329488735004;;1000;2026-08-13 13:39:22
2129;37158;Pois chiches Prosain 345g;https://www.etiketbio.eu/pois-chiches-bio-en-conserve/7744-prosain-pois-chiches-345g-3335880004655.html;Pois chiches bio Prosain 345g;3335880004655;;741;2026-08-13 12:36:10
1025;37418;Purée pommes myrtilles Côteaux Nantais 630g;https://www.etiketbio.eu/purees-de-fruits/7494-coteaux-nantais-puree-pomme-myrtille-sans-sucre-630g-3301597000969.html;Purée pomme myrtille 630g bio Côteaux Nantais;3301597000969;;532;2026-08-13 09:35:19
621;37459;Thé vert sencha Aromandise 85g;https://www.etiketbio.eu/the-vert-nature-bio/29777-the-vert-bio-sencha-85g-3560467100011.html;Thé vert Sencha bio 85g Aromandise;3560467100011;;781;2026-08-13 08:21:16
622;37460;Thé gyokuro Aromandise 50g;https://www.etiketbio.eu/the-vert-nature-bio/30845-the-gyokuro-50g-3560467100066.html;Thé Gyokuro Aromandise 50g;3560467100066;;1000;2026-08-13 08:21:32
2512;3756;Riz basmati blanc bio Markal 1kg;https://www.etiketbio.eu/riz-basmati-bio/7613-markal-riz-basmati-blanc-inde-1kg-3329485431121.html;Riz basmati blanc Inde 1kg - Markal;3329485431121;;718;2026-08-13 13:46:36
143;38222;Riz Mélo Lentilles Noisettes Priméal 500g;https://www.etiketbio.eu/preparations-a-base-de-riz/12060-primeal-riz-melo-lentille-noisette-500g-3380380080227.html;Riz mélo lentille noisette bio Priméal 500g;3380380080227;;531;2026-08-12 13:14:06
144;38224;Riz long rouge complet incollable Priméal 500g;https://www.etiketbio.eu/riz-long/12062-primeal-riz-long-rouge-incollable-500g-3380380080289.html;Riz long rouge incollable bio Priméal 500g;3380380080289;;779;2026-08-12 13:14:12
584;38401;Krounchy chia myrtilles Grillon d'Or 500g;https://www.etiketbio.eu/granola-crunchy-krounchy/9021-grillon-dor-krounchy-avoine-chia-myrtille-sans-gluten-500g-3421557108631.html;Krounchy chia myrtilles bio 500g Grillon d’Or;3421557108631;;816;2026-08-13 08:07:34
1138;38883;Draineur 5 émonctoires Diet Horizon 500 ml;https://www.etiketbio.eu/draineur-detox/18486-diet-horizon-draineur-5-emonctoires-500ml-5060072733171.html;Draineur 5 Émonctoires Bio Diet Horizon 500 ml;5060072733171;;835;2026-08-13 09:57:44
398;39239;Liquide vaisselle fleur d'oranger Ecodoo 500ml;https://www.etiketbio.eu/liquide-vaisselle/12834-ecodoo-liquide-vaisselle-douceur-fleur-doranger-500ml-3380380083174.html;Liquide vaisselle fleur d’oranger 500ml Ecodoo;3380380083174;;1000;2026-08-12 15:41:52
401;39240;Liquide vaisselle citron vert vinaigre Ecodoo 500ml;https://www.etiketbio.eu/liquide-vaisselle/12835-ecodoo-liquide-vaisselle-degraissant-citron-vert-500ml-3380380083181.html;Liquide vaisselle citron vert 500ml Ecodoo;3380380083181;;774;2026-08-12 15:42:41
1195;39583;Purée pomme châtaigne Danival 4x100g;https://www.etiketbio.eu/purees-de-fruits/12824-danival-dessert-pomme-chataigne-4x100g-3431590014080.html;Dessert pomme châtaigne Danival 4x100g;3431590014080;;649;2026-08-13 10:03:41
998;39824;Gaufrettes citron Bisson 190g;https://www.etiketbio.eu/biscuit-aux-fruits/12739-bisson-gaufrettes-citron-190g-3380380079115.html;Gaufrettes citron bio Bisson 190g;3380380079115;;748;2026-08-13 09:26:36
1032;40177;Madeleines aux pépites de chocolat sans gluten Céliane 180g;https://www.etiketbio.eu/gateaux-sans-gluten/17743-les-recettes-de-celianes-madeleines-pepites-choco-180g-3700566453131.html;Madeleines pépites choco 180g bio sans gluten - Céliane;3700566453131;;595;2026-08-13 09:38:24
1030;40178;Madeleines aux oeufs sans gluten Céliane 180g;https://www.etiketbio.eu/gateaux-sans-gluten/17744-les-recettes-de-celianes-madeleines-aux-oeufs-180g-3700566453148.html;Madeleines aux œufs 180g bio sans gluten;3700566453148;;561;2026-08-13 09:37:34
673;40231;Argent colloïdal 20PPM vaporisateur Catalyons 150ml;https://www.etiketbio.eu/argent-colloidal/27203-argent-colloidal-20ppm-vaporisateur-150-ml-3760166800001.html;Argent colloïdal 20ppm - vaporisateur 150 ml;3760166800001;;559;2026-08-13 08:34:03
1084;40303;Curry Madras Fort Cook 35g;https://www.etiketbio.eu/melanges-epices-bio/16356-cook-curry-madras-fort-35g-3417960037934.html;Curry Madras fort bio Cook 35g;3417960037934;;774;2026-08-13 09:45:54
1085;40304;Mélange Thaï Cook 35g;https://www.etiketbio.eu/melanges-epices-bio/16357-cook-melange-thai-35g-3417960037941.html;Mélange thaï bio Cook 35g;3417960037941;;730;2026-08-13 09:46:03
1086;40305;Mélange Cajun Cook 35g;https://www.etiketbio.eu/melanges-epices-bio/16358-cook-melange-cajun-35g-3417960037958.html;Mélange cajun bio Cook 35g;3417960037958;;733;2026-08-13 09:46:11
1116;40309;Aneth en feuilles Cook 15g;https://www.etiketbio.eu/herbes-aromates-bio/23758-cook-aneth-feuilles-15g-3417960038108.html;Aneth feuilles 15g;3417960038108;;491;2026-08-13 09:51:38
1089;40310;Coriandre feuilles Cook 15g;https://www.etiketbio.eu/herbes-aromates-bio/17600-cook-coriandre-feuille-15g-3417960038122.html;Coriandre feuilles bio Cook 15g;3417960038122;;745;2026-08-13 09:46:47
2408;40365;Tartines à la lentille verte Le Pain des Fleurs 150g;https://www.etiketbio.eu/biscottes-et-tartines/12050-le-pain-des-fleurs-tartines-craquantes-lentilles-vertes-150g-3380380079504.html;Tartines craquantes lentilles vertes 150g;3380380079504;;142;2026-08-13 13:30:54
1207;4056;Concentré de tomate 22% Danival 200G;https://www.etiketbio.eu/sauce-tomate-nature/23831-danival-concentre-de-tomate-22-200g-3431590000120.html;Concentre de tomate 22% 200g;3431590000120;;726;2026-08-13 10:06:03
73;4270;Tagliatelles spiruline Priméal 250g;https://www.etiketbio.eu/specialites/8254-primeal-tagliatelles-a-la-spiruline-250g-3380390169523.html;Tagliatelles à la spiruline bio 250g Priméal;3380390169523;;506;2026-08-12 12:59:46
2426;4274;Spaghetti demi complets Markal 500g;https://www.etiketbio.eu/pate-demi-complete/24029-markal-spaghettis-1-2-complets-500g-3329489312150.html;Spaghettis 1/2 complets 500g - Markal;3329489312150;;429;2026-08-13 13:33:45
2425;4286;Coquillettes blanches Markal 500g;https://www.etiketbio.eu/pate-blanche/24016-markal-coquillettes-blanches-500g-cc-3329489101150.html;Coquillettes blanches 500g - Markal;3329489101150;;1000;2026-08-13 13:33:36
1238;4647;Ratatouille du moulin Danival 670g;https://www.etiketbio.eu/ratatouille-bio-en-bocal/9191-danival-ratatouille-du-moulin-670g-3431590000113.html;Ratatouille du moulin 670g;3431590000113;;693;2026-08-13 10:13:33
1939;4817;Boisson bio soja nature Soy 1L;https://www.etiketbio.eu/boisson-au-soja/6794-soy-biosoy-nature-1l-cc-3259010500018.html;Boisson soja nature 1L Soy;3259010500018;;774;2026-08-13 12:28:13
1724;5020;Pur jus ananas Vitamont 75cl;https://www.etiketbio.eu/jus-de-fruits/7318-vitamont-pur-jus-dananas-75cl-3289196500588.html;Pur jus d'ananas 75cl;3289196500588;;475;2026-08-13 12:00:00
1478;5474;Moutarde forte de Dijon Emile Noel 200g;https://www.etiketbio.eu/moutardes/7404-emile-noel-moutarde-forte-de-dijon-bio-200g-3291960011862.html;Moutarde forte de dijon bio 200g;3291960011862;;563;2026-08-13 10:53:45
2504;5792;Coquillettes demi complètes Markal 500g;https://www.etiketbio.eu/pate-demi-complete/24024-markal-coquillettes-1-2-completes-500g-cc-3329489301154.html;Coquillettes 1/2 complètes 500g - Markal;3329489301154;;589;2026-08-13 13:45:28
2509;5793;Spirales demi complètes Markal 500g;https://www.etiketbio.eu/pate-demi-complete/24028-markal-spirales-1-2-completes-500g-3329489309150.html;Spirales 1/2 complètes 500g - Markal;3329489309150;;580;2026-08-13 13:46:19
2423;5805;Crozets sarrasin Markal 500g;https://www.etiketbio.eu/specialites/15518-markal-crozets-de-sarrasin-500g-3329489701206.html;Crozets sarrasin 500g - Markal;3329489701206;;1000;2026-08-13 13:33:11
918;60071;Huile Oméga + Bio Planète 0,5l;https://www.etiketbio.eu/huiles/9394-bioplanete-huile-omega-500ml-3445020001526.html;Huile omega+ 500ml;3445020001526;;207;2026-08-13 09:21:47
575;60096;Ratatouille Luce 375g;https://www.etiketbio.eu/ratatouille-bio-en-bocal/29423-ratatouille-luce-375gr-3329489900579.html;Ratatouille bio 375g Luce;3329489900579;;685;2026-08-13 07:56:06
1196;60259;Purée pommes Dani'Pom Danival 1,05kg;https://www.etiketbio.eu/purees-de-fruits/14394-danival-danipom-banane-105kg-3431590014400.html;Dani'pom banane 1.05kg;3431590014400;;304;2026-08-13 10:03:49
847;60276;Vermicelles Thaï de riz Autour du Riz 200g;https://www.etiketbio.eu/specialites/22626-autour-du-riz-vermicelles-thai-de-riz-200g-3760103149415.html;Vermicelles thai de riz 200g;3760103149415;;500;2026-08-13 09:08:46
1861;60302;Nectar de pêche du Roussillon Vitamont 75cl;https://www.etiketbio.eu/jus-de-fruits/14468-vitamont-nectar-de-peche-du-roussillon-75cl-3289196500649.html;Nectar de peche du roussillon 75cl;3289196500649;;757;2026-08-13 12:12:49
1197;60696;Purée pommes banane Dani'Pom Danival 1,05kg;https://www.etiketbio.eu/purees-de-fruits/14394-danival-danipom-banane-105kg-3431590014400.html;Dani'pom banane 1.05kg;3431590014400;;381;2026-08-13 10:04:06
767;61061;Chocolat noir Togo  Bonneterre 80g;https://www.etiketbio.eu/chocolat-noir-bio/14980-tablette-chocolat-noir-togo-85-80g-3396411233692.html;Chocolat noir Togo 85% Bonneterre;3396411233692;;763;2026-08-13 08:47:18
366;61261;Poudre à lever Pural 3x21g;https://www.etiketbio.eu/levure-et-gelifiant/15105-puraliment-poudre-a-lever-sans-phosphates-3x21g-3184340000818.html;Poudre à lever sans phosphate Pural;3184340000818;;437;2026-08-12 15:30:20
1547;61359;Dentifrice BIO Haleine Fraîche Menthe Douce Nature 75ml;https://www.etiketbio.eu/dentifrice/16912-douce-nature-dentifrice-menthe-haleine-franche-75ml-3380380083358.html;Dentifrice menthe haleine franche 75ml;3380380083358;;398;2026-08-13 11:51:36
804;61887;Tartinade Betterave & Raifort Bonneterre 135g;https://www.etiketbio.eu/produit-vegetal-a-tartiner/14989-bonneterre-tartinade-legumes-betterave-raifort-135g-3396411234620.html;Tartinade legumes betterave raifort 135g;3396411234620;;675;2026-08-13 08:56:09
2269;63412;Huiles essentielles cannelle de Chine Herbes et Tradition 10ml;https://www.etiketbio.eu/fatigue-surmenage/26149-herbe-et-traditions-huile-essentielle-cannelle-de-chine-10ml-3700006509756.html;Huile essentielle cannelle de chine 10ml;3700006509756;;349;2026-08-13 13:01:32
1286;64449;Muesli chocolat noix de coco Favrichon 450g;https://www.etiketbio.eu/granola-crunchy-krounchy/14372-favrichon-muesli-croustillant-chocolat-noir-et-coco-450g-3111900350823.html;Muesli chocolat coco Favrichon 450g;3111900350823;;641;2026-08-13 10:27:41
1022;65486;Purée de myrtilles Côteaux Nantais 350g;https://www.etiketbio.eu/purees-de-fruits/16341-coteaux-nantais-puree-myrtille-sans-sucre-350g-3301597000808.html;Purée myrtille bio 350g sans sucre Coteaux Nantais;3301597000808;;393;2026-08-13 09:34:27
1472;6574;Vinaigre balsamique Emile Noël 25CL;https://www.etiketbio.eu/vinaigre-balsamique-bio/7371-emile-noel-vinaigre-balsamique-modene-igp-25cl-3291960008398.html;Vinaigre balsamique Modène IGP 25cl bio – Émile Noël;3291960008398;;515;2026-08-13 10:50:39
676;66556;Eau capillaire Catalyons 150ml;https://www.etiketbio.eu/cheveux/28456-eau-capillaire-150ml-3760166805976.html;Eau capillaire 150ml;3760166805976;;600;2026-08-13 08:36:16
511;66984;Thé Vert BIO Sencha N°9 Chine Destination 80g;https://www.etiketbio.eu/the-vert-nature-bio/24421-destination-the-vert-sencha-chine-bio-equitable-80gr-3700110050571.html;Thé vert Sencha Chine Destination 80g;3700110050571;;685;2026-08-13 07:49:44
1502;68074;Huile vierge d'avocat Emile Noël 25cl;https://www.etiketbio.eu/huiles/21806-emile-noel-huile-vierge-davocat-25cl-3291960015617.html;Huile vierge d'avocat 25cl;3291960015617;;546;2026-08-13 10:54:21
1350;68326;Lessive linge délicat lavandin bio Etamine du Lys 1l;https://www.etiketbio.eu/lessive-linges-delicats/16525-etamine-du-lys-lainage-linge-delicat-1l-3538394911208.html;Lainage linge délicat 1L Etamine du Lys;3538394911208;;542;2026-08-13 10:40:58
506;70604;Chicorée nature soluble Destination 100g;https://www.etiketbio.eu/chicoree-bio/17731-destination-chicoree-instantanee-bocal-100g-3700110045775.html;Chicorée instantanée bio 100g Destination;3700110045775;;459;2026-08-13 07:47:31
1187;7089;Purée pomme abricot Dani'Pom Danival 700g;https://www.etiketbio.eu/purees-de-fruits/9227-danival-danipom-pomme-abricot-700g-3431590002599.html;Dani’Pom Pomme Abricot 700g Danival;3431590002599;;766;2026-08-13 10:03:07
1507;72335;Lait UHT écrémé en brique Grandeur Nature 1L;https://www.etiketbio.eu/laits/25585-grandeur-nature-lait-de-vache-uht-1-2-ecreme-50cl-3252920034161.html;Lait de vache uht 1/2 ecreme 50cl;3252920034161;;195;2026-08-13 10:59:14
1182;72872;Shampooing bio Cheveux Blonds Dermaclay 250ML;https://www.etiketbio.eu/shampooing/24510-dermaclay-shampooing-cheveux-blonds-250ml-3567730300505.html;Shampooing cheveux blonds 250ml;3567730300505;;544;2026-08-13 10:00:52
2179;73842;Confiture extra de fraise Prosain 730g;https://www.etiketbio.eu/confiture-de-fruits-rouges/23365-prosain-confiture-extra-de-fraises-730g-3335880000572.html;Confiture extra de fraises bio Prosain 730g;3335880000572;;670;2026-08-13 12:40:11
1750;73865;Boisson confort du foie Vitamont 50cl;https://www.etiketbio.eu/jus-de-legumes/14891-vitamont-boisson-confort-du-foie-radis-noir-curcuma-50cl-3289196800107.html;Boisson confort du foie radis noir curcuma 50cl;3289196800107;;461;2026-08-13 12:02:09
2410;74269;Tartines spécial matin au sarrasin Le Pain des Fleurs 230g;https://www.etiketbio.eu/biscottes-et-tartines/15655-le-pain-des-fleurs-speciale-matin-sarrasin-fibres-230g-3380380087400.html;Tartines Spécial Matin sarrasin Pain des Fleurs;3380380087400;;627;2026-08-13 13:31:11
2412;74271;Tartines spécial matin Multigraines Le Pain des Fleurs 230g;https://www.etiketbio.eu/biscottes-et-tartines/15656-le-pain-des-fleurs-speciale-matin-multigraines-230g-3380380087417.html;Speciale matin multigraines 230g;3380380087417;;234;2026-08-13 13:31:28
2396;74273;Tartines spécial matin châtaigne Le Pain des Fleurs 230g;https://www.etiketbio.eu/biscottes-et-tartines/15658-le-pain-des-fleurs-special-matin-douceur-chataigne-230g-3380380087431.html;Tartines Spécial Matin châtaigne;3380380087431;;323;2026-08-13 13:28:21
1675;74822;Pur jus de multifruits de France Vitamont 75cl;https://www.etiketbio.eu/jus-multi-fruits/15596-vitamont-pur-jus-3-fruits-vergers-de-france-75cl-3289196500656.html;Pur jus 3 fruits vergers de france 75cl;3289196500656;;397;2026-08-13 11:57:23
1904;74825;Smoothie framboise litchi Vitamont 25cl;https://www.etiketbio.eu/jus-de-fruits/14888-vitamont-smoothie-framboise-litchi-25cl-3289196470133.html;Smoothie Framboise Litchi Bio 25cl – Vitamont;3289196470133;;793;2026-08-13 12:14:18
1815;74829;Pur jus d'orange avec pulpe  Vitamont 1L;https://www.etiketbio.eu/jus-d-orange-et-agrumes/16335-vitamont-tetra-pur-jus-dorange-pulpee-1l-3289196260543.html;Pur Jus Orange Pulpée Bio 1L – Vitamont;3289196260543;;442;2026-08-13 12:06:18
848;74970;Tamari sauce soja Autour du Riz 600ml;https://www.etiketbio.eu/sauce-soja-bio/19622-autour-du-riz-tamari-sauce-soja-600ml-equitable-3760275570789.html;Tamari sauce soja 600ml equitable;3760275570789;;424;2026-08-13 09:10:47
1752;75181;Mojito sans alcool Vitamont 75cl;https://www.etiketbio.eu/jus-de-fruits/17662-vitamont-mojito-sans-alcool-75cl-3289196500762.html;Mojito sans alcool 75cl;3289196500762;;669;2026-08-13 12:02:45
1339;75636;Lessive liquide linge noir et foncé Etamine du Lys 1l;https://www.etiketbio.eu/lessive-liquide/16544-etamine-du-lys-lessive-linge-noir-et-fonce-litre-3538395312103.html;Lessive noir & foncé 1L Etamine du Lys;3538395312103;;566;2026-08-13 10:36:46
2260;75644;Huile essentielle de citronnelle de Java Herbes et Traditions 10ml;https://www.etiketbio.eu/moustiques/26852-huile-essentielle-citronelle-de-java-10ml-3700006509862.html;Huile essentielle citronnelle de java 10ml;3700006509862;;467;2026-08-13 12:58:52
2180;75799;Confiture extra d'abricots Prosain 730g;https://www.etiketbio.eu/confiture-de-fruits-jaunes/16560-prosain-confiture-extra-dabricots-65-fruits-730g-3335880000503.html;Confiture abricots Roussillon bio Prosain 730g;3335880000503;;298;2026-08-13 12:40:28
1817;762;Pur jus de raisin blanc Vitamont 1L;https://www.etiketbio.eu/jus-de-raisins/7299-vitamont-pur-jus-de-raisin-blanc-1l-3289196500243.html;Pur jus raisin blanc Vitamont 1L;3289196500243;;819;2026-08-13 12:07:08
1722;764;Pur jus de raisin rouge Vitamont 1L;https://www.etiketbio.eu/jus-de-raisins/7252-vitamont-tetra-pur-jus-de-raisins-rouge-20cl-3289196260291.html;Tetra pur jus de raisins rouge 20cl;3289196260291;;457;2026-08-13 11:59:43
1002;77147;Tartelettes chocolat noisettes Bisson 150g;https://www.etiketbio.eu/biscuits-au-chocolat/15192-bisson-tartelettes-chocolat-noisettes-150g-3380380087448.html;Tartelettes chocolat noisettes 150g;3380380087448;;727;2026-08-13 09:29:00
2313;77600;Thon listao à l'huile d'olive Phare D'Eckmühl 160g;https://www.etiketbio.eu/thon-bio-en-conserves/19302-phare-deckmuhl-thon-listao-a-lhuile-dolive-160g-3263670454017.html;Thon listao olive Phare d’Eckmühl;3263670454017;;329;2026-08-13 13:19:43
2377;77602;Rillettes de thon Phare d'Eckmühl 120g;https://www.etiketbio.eu/rillettes-terrines-de-poisson/6905-phare-deckmuhl-rillettes-de-thon-listao-120g-3263670395013.html;Rillettes de thon listao 120g;3263670395013;;505;2026-08-13 13:26:21
1935;77696;Sauce pizza à l'origan Prosain 290g;https://www.etiketbio.eu/sauce-tomate-preparee/22851-prosain-sauce-pizza-origan-290g-3335880007243.html;Sauce pizza origan bio Prosain 290g;3335880007243;;618;2026-08-13 12:27:30
2130;77962;Ecrasé de Lentilles corail, Potimarron & Carottes Soy 250g;https://www.etiketbio.eu/plats-prepares/16838-soy-ecrase-lentilles-potimarron-carotte-250g-3259011234783.html;Ecrase lentilles potimarron carotte 250g;3259011234783;;421;2026-08-13 12:36:35
1198;78002;Purée pommes fruits rouges Dani'Pom Danival 700g;https://www.etiketbio.eu/purees-de-fruits/14395-danival-dani-pom-pomme-fruits-rouges-700g-3431590014479.html;Dani pom pomme fruits rouges 700g;3431590014479;;321;2026-08-13 10:04:23
21;78303;Quinoa Blanc origine France Priméal 400g;https://www.etiketbio.eu/quinoa-bio/19286-primeal-quinoa-blanc-france-400g-3380380079634.html;Quinoa blanc France Priméal 400g;3380380079634;;741;2026-08-12 12:54:41
765;78312;Chocolat noir au sel rose de l'Himalaya Bonneterre 80g;https://www.etiketbio.eu/chocolat-noir-bio/16572-bonneterre-chocolat-noir-sel-himalaya-80g-3396411236204.html;Chocolat noir sel himalaya 80g;3396411236204;;321;2026-08-13 08:47:01
764;78313;Chocolat noir Inde Bonneterre 80g;https://www.etiketbio.eu/chocolat-noir-bio/16573-bonneterre-chocolat-noir-origine-inde-70-80g-3396411236235.html;Chocolat noir origine inde 70% 80g;3396411236235;;444;2026-08-13 08:46:44
1673;78433;Pur jus de cranberry Vitamont 50cl;https://www.etiketbio.eu/jus-de-cranberry-bio/7329-vitamont-pur-jus-de-cranberry-50cl-3289196800022.html;Pur jus cranberry bio Vitamont 50cl;3289196800022;;749;2026-08-13 11:56:58
1674;78434;Pur jus de myrtille sauvage Vitamont 50cl;https://www.etiketbio.eu/jus-de-fruits/7328-vitamont-pur-jus-de-myrtille-sauvage-50cl-3289196800015.html;Pur jus de myrtille sauvage 50cl;3289196800015;;751;2026-08-13 11:57:15
917;78853;Huile de coco vierge Bio Planète 950ml;https://www.etiketbio.eu/huile-de-coco/16312-bioplanete-huile-de-coco-950ml-4260355584235.html;Huile de Coco Vierge Bio 950ml – Bioplanète;4260355584235;;651;2026-08-13 09:21:14
399;79576;Savon noir en spray Ecodoo 750ml;https://www.etiketbio.eu/savon-noir/19213-ecodoo-savon-noir-en-spray-750ml-3380380089015.html;Savon noir en spray 750ml;3380380089015;;731;2026-08-12 15:42:18
389;79578;Vinaigre eucalyptus 20% Ecodoo 1L;https://www.etiketbio.eu/vinaigre-d-alcool-blanc/19212-ecodoo-vinaigre-senteur-eucalyptus-1l-3380380088995.html;Vinaigre eucalyptus 20% Ecodoo 1L;3380380088995;;1000;2026-08-12 15:40:40
407;80299;Café pur arabica Café Michel 100g;https://www.etiketbio.eu/cafe-soluble/11863-cafe-michel-cafe-lyophilise-pur-arabica-100g-9007220745026.html;Cafe lyophilise pur arabica 100g;9007220745026;;492;2026-08-13 07:43:18
1310;80549;Muesli croustillant nature Favrichon 1kg;https://www.etiketbio.eu/muesli-nature/19511-muesli-croustillant-intensement-nature-1kg-3111900410008.html;Muesli croustillant nature bio 1kg Favrichon;3111900410008;;794;2026-08-13 10:30:15
2261;80677;Huile essentielle gaulthérie couchée Herbes et Traditions;https://www.etiketbio.eu/gaultherie-bio/26147-herbe-et-traditions-huile-essentielle-gaultherie-couchee-10ml-3700006509701.html;Huile essentielle gaultherie couchee 10ml;3700006509701;;420;2026-08-13 12:59:26
1251;80962;Soupe de lentilles corail et épices Danival 72cl;https://www.etiketbio.eu/soupes-bio-pretes-a-deguster/21980-danival-soupe-indienne-curry-manakara-72cl-3431590015018.html;Soupe indienne curry Danival 72cl;3431590015018;;250;2026-08-13 10:15:35
629;81291;Boisson bio avoine amande Bonneterre 1L;https://www.etiketbio.eu/boisson-a-l-amande-bio/23818-bonneterre-boisson-avoine-amande-1l-3396411239496.html;Boisson  avoine amande 1l;3396411239496;;508;2026-08-13 08:26:20
2469;8150;Protéines de soja gros morceaux Markal 175g;https://www.etiketbio.eu/soja-bio-/15495-markal-proteine-de-soja-gros-morceaux-175g-3329487101756.html;Protéine soja gros morceaux 175g - Markal;3329487101756;;679;2026-08-13 13:41:15
2272;82000;Eau florale bleuet Herbes et Traditions 200ml;https://www.etiketbio.eu/eau-de-bleuet-bio/25969-herbe-et-traditions-hydrolats-bleuet-200ml-3700006510844.html;Hydrolats bleuet 200ml;3700006510844;;154;2026-08-13 13:02:39
2342;825;Avoine décortiquée Markal 500g;https://www.etiketbio.eu/cereales-en-grains/15410-markal-avoine-decortiquee-500g-3329482811209.html;Avoine décortiquée 500g - Markal;3329482811209;;1000;2026-08-13 13:22:27
2346;83208;Thon albacore au naturel Phare d'Eckmühl 400g;https://www.etiketbio.eu/thon-bio-en-conserves/6903-phare-deckmuhl-thon-albacore-naturel-400g-280g-egoutte-3263670335712.html;Thon albacore naturel (400g) 280g egoutte;3263670335712;;399;2026-08-13 13:22:53
626;83426;Spaghettis de konjac & riz Aromandise 150g;https://www.etiketbio.eu/specialites/30656-spaghettis-de-konjac-et-riz-150g-3560464010054.html;Spaghettis de Konjac bio 150g - Aromandise;3560464010054;;750;2026-08-13 08:22:57
2273;83436;Eau florale fleurs d'oranger Herbes et Traditions 200ml;https://www.etiketbio.eu/eau-de-fleur-d-oranger-bio/25965-herbe-et-traditions-hydrolat-fleur-oranger-200ml-3700006505864.html;Hydrolat fleur oranger 200ml;3700006505864;;55;2026-08-13 13:02:49
2271;83456;Eau florale rose Herbes et Traditions 200ml;https://www.etiketbio.eu/eau-de-rose-bio/25967-herbe-et-traditions-hydrolat-rose-200ml-3700006506021.html;Hydrolat rose 200ml;3700006506021;;120;2026-08-13 13:02:31
2347;835;Boulgour gros Markal 1kg;https://www.etiketbio.eu/boulgour-bio/14268-markal-boulgour-gros-1kg-3329482011128.html;Boulgour gros 1kg - Markal;3329482011128;;1000;2026-08-13 13:23:03
232;83615;Tisanes fraise gingembre Romon Nature 28,8g;https://www.etiketbio.eu/tisanes-en-sachets/25919-romon-nature-plantasia-tisane-rhubarbe-gingembre-fraise-bio-288gr-3554740101598.html;Tisane rhubarbe gingembre fraise bio 28.8gr;3554740101598;;329;2026-08-13 12:43:38
2496;845;Couscous complet Markal 1KG;https://www.etiketbio.eu/couscous-bio/15480-markal-couscous-complet-1kg-3329486411122.html;Couscous complet bio 1kg – Markal;3329486411122;;745;2026-08-13 13:44:54
772;84518;Haricots verts extra-fins Elibio 400g;https://www.etiketbio.eu/haricots-verts-haricots-beurre-bio/24191-elibio-haricots-verts-400g-3760294960202.html;Haricots verts bio Elibio 400g;3760294960202;;517;2026-08-13 08:48:00
1937;8466;Boisson bio au soja vanille Soy 1L;https://www.etiketbio.eu/boisson-au-soja/6795-soy-biosoy-vanille-1l-3259010500032.html;Boisson soja vanille 1L Soy;3259010500032;;632;2026-08-13 12:27:56
1511;84704;Lait écrémé en poudre Grandeur Nature 300g;https://www.etiketbio.eu/lait-de-vache-bio/25527-grandeur-nature-lait-poudre-1mg-300g-3252920034239.html;Lait poudre 1%mg 300g;3252920034239;;221;2026-08-13 10:59:49
1825;84997;Nectar de mangue Vitamont 25cl;https://www.etiketbio.eu/jus-de-fruits/25857-vitamont-mini-nectar-de-mangue-25cl-3289196400260.html;Mini nectar de mangue 25cl;3289196400260;;600;2026-08-13 12:08:17
786;85080;Tagliatelle Bonneterre 500g;https://www.etiketbio.eu/pate-blanche/8523-bonneterre-tagliatelle-blanche-500g-cc-3396410052300.html;Tagliatelle blanches bio 500g Bonneterre - Italie;3396410052300;;365;2026-08-13 08:52:04
102;85124;Sauce tomate provençale Priméal 510g;https://www.etiketbio.eu/sauce-tomate-preparee/19634-primeal-sauce-tomate-provencale-510g-3380380090004.html;Sauce provençale bio Priméal 510g;3380380090004;;672;2026-08-12 13:05:53
455;85129;Chocolat noir noisettes entières Kaoka 180g;https://www.etiketbio.eu/chocolat-noir-bio/23662-kaoka-tablettes-noir-noisettes-180gr-3477730051027.html;Tablettes noir noisettes 180gr;3477730051027;;183;2026-08-13 07:38:43
1522;85140;Graines à germer alfalfa trèfle radis Germline 150g;https://www.etiketbio.eu/graines-a-germer/17548-germline-alfalfa-trefle-radis-a-germer-3465511136155.html;Alfalfa Trèfle Radis Germline 150g;3465511136155;;500;2026-08-13 11:05:49
79;85176;Spaghetti blanc Priméal 1kg;https://www.etiketbio.eu/pate-blanche/22734-primeal-spaghetti-blancs-1kg-3380380092862.html;Spaghetti blancs 1kg;3380380092862;;404;2026-08-12 13:00:53
80;85177;Coquillettes blanches bio Priméal 1kg;https://www.etiketbio.eu/pate-blanche/22735-primeal-coquillettes-blanches-1kg-3380380092879.html;Coquillettes blanches 1kg;3380380092879;;484;2026-08-12 13:01:04
2177;85292;Keftas blé et soja vegan Soy 190g;https://www.etiketbio.eu/flocons-d-avoine-bio/20846-celnat-flocons-avoine-gros-500g-3273120010731.html;Flocons avoine gros 500 g – Celnat;3273120010731;;0;2026-08-13 12:39:28
2125;8605;Confiture extra de fraises Prosain 350g;https://www.etiketbio.eu/confiture-de-fruits-rouges/7697-prosain-confiture-fraise-350g-3335880001388.html;Confiture de fraise extra bio Prosain 350g;3335880001388;;670;2026-08-13 12:34:13
2353;861;Maïs pop corn Markal 500g;https://www.etiketbio.eu/cereales-en-grains/15507-markal-mais-pop-corn-500g-3329488631207.html;Maïs pop corn 500g - Markal;3329488631207;;1000;2026-08-13 13:23:38
1732;8616;Pur jus de tomate Vitamont 75cl;https://www.etiketbio.eu/jus-de-tomate/7287-vitamont-pur-jus-de-tomate-de-marmande-75cl-3289196500038.html;Pur jus tomate Marmande Vitamont 75cl;3289196500038;;686;2026-08-13 12:01:08
2475;862;Millet décortiqué Markal 1kg;https://www.etiketbio.eu/millet-bio/15405-markal-millet-decortique-1kg-3329482411126.html;Millet décortiqué 1kg Markal;3329482411126;;1000;2026-08-13 13:42:32
2362;865;Orge perlé Markal 500g;https://www.etiketbio.eu/orge-bio/15401-markal-orge-perle-500g-3329482231205.html;Orge perlé 500g - Markal;3329482231205;;1000;2026-08-13 13:24:47
2318;871;Sarrasin décortiqué grillé Kasha Markal 500g;https://www.etiketbio.eu/sarrasin-bio/15407-markal-sarrasin-decortique-grille-kasha-500g-3329482541205.html;Sarrasin décortiqué grillé Kasha bio 500g – Markal;3329482541205;;820;2026-08-13 13:20:26
2434;878;Flocons d'avoine gros Markal 500g;https://www.etiketbio.eu/flocons-d-avoine-bio/7586-markal-flocons-avoine-gros-500g-3329483611204.html;Flocons d'avoine gros 500g - Markal;3329483611204;;1000;2026-08-13 13:34:36
2471;879;Flocons d'avoine petits Markal 500g;https://www.etiketbio.eu/flocons-d-avoine-bio/7585-markal-flocons-davoine-petits-500g-cc-3329483601205.html;Flocons d'avoine petits 500g - Markal;3329483601205;;1000;2026-08-13 13:41:57
2444;881;Flocons d'épeautre Markal 500g;https://www.etiketbio.eu/flocons/24298-markal-flocons-depeautre-500g-3329483211206.html;Flocons d’épeautre 500g - Markal;3329483211206;;1000;2026-08-13 13:35:11
2513;886;Flocons de seigle Markal 500g;https://www.etiketbio.eu/flocons/15422-markal-flocons-de-seigle-500g-3329483801209.html;Flocons de seigle 500g - Markal;3329483801209;;1000;2026-08-13 13:46:45
927;88691;Petits sablés comté pavot Bio Soleil 100g;https://www.etiketbio.eu/pate-a-tartiner-praline-bio/30543-la-pate-a-tartiner-cacao-noisette-200g-3770008009653.html;Pâte à tartiner cacao noisette bio 200g – Funkie;3770008009653;;60;2026-08-13 09:22:47
2404;88721;Chips de pois chiche Le Pain des Fleurs 50g;https://www.etiketbio.eu/biscuits-sales-et-aperitif/21279-le-pain-des-fleurs-chips-aux-pois-chiches-50g-3380380093067.html;Chips pois chiches Pain des Fleurs 50g;3380380093067;;609;2026-08-13 13:30:20
2406;88722;Chips aux lentilles Le Pain des Fleurs 50g;https://www.etiketbio.eu/biscuits-sales-et-aperitif/20876-le-pain-des-fleurs-chips-aux-lentilles-50g-3380380093050.html;Chips lentilles Le Pain des Fleurs 50g;3380380093050;;831;2026-08-13 13:30:37
636;88760;Boisson amande grillée Bonneterre 1L;https://www.etiketbio.eu/boisson-a-l-amande-bio/22090-bonneterre-boisson-amande-grillee-1l-3396411240904.html;Boisson amande grillée 1L bio – Bonneterre;3396411240904;;789;2026-08-13 08:28:01
1282;88764;Boisson végétale à l'avoine sans sucre Evernat 1L;https://www.etiketbio.eu/boisson-a-l-avoine-bio/23820-evernat-boisson-douceur-avoine-s-sucre-evernat-1l-3396411241963.html;Boisson avoine sans sucre 1L bio Evernat;3396411241963;;440;2026-08-13 10:26:43
1263;88887;Recharge chicorée instantanée Favrichon 180g;https://www.etiketbio.eu/chicoree-bio/23978-favrichon-recharge-chicoree-180g-sans-sucres-ajoutes-sans-cafeine-sans-ble-3111900308503.html;Recharge chicorée bio Favrichon 180g;3111900308503;;640;2026-08-13 10:24:52
999;88985;Biscuits sablés tout chocolat Bisson 150g;https://www.etiketbio.eu/cookies-bio/21225-sables-gourmets-tout-chocolat-150g-3380380092299.html;Sablés Gourmets tout chocolat bio 150g Bisson;3380380092299;;581;2026-08-13 09:27:20
412;89056;Café Méxique Café Michel 1kg;https://www.etiketbio.eu/cafe-en-grains/9584-cafe-michel-cafe-mexique-grains-kg-3483981000103.html;Café Mexique grain bio 1kg – Terra Etica;3483981000103;;273;2026-08-13 07:43:19
103;89357;Tomates cerise entières Priméal 400g;https://www.etiketbio.eu/tomates-bio-en-conserve/19205-primeal-tomates-cerises-entieres-400g-3380380089541.html;Tomates cerises bio Priméal 400g;3380380089541;;494;2026-08-12 13:06:03
94;89360;Epinards bracnhe France Priméal 420g;https://www.etiketbio.eu/foie-vesicule-biliaire/21421-vitall-chlorophyle-magnesienne-200mg-60gel-3700195678776.html;Chlorophyle magnesienne 200mg 60gel;3700195678776;;0;2026-08-12 13:04:06
160;89397;Velouté butternut patates douces Priméal 1l;https://www.etiketbio.eu/soupes-bio-pretes-a-deguster/23659-primeal-veloute-butternut-et-patate-douce-1l-3380380090103.html;Velouté butternut patate douce Priméal 1L;3380380090103;;651;2026-08-12 13:16:03
2267;89539;Huile essentielle menthe poivrée Herbes et Tradition 30ml;https://www.etiketbio.eu/prevenir/30952-baume-respiration-bio-30ml-herbes-et-traditions-3700006510349.html;Baume Respiration Bio 30ml Herbes et Traditions;3700006510349;;231;2026-08-13 13:00:42
758;89886;Cookie tout chocolat Elibio 175g;https://www.etiketbio.eu/cookies-bio/24194-elibio-cookies-tout-chocolat-175g-3760294960288.html;Cookies tout chocolat 175g;3760294960288;;517;2026-08-13 08:45:28
479;90296;Café grand crus Destination 1KG;https://www.etiketbio.eu/cafe-en-grains/22082-destination-cafe-grands-crus-bio-grains-1kg-3700110048660.html;Cafe grands crus bio grains 1kg;3700110048660;;371;2026-08-13 07:39:25
1233;9084;Taboulé du moulin Danival 620g;https://www.etiketbio.eu/plats-prepares/25904-danival-taboule-du-moulin-620g-3431590002742.html;Taboule du moulin 620g;3431590002742;;677;2026-08-13 10:12:34
2266;90968;Huile essentielle orange douce Herbes et Traditions 30ml;https://www.etiketbio.eu/angoisse-stress/26997-huile-essentielle-orange-douce-30ml-3700006527095.html;Huile essentielle orange douce 30ml;3700006527095;;481;2026-08-13 13:00:33
2182;9141;Soyciss' fumées au boite de hêtre vegan Soy 4x40g;https://www.etiketbio.eu/peaux-seches-et-sensibles/10849-aagard-creme-propolis-10-30ml-4011245000089.html;Creme propolis 10% 30ml;4011245000089;;0;2026-08-13 12:40:53
2455;92041;Farine de lin Markal 500G;https://www.etiketbio.eu/farines-autres/28830-farine-de-lin-500g-3329486185009.html;Farine de lin 500g - Markal;3329486185009;;1000;2026-08-13 13:36:36
510;92121;Saucisse Toulouse Lentilles Luce 840g;https://www.etiketbio.eu/plats-prepares/22765-luce-saucisse-de-toulouse-lentilles-840g-3329489904027.html;Saucisse de toulouse lentilles 840g;3329489904027;;711;2026-08-13 07:49:36
2465;925;Riz Long Demi-Complet de Camargue Bio Markal 1KG;https://www.etiketbio.eu/riz-de-camargue-bio/15437-markal-riz-long-1-2-complet-camargue-1kg-3329485121121.html;Riz long 1/2 complet Camargue 1kg - Markal;3329485121121;;561;2026-08-13 13:39:50
1219;9255;Tamari sauce soja Danival 50cl;https://www.etiketbio.eu/sauce-soja-bio/26971-bio-tamari-50cl-3431590002810.html;Bio tamari 50cl;3431590002810;;249;2026-08-13 10:10:51
1088;92877;Mélange épices Arrabiata Cook 30g;https://www.etiketbio.eu/melanges-epices-bio/30766-melange-arrabiata-30g-cook-arcadie-3417960041672.html;Arrabiata bio Cook 30g;3417960041672;;393;2026-08-13 09:46:39
1087;92878;Épices du pêcheur Cook 30g;https://www.etiketbio.eu/melanges-epices-bio/23761-cook-epices-du-pecheur-30g-3417960041696.html;Épices du pêcheur bio Cook 30g;3417960041696;;774;2026-08-13 09:46:22
792;92989;Riz thaï demi complet Elibio 1kg;https://www.etiketbio.eu/riz-thai/24197-elibio-riz-thai-1-2-complet-1kg-3760294960677.html;Riz thaï demi-complet bio Elibio 1kg – jasmin;3760294960677;;640;2026-08-13 08:52:46
1042;93786;Shampoing famille aloe vera Coslys 1L;https://www.etiketbio.eu/gels-douche/29787-shammpoing-douche-cereales-1l-3538396153200.html;Shampoing Douche Céréales Coslys;3538396153200;;213;2026-08-13 09:40:14
1342;93787;Gel WC désinfectant Etamine du Lys 750ml;https://www.etiketbio.eu/entretien-wc/24057-etamine-du-lys-gel-wc-fraicheur-des-glaciers-750ml-3760312111128.html;Gel WC fraîcheur des glaciers 750ml Etamine du Lys;3760312111128;;459;2026-08-13 10:37:52
1347;93790;Lessive jasmin Etamine du Lys 1L;https://www.etiketbio.eu/lessive-liquide/19904-etamine-du-lys-lessive-fleur-cerisier-jasmin-litre-3538395301107.html;Lessive fleur cerisier jasmin 1L Etamine du Lys;3538395301107;;608;2026-08-13 10:40:24
1236;93864;Olivade verte Danival 100g;https://www.etiketbio.eu/pates-vegetaux/9280-danival-olivade-verte-100g-3431590009840.html;Olivade verte 100g;3431590009840;;614;2026-08-13 10:13:16
1235;93865;Marrons entiers Danival 320g;https://www.etiketbio.eu/conserves-de-legumes/12432-danival-marrons-entiers-au-naturel-320g-3431590002674.html;Marrons entiers au naturel 320g;3431590002674;;447;2026-08-13 10:13:08
1209;93866;Houmous Danival 100g;https://www.etiketbio.eu/produit-vegetal-a-tartiner/9281-danival-houmous-100g-3431590009857.html;Houmous 100g;3431590009857;;500;2026-08-13 10:06:48
2290;93889;Thon blanc mariné au citron basilic Phare d'Eckmühl 115g;https://www.etiketbio.eu/thon-bio-en-conserves/22728-phare-deckmuhl-thon-blanc-au-citron-vert-basilic-115g-3263670004687.html;Thon blanc citron basilic Phare d’Eckmühl;3263670004687;;561;2026-08-13 13:17:25
2311;93890;Thon mariné algues et graines de lin Phare d'Eckmühl 115g;https://www.etiketbio.eu/thon-bio-en-conserves/28705-thon-blanc-aux-algues-et-graines-de-lin-115g-3263670004670.html;Thon blanc algues lin Phare d’Eckmühl;3263670004670;;337;2026-08-13 13:19:10
2312;93894;Rillettes de saumon Phare d'Eckmühl 90g;https://www.etiketbio.eu/rillettes-terrines-de-poisson/20519-phare-deckmuhl-toastimer-de-saumon-aneth-et-citron-90g-3263670001525.html;Rillette de saumon 90g –  Phare d’Eckmühl;3263670001525;;822;2026-08-13 13:19:26
2357;939;Semoule complète de blé dur fine Markal 500g;https://www.etiketbio.eu/semoule-de-ble-dur-bio/15474-markal-semoule-complete-de-ble-dur-fine-500g-3329486331208.html;Semoule complète fine 500g - Markal;3329486331208;;536;2026-08-13 13:24:12
478;93912;Café guatemala Destination 500g;https://www.etiketbio.eu/cafe/23873-destination-cafe-equitable-guatemala-500g-3700110050496.html;Cafe equitable guatemala 500g;3700110050496;;575;2026-08-13 07:39:09
514;93919;Thé vert citron MH Destination 80g;https://www.etiketbio.eu/the-vert-parfume/24423-destination-the-vert-citron-equitable-vrac-80gr-3700110050601.html;The vert citron equitable vrac 80gr;3700110050601;;333;2026-08-13 07:50:18
577;93920;Thé vert exotique Destination 80G;https://www.etiketbio.eu/the-vert-parfume/24425-destination-the-vert-exotique-bio-80gr-3700110050625.html;The vert exotique bio 80gr;3700110050625;;488;2026-08-13 07:56:23
1864;94030;Jus de cranberry Vitamont 25cl;https://www.etiketbio.eu/jus-de-cranberry-bio/28710-pur-jus-de-cranberry-25cl-3289196400314.html;Pur jus cranberry bio Vitamont 25cl;3289196400314;;554;2026-08-13 12:13:06
99;94172;Pois chiches au naturel Priméal 660g;https://www.etiketbio.eu/pois-chiches-bio-en-conserve/13393-primeal-pois-chiches-au-naturel-720ml-3700477609689.html;Pois chiches bio Priméal 720ml;3700477609689;;348;2026-08-12 13:05:13
107;94175;Taboulé au chanvre Priméal 300G;https://www.etiketbio.eu/melanges-prparations/20024-primeal-taboule-au-chanvre-300g-3380380092213.html;Taboule au chanvre 300g;3380380092213;;681;2026-08-12 13:06:54
22;94176;Taboulé oriental Priméal 300g;https://www.etiketbio.eu/couscous-bio/20681-primeal-taboule-oriental-300g-3380380092664.html;Taboule oriental 300g;3380380092664;;630;2026-08-12 12:54:47
100;94189;Pousses haricots mungo Priméal 370ML;https://www.etiketbio.eu/conserves-de-legumes/25026-primeal-germes-de-soja-france-370ml-3380380095139.html;Germes de soja france 370ml;3380380095139;;95;2026-08-12 13:05:23
106;94191;Flageolets cuisinés Priméal 680g;https://www.etiketbio.eu/plats-prepares/13382-primeal-flageolets-cuisines-680g-3700477609122.html;Flageolets cuisines 680g;3700477609122;;643;2026-08-12 13:06:49
377;94195;Lessive Savon de Marseille 2L Ecodoo;https://www.etiketbio.eu/lessive-liquide/22964-ecodoo-lessive-marseille-2l-3380380099939.html;Lessive marseille 2l;3380380099939;;357;2026-08-12 15:38:36
317;94267;Huile de tournesol vierge Quintesens 1l;https://www.etiketbio.eu/hygiene-et-soins/19767-quintesens-huile-bebe-25cl-3700663000221.html;Huile bebe 25cl;3700663000221;;56;2026-08-12 15:21:16
2462;946;Graines de lin brun Markal 500g;https://www.etiketbio.eu/graines-de-lin-bio/12354-graines-de-lin-brun-500g-3329488811203.html;Graines de lin brun 500g - Markal;3329488811203;;1000;2026-08-13 13:39:33
378;94721;Lessive lavandin Ecodoo 2L;https://www.etiketbio.eu/lessive-liquide/22962-ecodoo-lessive-lavandin-2l-3380380099908.html;Lessive lavandin 2l;3380380099908;;633;2026-08-12 15:38:42
379;94722;Lessive sensitive Ecodoo 2L;https://www.etiketbio.eu/lessive-peaux-sensibles/22963-ecodoo-lessive-sensitive-0-2l-3380380099922.html;Lessive sensitive 0% 2l;3380380099922;;612;2026-08-12 15:39:17
375;94723;Assouplissant pêche Ecodoo 1L;https://www.etiketbio.eu/assouplissant/22966-ecodoo-assouplissant-peche-1l-3380380099960.html;Assouplissant peche 1l;3380380099960;;647;2026-08-12 15:38:25
376;94724;Assouplissant lavandin Ecodoo 2L;https://www.etiketbio.eu/assouplissant/22967-ecodoo-assouplissant-lavandin-1l-3380380099977.html;Assouplissant lavandin 1l;3380380099977;;421;2026-08-12 15:38:31
552;9476;Sucre de canne roux Destination 1kg;https://www.etiketbio.eu/sucres/19111-destination-sucre-roux-1kg-3700110071910.html;Sucre roux 1kg;3700110071910;;286;2026-08-13 07:52:02
1145;9494;Shampoing reflet et brillance Dermaclay 250ml;https://www.etiketbio.eu/shampooing/24506-dermaclay-shampooing-bio-reflet-et-brillance-250ml-3567730300260.html;Shampooing bio reflet et brillance 250ml;3567730300260;;549;2026-08-13 09:59:57
2493;950;Graines de tournesol décortiquées Markal 500g;https://www.etiketbio.eu/graines-de-tournesol/15499-markal-graines-de-tournesol-3329488411205.html;Graines de tournesol bio Markal 500g;3329488411205;;679;2026-08-13 13:44:06
369;95020;Flip'O maïs cacahuètes Pural 100g;https://www.etiketbio.eu/biscuits-aperitif/13050-puraliment-flipo-mais-arachides-100g-3184340006018.html;Flipo mais arachides 100g;3184340006018;;442;2026-08-12 15:31:54
2405;951;Sésame blond complet Markal 500g;https://www.etiketbio.eu/graines-de-sesame-bio/15501-markal-sesame-blond-complet-500g-3329488511202.html;Sésame blond complet 500g - Markal;3329488511202;;1000;2026-08-13 13:30:28
2402;952;Sésame complet grillé Markal 500g;https://www.etiketbio.eu/graines-de-sesame-bio/15503-markal-sesame-complet-grille-500g-3329488541209.html;Sésame complet grillé 500g - Markal;3329488541209;;1000;2026-08-13 13:29:55
2463;955;Flageolets verts Markal 500g;https://www.etiketbio.eu/haricots-bio/13268-markal-flageolets-500g-3329484111208.html;Flageolets verts 500g - Markal;3329484111208;;1000;2026-08-13 13:39:41
2403;956;Haricots rouges kidney Markal 500g;https://www.etiketbio.eu/haricots-bio/15424-markal-haricots-rouges-kidney-500g-3329484231203.html;Haricots rouges kidney 500g - Markal;3329484231203;;1000;2026-08-13 13:30:11
2397;957;Lentilles blondes Markal 500g;https://www.etiketbio.eu/lentilles-bio/15431-markal-lentilles-blondes-500g-3329484451205.html;Lentilles blondes 500g - Markal;3329484451205;;1000;2026-08-13 13:28:30
642;96098;Boisson bio noisette intense Bonneterre 1L;https://www.etiketbio.eu/boisson-aux-noisettes-bio/23830-bonneterre-noisette-intense-1l-3396411244742.html;Noisette intense 1l;3396411244742;;311;2026-08-13 08:30:15
641;96099;Boisson bio coco intense Bonneterre 1L;https://www.etiketbio.eu/boisson-a-la-coco-bio/23822-bonneterre-boisson-coco-intense-1l-3396411244681.html;Boisson coco intense 1l;3396411244681;;503;2026-08-13 08:29:58
2276;96235;Huile végétale d'argan Herbes et Traditions 50ml;https://www.etiketbio.eu/huile-visage-bio/26866-huile-vegetale-argan-50ml-3700006547598.html;Huile vegetale argan 50ml;3700006547598;;298;2026-08-13 13:03:39
1517;96502;Graines à germer fenugrec Germline 150g;https://www.etiketbio.eu/graines-a-germer/23337-germline-fenugrec-a-germer-150gr-3465511152155.html;Fenugrec à germer bio Germline 150g;3465511152155;;698;2026-08-13 11:03:53
2414;966;Haricot mungo Markal 500g;https://www.etiketbio.eu/haricots-bio/7598-markal-haricot-mungo-soja-vert-500g-3329484521205.html;Haricot mungo 500g - Markal;3329484521205;;1000;2026-08-13 13:31:46
2288;969;Farine de blé T80  Markal 1kg;https://www.etiketbio.eu/farines-de-ble/15466-markal-farine-de-ble-t80-1kg-3329486241125.html;Farine de blé T80 1kg - Markal;3329486241125;;1000;2026-08-13 13:17:00
2457;975;Farine de grand épeautre intégrale Markal 500g;https://www.etiketbio.eu/farine-d-epeautre-bio/7645-markal-farine-de-grand-epautre-integrale-500g-3329486521203.html;Farine grand épeautre intégrale 500g - Markal;3329486521203;;828;2026-08-13 13:37:27
2473;979;Farine de sarrasin intégrale Markal 500g;https://www.etiketbio.eu/farine-de-sarrasin-bio/7627-markal-farine-de-sarrasin-integrale-500g-3329486231201.html;Farine sarrasin intégrale 500g - Markal;3329486231201;;801;2026-08-13 13:42:14
482;98069;Café moulu pur arabica Mexique Destination 250g;https://www.etiketbio.eu/cafe-moulu/23871-destination-mexique-equitable-pur-arabica-moulu-250g-3700110049711.html;Mexique equitable pur arabica moulu 250g;3700110049711;;558;2026-08-13 07:41:05
1824;98821;Pur jus de pamplemousse blanc Vitamont 1l;https://www.etiketbio.eu/jus-d-orange-et-agrumes/7315-vitamont-pur-jus-de-pamplemousse-blanc-1l-3289196500526.html;Pur jus pamplemousse bio Vitamont 1L;3289196500526;;631;2026-08-13 12:08:00
925;98884;Barres noisettes raisins Bio Soleil x6;https://www.etiketbio.eu/barre-de-cereales/9110-biosoleil-barre-cereales-chocolat-noisette-raisin-x6-125g-3423720008045.html;Barre cereales chocolat noisette raisin x6 125g;3423720008045;;91;2026-08-13 09:22:13
625;99410;Maté vert sauvage Aromandise 350g;https://www.etiketbio.eu/tisanes-en-sachets/29390-mate-vert-sauvage-350-gr-3560468793113.html;Maté vert sauvage 350g Aromandise;3560468793113;;1000;2026-08-13 08:22:24
559;99880;Sirop d'agave Destination 500ml;https://www.etiketbio.eu/sirop-d-agave/24399-destination-sirop-dagave-equitable-500gr-3700110053312.html;Sirop d’agave bio Destination 500ml;3700110053312;;750;2026-08-13 07:53:59
483;99907;Café en grains pur arabica Mexique Destination 1kg;https://www.etiketbio.eu/cafe-en-grains/24428-destination-cafe-mexique-grains-pur-arabica-1kg-3700110052070.html;Cafe mexique grains pur arabica 1kg;3700110052070;;618;2026-08-13 07:41:22
